fold,commodity,week,y_true,y_pred,direction_true,direction_pred
1,Brent,2024-01-01,0.0128042724961581,0.0014345242031662065,1,1
2,Brent,2024-01-08,-0.0048549635568473,0.0017773060678556284,0,1
3,Brent,2024-01-15,-0.0016474043047124,0.014943986049141874,0,1
4,Brent,2024-01-22,0.0208991259964211,-0.011794242195693135,1,0
5,Brent,2024-01-29,-0.016094286493821,0.0022672769813943316,0,1
6,Brent,2024-02-05,0.0003669799819634,0.014509381329642631,1,1
7,Brent,2024-02-12,0.0056582490921943,0.0022541867639485017,1,1
8,Brent,2024-02-19,-0.0221814062625545,-0.0006747308442806542,0,0
9,Brent,2024-02-26,0.0195705103436763,-0.001074368913877093,1,0
10,Brent,2024-03-04,-0.0173074538160584,0.002589658454472601,0,1
11,Brent,2024-03-11,0.0029323815283201,0.0031432357574110925,1,1
12,Brent,2024-03-18,0.0005842293115932,0.001114913025420966,1,1
13,Brent,2024-03-25,0.0046120400901998,-0.002142306736874545,1,0
14,Brent,2024-04-01,-0.007721244832658,0.002831601306115415,0,1
15,Brent,2024-04-08,0.0008856618472537,-0.005894172069774366,1,0
16,Brent,2024-04-15,0.0009195613412885,-0.0025495201150584606,1,0
17,Brent,2024-04-22,0.0004482899966652,0.004866604354419319,1,1
18,Brent,2024-04-29,-0.0098333885457421,0.008539480995012474,0,1
19,Brent,2024-05-06,-0.0180941030418461,0.006576617023171864,0,1
20,Brent,2024-05-13,0.0066889588913739,0.008091689917743904,1,1
21,Brent,2024-05-20,0.007453154438518,0.0023000841046612198,1,1
22,Brent,2024-05-27,-0.0072405830651882,0.0026687416491548415,0,1
23,Brent,2024-06-03,-0.0076522104543112,0.002169069789611699,0,1
24,Brent,2024-06-10,0.0058267141143799,0.00985059160019337,1,1
25,Brent,2024-06-17,-0.0069099528779071,-0.0047251244085212305,0,0
26,Brent,2024-06-24,-0.0191326340860154,0.006343897221882689,0,1
27,Brent,2024-07-01,-0.0032224539482198,-0.007466451694311693,0,0
28,Brent,2024-07-08,-0.0065642900653127,-0.00944116194793062,0,0
29,Brent,2024-07-15,-0.0235052420692167,-0.0006528089181674426,0,0
30,Brent,2024-07-22,-0.0174960156510215,-0.003294750474603792,0,0
31,Brent,2024-07-29,-0.0330230466591604,-0.005488429233702452,0,0
32,Brent,2024-08-05,0.0083186266371749,-0.005991648003489371,1,0
33,Brent,2024-08-12,-0.0163131387174073,-0.00045078393430488103,0,0
34,Brent,2024-08-19,0.028127613887512,0.00014915658471147814,1,1
35,Brent,2024-08-26,-0.0336326990272523,0.005494104364933091,0,1
36,Brent,2024-09-02,-0.0184254277674575,0.011249497351931129,0,1
37,Brent,2024-09-09,-0.0048480752203794,0.0017804319644104535,0,1
38,Brent,2024-09-16,-0.0016037843276815,0.0005304017881236681,0,1
39,Brent,2024-09-23,0.008386944582963,-0.00031933673212139945,1,0
40,Brent,2024-09-30,0.0002564650329562,-0.000384445697376049,1,0
41,Brent,2024-10-07,-0.0079833773246827,-0.0029984545042510058,0,0
42,Brent,2024-10-14,-0.0186920963097097,-0.005759428892989606,0,0
43,Brent,2024-10-21,-0.0074049889422953,0.006626952151629745,0,1
44,Brent,2024-10-28,-0.0054104540860947,-0.0028270614675014916,0,0
45,Brent,2024-11-04,-0.0238521135500896,0.008887022252089037,0,1
46,Brent,2024-11-11,-0.0216323148735456,-0.005561210699455874,0,0
47,Brent,2024-11-18,0.0123078231779541,-0.0037358184976592273,1,0
48,Brent,2024-11-25,-0.0163144823732637,-0.01915564155362737,0,0
49,Brent,2024-12-02,-0.0157813101413658,-0.021436501123777207,0,0
50,Brent,2024-12-09,0.0146007976164931,0.005788152496283547,1,1
51,Brent,2024-12-16,0.0016490693008391,-0.007096085197463552,1,0
52,Brent,2024-12-23,0.0147930219766038,-0.00583600834291282,1,0
53,Brent,2024-12-30,0.009049767601652,0.0038443351291303947,1,1
54,Brent,2025-01-06,0.0298568226834604,-0.0001939850032052473,1,0
55,Brent,2025-01-13,-0.0045608105829617,-0.009016220400990739,0,0
56,Brent,2025-01-20,0.0085662583156276,0.009497948856129135,1,1
57,Brent,2025-01-27,-0.0023404029085335,-0.0035919647238744023,0,0
58,Brent,2025-02-03,0.0045717972889529,-0.004581344153640395,1,0
59,Brent,2025-02-10,-0.0080064276787948,0.02376102100205972,0,1
60,Brent,2025-02-17,-0.0352265289108819,0.004987117826292091,0,1
61,Brent,2025-02-24,-0.0089919359050078,0.01246411112625711,0,1
62,Brent,2025-03-03,0.0151627163332935,-0.016028052470976217,1,0
63,Brent,2025-03-10,0.008525179013007,0.009446712105814336,1,1
64,Brent,2025-03-17,-0.0004155149077024,0.011267092618343768,0,1
65,Brent,2025-03-24,-0.008679189390984,-0.011688334210586196,0,0
66,Brent,2025-03-31,-0.074625946417598,0.019829915001924273,0,1
67,Brent,2025-04-07,0.0224413130424762,-0.01112443777212197,1,0
68,Brent,2025-04-14,0.0264608701062178,0.005539331572233831,1,1
69,Brent,2025-04-21,0.0095680113316543,0.00361470883831376,1,1
70,Brent,2025-04-28,-0.0390527055139642,0.002410343176989089,0,1
71,Brent,2025-05-05,0.0153753159263328,0.004773195878432943,1,1
72,Brent,2025-05-12,0.0104664697549625,-0.007114660235446123,1,0
73,Brent,2025-05-19,0.0154993811404972,-0.008240575081921078,1,0
74,Brent,2025-05-26,-0.0122971559956942,-0.004788879118903806,0,0
75,Brent,2025-06-02,0.0212451325087436,0.0016925762798325368,1,1
76,Brent,2025-06-09,0.0889898907934106,-0.006420813620179256,1,0
77,Brent,2025-06-16,0.0498405750513623,0.020789518744215713,1,1
78,Brent,2025-06-23,-0.0116925913134037,0.025575721419610568,0,1
79,Brent,2025-06-30,-0.0175931376038686,0.012215585930254354,0,1
80,Brent,2025-07-07,0.0220765983188472,0.007625165187165916,1,1
81,Brent,2025-07-14,-0.0048997985459147,0.009626897757375947,0,1
82,Brent,2025-07-21,-0.0114718588566518,-0.005132116329016776,0,0
83,Brent,2025-07-28,-0.039360010071227,0.0061301076714180835,0,1
84,Brent,2025-08-04,-0.0022621817322936,-0.00199297099755437,0,0
85,Brent,2025-08-11,-0.0128062933380842,-0.005585691530851083,0,0
86,Brent,2025-08-18,0.0032480996044475,0.006172678121531995,1,1
87,Brent,2025-08-25,-0.0122339475017485,-0.005502003181997285,0,0
88,Brent,2025-09-01,-0.0155298835677761,-0.018669850390637708,0,0
89,Brent,2025-09-08,0.0136301618940746,0.004245437425529989,1,1
90,Brent,2025-09-15,-0.0117797668965724,-0.005998880093157094,0,0
91,Brent,2025-09-22,-0.0033052517058425,-0.0017848342533927672,0,0
92,Brent,2025-09-29,0.0080545143005377,-0.01104552391505925,1,0
93,Brent,2025-10-06,-0.0391163772285198,-0.007041371773384855,0,0
94,Brent,2025-10-13,0.0052227912491217,-0.00034768712730979265,1,0
95,Brent,2025-10-20,0.0059032847622607,0.00447947766454792,1,1
96,Brent,2025-10-27,0.0049299082372842,-0.005076333732571459,1,0
97,Brent,2025-11-03,0.0007853489422652,-0.009975413466663193,1,0
98,Brent,2025-11-10,0.0152674317956322,-0.0011592251010484127,1,0
99,Brent,2025-11-17,-0.0090699911101932,-0.004646508670149523,0,0
100,Brent,2025-11-24,-0.0083467651232507,0.06687800723837235,0,1
101,Henry_Hub,2024-01-01,0.0362421088810861,-0.0034418167388082983,1,0
102,Henry_Hub,2024-01-08,-0.0016049159226543,-0.02104317241032557,0,0
103,Henry_Hub,2024-01-15,-0.130585794925567,0.06596184733096772,0,1
104,Henry_Hub,2024-01-22,0.0276166413148789,0.005129646809438041,1,1
105,Henry_Hub,2024-01-29,0.0268988345512972,-0.0033343358959648786,1,0
106,Henry_Hub,2024-02-05,-0.0433672531151781,-0.020812953362701524,0,0
107,Henry_Hub,2024-02-12,-0.0358782842392588,-0.012613579234764374,0,0
108,Henry_Hub,2024-02-19,-0.0366688254061319,-0.00585994996440822,0,0
109,Henry_Hub,2024-02-26,0.0112753020154235,-0.008679084461121018,1,0
110,Henry_Hub,2024-03-04,0.0049985907215116,-0.0047169341941963394,1,0
111,Henry_Hub,2024-03-11,-0.0394711477991346,0.0017878953542853372,0,1
112,Henry_Hub,2024-03-18,-0.0119475618497799,-0.00016809383248372553,0,0
113,Henry_Hub,2024-03-25,0.0218902678420251,-0.021600957896131062,1,0
114,Henry_Hub,2024-04-01,-0.0050718975333106,0.00747983162120201,0,1
115,Henry_Hub,2024-04-08,0.0028256562183368,0.005198995381066488,1,1
116,Henry_Hub,2024-04-15,0.0136909891756688,0.009044540440323058,1,1
117,Henry_Hub,2024-04-22,0.1702265124421837,-0.005600742099230997,1,0
118,Henry_Hub,2024-04-29,0.0661989698858746,0.015505222099914418,1,1
119,Henry_Hub,2024-05-06,-0.0250177290778906,0.0008685614705101711,0,1
120,Henry_Hub,2024-05-13,0.0668729219138224,0.009626362052715231,1,1
121,Henry_Hub,2024-05-20,-0.0668331656252552,0.0030153745398356206,0,1
122,Henry_Hub,2024-05-27,0.0287651851675515,0.04162711197143194,1,1
123,Henry_Hub,2024-06-03,0.0573163868606088,0.01497947980254153,1,1
124,Henry_Hub,2024-06-10,-0.0260115404581716,-0.0029279857755079046,0,0
125,Henry_Hub,2024-06-17,-0.020389892131315,0.006875859375437369,0,1
126,Henry_Hub,2024-06-24,-0.0477544049204651,0.005490612581482044,0,1
127,Henry_Hub,2024-07-01,-0.064400856440697,-0.020152933913827834,0,0
128,Henry_Hub,2024-07-08,0.0026431918525728,-0.004911310943695837,1,0
129,Henry_Hub,2024-07-15,0.0071548622059976,0.014200733089388398,1,1
130,Henry_Hub,2024-07-22,-0.0176995833237788,0.003049936518862562,0,1
131,Henry_Hub,2024-07-29,-0.0177895243169178,0.01190763878042576,0,1
132,Henry_Hub,2024-08-05,0.010175885113181,-0.014838942345151956,1,0
133,Henry_Hub,2024-08-12,-0.0369556719219998,0.00449155771269267,0,1
134,Henry_Hub,2024-08-19,-0.0280461971340579,-0.006131666695725354,0,0
135,Henry_Hub,2024-08-26,0.0004660580585553,-0.027980578331563484,1,0
136,Henry_Hub,2024-09-02,-0.0182999482499425,0.015532731410266587,0,1
137,Henry_Hub,2024-09-09,-0.0278927409324252,-0.0025547950546447313,0,0
138,Henry_Hub,2024-09-16,0.0431601652764697,-0.0022939748737877343,1,0
139,Henry_Hub,2024-09-23,0.0549491310245012,-0.002959925259393921,1,0
140,Henry_Hub,2024-09-30,-0.0496825374124658,-0.01690054728586024,0,0
141,Henry_Hub,2024-10-07,-0.0237254444168677,-0.012106927959273713,0,0
142,Henry_Hub,2024-10-14,-0.0564824871612983,-0.016960290715518207,0,0
143,Henry_Hub,2024-10-21,-0.0103256614006334,-0.0022732288529084418,0,0
144,Henry_Hub,2024-10-28,-0.0539849673972485,-0.0037612475349683176,0,0
145,Henry_Hub,2024-11-04,0.0278202332013435,0.0037489855057880597,1,1
146,Henry_Hub,2024-11-11,0.0562537914673702,-0.022097236585580948,1,0
147,Henry_Hub,2024-11-18,-0.0100801796460996,-0.005096908910231941,0,0
148,Henry_Hub,2024-11-25,0.0077943015062561,-0.010596925048775463,1,0
149,Henry_Hub,2024-12-02,0.0545274815336419,-0.03405919242382219,1,0
150,Henry_Hub,2024-12-09,-0.0744194222396879,-0.03284292033523043,0,0
151,Henry_Hub,2024-12-16,0.0632126125361346,-0.014630908563498366,1,0
152,Henry_Hub,2024-12-23,-0.0135797718990125,-0.008750118933294545,0,0
153,Henry_Hub,2024-12-30,-0.0318454191146754,0.009318222618559323,0,1
154,Henry_Hub,2025-01-06,0.1587236517542808,-0.030803417503851967,1,0
155,Henry_Hub,2025-01-13,-0.1150123788791167,-0.02028172220073032,0,0
156,Henry_Hub,2025-01-20,-0.0383566061918955,0.0021703417499277186,0,1
157,Henry_Hub,2025-01-27,0.0472278944289408,0.00700943310871894,1,1
158,Henry_Hub,2025-02-03,0.0076628092074863,-0.030079589407247007,1,0
159,Henry_Hub,2025-02-10,-0.0099119788584614,-0.01868639141614876,0,0
160,Henry_Hub,2025-02-17,-0.0264610003994047,0.0048948434085652704,0,1
161,Henry_Hub,2025-02-24,-0.0414674204121574,-0.011297537761997378,0,0
162,Henry_Hub,2025-03-03,0.0413631995387086,-0.007510245685194533,1,0
163,Henry_Hub,2025-03-10,0.0205789011989621,0.0009669561258617785,1,1
164,Henry_Hub,2025-03-17,-0.0206613268419381,0.0030314069675980186,0,1
165,Henry_Hub,2025-03-24,0.0645385591992852,0.012357613542578378,1,1
166,Henry_Hub,2025-03-31,-0.0777187548472274,-0.013216766375296157,0,0
167,Henry_Hub,2025-04-07,-0.0056980156960336,-0.0016934004055805117,0,0
168,Henry_Hub,2025-04-14,-0.0198149298286924,-0.001778520113285774,0,0
169,Henry_Hub,2025-04-21,-0.0188911091975624,-0.021099673200372888,0,0
170,Henry_Hub,2025-04-28,0.0632499386662902,-0.01119473444197119,1,0
171,Henry_Hub,2025-05-05,0.0416501629582274,0.003242286101765598,1,1
172,Henry_Hub,2025-05-12,-0.0310218898384278,-0.009929927638769617,0,0
173,Henry_Hub,2025-05-19,0.0279339190691927,0.009711033640742502,1,1
174,Henry_Hub,2025-05-26,-0.0096647023587003,-0.011916525339436265,0,0
175,Henry_Hub,2025-06-02,0.0179060624616261,0.010070719066947446,1,1
176,Henry_Hub,2025-06-09,0.0450041738658004,-0.001319586424047075,1,0
177,Henry_Hub,2025-06-16,-0.0090749335586162,-0.009350355645348146,0,0
178,Henry_Hub,2025-06-23,0.056449927657662,0.004674414515346987,1,1
179,Henry_Hub,2025-06-30,-0.0174897042561173,0.00992606957455488,0,1
180,Henry_Hub,2025-07-07,0.0115232576678283,0.0067807145923667635,1,1
181,Henry_Hub,2025-07-14,-0.0157528866700039,-0.007767785630487835,0,0
182,Henry_Hub,2025-07-21,-0.0054812197236155,-0.006846167305873594,0,0
183,Henry_Hub,2025-07-28,-0.0113544926702463,-0.005809912987534307,0,0
184,Henry_Hub,2025-08-04,-0.0638906383792638,-0.008348377709021821,0,0
185,Henry_Hub,2025-08-11,0.009429156236365,0.005617208156635745,1,1
186,Henry_Hub,2025-08-18,-0.0638514822317614,-0.01236222985156251,0,0
187,Henry_Hub,2025-08-25,-0.0043646239934138,0.010539782749495411,0,1
188,Henry_Hub,2025-09-01,0.0029196531947347,-0.0074908934373510575,1,0
189,Henry_Hub,2025-09-08,0.0112456433406354,-0.033964222898835134,1,0
190,Henry_Hub,2025-09-15,-0.0102599984701314,-0.012569087178250938,0,0
191,Henry_Hub,2025-09-22,0.0782448096784349,0.006979004770875816,1,1
192,Henry_Hub,2025-09-29,-0.0336692471972406,-0.02197629792948215,0,0
193,Henry_Hub,2025-10-06,-0.0438625847831722,0.003956784220770108,0,1
194,Henry_Hub,2025-10-13,0.076935711747046,-0.02254452698171167,1,0
195,Henry_Hub,2025-10-20,0.0373456384010781,-0.0065862977744409745,1,0
196,Henry_Hub,2025-10-27,0.0240858208271037,-0.011548237518277337,1,0
197,Henry_Hub,2025-11-03,0.0150682961931236,-0.02009132700133193,1,0
198,Henry_Hub,2025-11-10,-0.0144612473846481,-0.01006010212521102,0,0
199,Henry_Hub,2025-11-17,-0.0053606764558147,0.01187335012390852,0,1
200,Henry_Hub,2025-11-24,0.0779559374161544,0.0666135205265557,1,1
201,Power,2024-01-01,-1.6380593947611384,-0.6403564968409976,0,0
202,Power,2024-01-08,2.7268347376220654,-0.7993970582743088,1,0
203,Power,2024-01-15,0.4839053026987803,-3.6088832648222904,1,0
204,Power,2024-01-22,-0.939088411461964,-0.16535205920454515,0,0
205,Power,2024-01-29,-1.86406490095107,-0.03130795540111958,0,0
206,Power,2024-02-05,1.35618455964852,-0.6236262573615595,0,0
207,Power,2024-02-12,-1.3968847719268451,0.05533425728610178,0,1
208,Power,2024-02-19,1.9084195401398147,0.5256492513504973,1,1
209,Power,2024-02-26,0.1161065893291311,0.22946084399267502,1,1
210,Power,2024-03-04,-1.4894711588437164,-2.027829152231818,0,0
211,Power,2024-03-11,-0.7100732655218404,0.36705933624244497,0,1
212,Power,2024-03-18,2.23907168727172,-0.26018548163391647,1,0
213,Power,2024-03-25,-0.3279559715897208,-0.4132175573137018,0,0
214,Power,2024-04-01,-0.2064618055539403,0.527820350002833,0,1
215,Power,2024-04-08,0.2634603265830141,0.1658646372670554,1,1
216,Power,2024-04-15,0.3965761606909183,-1.01394972085884,1,0
217,Power,2024-04-22,-0.7241145431018349,-0.2591069425143463,0,0
218,Power,2024-04-29,-0.5912840454342897,0.9058936155207453,0,1
219,Power,2024-05-06,1.4392598966998031,-0.42595653696234403,1,0
220,Power,2024-05-13,-0.0814221047196428,-0.04802323252451107,0,0
221,Power,2024-05-20,0.7584861084333788,0.26332855253098675,1,1
222,Power,2024-05-27,0.031920481250086,-0.24209750151412346,1,0
223,Power,2024-06-03,0.6047567691205805,0.030986857321933875,1,1
224,Power,2024-06-10,0.0945488996457536,-0.3809721685045453,1,0
225,Power,2024-06-17,0.1809837639522947,0.0076845382940160245,1,1
226,Power,2024-06-24,-0.1019141128270005,0.16681892959380587,0,1
227,Power,2024-07-01,-0.1018675803504838,0.2650065226123227,0,1
228,Power,2024-07-08,0.2273045444761046,-0.013667579741674346,1,0
229,Power,2024-07-15,0.2709438507560478,-0.1623098816349476,1,0
230,Power,2024-07-22,0.0426527199539873,-0.2619987797292927,1,0
231,Power,2024-07-29,-0.4655097855259615,-0.16899620238331312,0,0
232,Power,2024-08-05,-0.2979888292309742,-0.1302387245073614,0,0
233,Power,2024-08-12,-0.1452353161693058,0.03731679410924295,0,1
234,Power,2024-08-19,0.2133562875725785,0.1728360878916234,1,1
235,Power,2024-08-26,-0.4178162281278073,-0.6530738366284055,0,0
236,Power,2024-09-02,0.0236877155077502,-0.37460517983623803,1,0
237,Power,2024-09-09,-0.0736206189592228,0.01927884726324118,0,1
238,Power,2024-09-16,0.0473846188359087,-0.14126921986010807,1,0
239,Power,2024-09-23,-0.2147863441074879,-0.5524097913229942,0,0
240,Power,2024-09-30,0.1884833589077636,-0.43860573447793505,1,0
241,Power,2024-10-07,0.5315921065584771,-0.1108890626467779,1,0
242,Power,2024-10-14,-0.5080474934276046,0.16544158192747488,0,1
243,Power,2024-10-21,-1.1504546941958218,-0.34535894695272307,0,0
244,Power,2024-10-28,-0.0619452964327988,-0.225284783026518,0,0
245,Power,2024-11-04,0.3679995903362462,-0.3392986422763609,1,0
246,Power,2024-11-11,1.6917933540178394,0.40740161733723246,1,1
247,Power,2024-11-18,-0.494179912923126,-0.5980252214053916,0,0
248,Power,2024-11-25,-0.0852356248102021,-0.17724515111020667,0,0
249,Power,2024-12-02,-0.8846104973119945,-0.526792386039245,0,0
250,Power,2024-12-09,-0.2414334640651274,0.12355707909140286,0,1
251,Power,2024-12-16,-0.8507161996698777,-0.3765469362602387,0,0
252,Power,2024-12-23,0.6446528306213349,-0.19832060582482877,0,0
253,Power,2024-12-30,3.42045519826657,0.8865522912676593,1,1
254,Power,2025-01-06,0.0,-0.535695316767475,0,0
255,Power,2025-01-13,1.2933083584413732,0.23301940059706736,1,1
256,Power,2025-01-20,-0.0878971323310709,-0.6023168812464853,0,0
257,Power,2025-01-27,-0.596238501614121,0.20082907086413246,0,1
258,Power,2025-02-03,-0.2977502652887026,-0.33014799757378743,0,0
259,Power,2025-02-10,-0.1789974540101159,-0.1323174168370001,0,0
260,Power,2025-02-17,0.20917205740563,-0.49860431854564874,1,0
261,Power,2025-02-24,0.4005007789553859,-0.28912117397124976,1,0
262,Power,2025-03-03,0.699650711954261,-0.49118077845042674,1,0
263,Power,2025-03-10,-0.7347088361751187,-0.09850361260227036,0,0
264,Power,2025-03-17,0.5833576794907861,0.5006544323934847,1,1
265,Power,2025-03-24,-0.0230431662933811,-0.09780545745215238,0,0
266,Power,2025-03-31,0.8900457101006729,-0.004526645485541207,1,0
267,Power,2025-04-07,0.2070372005108949,0.15450446210505775,1,1
268,Power,2025-04-14,0.7008308341815677,-0.010574732703672436,1,0
269,Power,2025-04-21,-0.0158011427371082,-0.12148634749311447,0,0
270,Power,2025-04-28,-0.1923980840278742,0.17260043412596468,0,1
271,Power,2025-05-05,-0.1246449933123145,-0.1985579190617905,0,0
272,Power,2025-05-12,0.0242486797511506,0.3660930452426636,1,1
273,Power,2025-05-19,0.0805348527885686,0.18082536745776556,1,1
274,Power,2025-05-26,-0.0358115113286058,-0.2450519247850826,0,0
275,Power,2025-06-02,-0.2686136980862657,0.15553009330243173,0,1
276,Power,2025-06-09,0.1941560144409574,-0.18388341603121136,1,0
277,Power,2025-06-16,-0.1024226409101547,0.2506403538250143,0,1
278,Power,2025-06-23,-0.0492407161031632,0.11442029582035057,0,1
279,Power,2025-06-30,-0.132419993258464,-0.2005973303452731,0,0
280,Power,2025-07-07,-0.316927056427734,-0.04315285135356149,0,0
281,Power,2025-07-14,0.0394599257229318,0.2232532663499449,1,1
282,Power,2025-07-21,0.0820550338462537,0.038254927398186804,1,1
283,Power,2025-07-28,-0.0632666919782163,-0.2383493766267531,0,0
284,Power,2025-08-04,0.1015165032364191,0.143693766087285,1,1
285,Power,2025-08-11,0.0946894473200857,-0.039361817457873316,1,0
286,Power,2025-08-18,-0.2094865033657424,-0.3656872691914105,0,0
287,Power,2025-08-25,0.1708227716063641,0.030078003723705116,1,1
288,Power,2025-09-01,-0.4344045997745634,-0.21192839582805978,0,0
289,Power,2025-09-08,0.2151989655607087,0.04703078671580976,1,1
290,Power,2025-09-15,-0.0766188014183135,-0.05658314765766008,0,0
291,Power,2025-09-22,-0.0753494372417867,-0.1740505227532009,0,0
292,Power,2025-09-29,-0.0652308022313322,-0.009901480384683997,0,0
293,Power,2025-10-06,0.0816972165867173,-0.3287870890040886,1,0
294,Power,2025-10-13,-0.5338606279923803,-0.08555897329912392,0,0
295,Power,2025-10-20,-0.9060077103281118,-0.9562860163915637,0,0
296,Power,2025-10-27,-1.03899370315383,-0.3663625817786239,0,0
297,Power,2025-11-03,0.8326855593303276,-0.34577143294026863,0,0
298,Copper,2024-01-01,-0.0093060636212884,0.00868692619555084,0,1
299,Copper,2024-01-08,-0.0063576186537788,0.0033035531875976543,0,1
300,Copper,2024-01-15,-0.0001328895613973,0.004248163959084525,0,1
301,Copper,2024-01-22,-0.0067480202572043,-0.006063789111199856,0,0
302,Copper,2024-01-29,-0.0117571146706822,-0.0030030072277020606,0,0
303,Copper,2024-02-05,0.006605994532295,0.0005543745664767543,1,1
304,Copper,2024-02-12,0.0103991480981062,-0.0023084457306278014,1,0
305,Copper,2024-02-19,-0.0053243897162957,-0.005696723373141814,0,0
306,Copper,2024-02-26,0.0018221974071005,0.001197026646272114,1,1
307,Copper,2024-03-04,-0.007816026655969,-0.002073932003801829,0,0
308,Copper,2024-03-11,0.0158372602624791,-0.006157993198342145,1,0
309,Copper,2024-03-18,-0.0052369561812471,-0.0014005964144156073,0,0
310,Copper,2024-03-25,0.0134678270365978,-0.0011770443338804718,1,0
311,Copper,2024-04-01,-0.0137753247551394,-0.006665520895439891,0,0
312,Copper,2024-04-08,0.009859014666697,-0.00517179058985869,1,0
313,Copper,2024-04-15,0.0080708374243434,-0.004947805935068607,1,0
314,Copper,2024-04-22,-0.0111987786273028,-0.0015807830970282865,0,0
315,Copper,2024-04-29,0.0171301137621961,0.0034120202746662984,1,1
316,Copper,2024-05-06,0.0085726977649697,0.0008071744316671722,1,1
317,Copper,2024-05-13,0.0650522939117501,-0.0028391155621400083,1,0
318,Copper,2024-05-20,0.0098146628041112,0.02609634354249625,1,1
319,Copper,2024-05-27,0.0097613648275854,0.012535564528822507,1,1
320,Copper,2024-06-03,-0.0188162805622878,0.012516290577110043,0,1
321,Copper,2024-06-10,-0.0101252159976479,0.005766201340062775,0,1
322,Copper,2024-06-17,-0.0258895936226519,-0.0019280608561163932,0,0
323,Copper,2024-06-24,0.0142286447705785,0.0014282086235750716,1,1
324,Copper,2024-07-01,0.0142032442727254,-0.0026661380060575115,1,0
325,Copper,2024-07-08,0.0111119231675202,0.005243078785725193,1,1
326,Copper,2024-07-15,-0.007791325795816,0.003107781401060365,0,1
327,Copper,2024-07-22,-0.0116174053946397,-0.0022400251349120404,0,0
328,Copper,2024-07-29,-0.0018276390536752,-0.006090997357701045,0,0
329,Copper,2024-08-05,0.0135238475898263,0.003713828702992073,1,1
330,Copper,2024-08-12,0.0173116907178484,-0.00013220444374179236,1,0
331,Copper,2024-08-19,0.0013106135711426,-0.0011569880097924347,1,0
332,Copper,2024-08-26,-0.0075634821024971,0.001831689980079484,0,1
333,Copper,2024-09-02,-0.0081231197118319,0.012068109655372175,0,1
334,Copper,2024-09-09,0.0123376650298846,0.003929137853115232,1,1
335,Copper,2024-09-16,-0.015759414870069,0.0009155417003272271,0,1
336,Copper,2024-09-23,0.0093713709789113,0.0026840210374811163,1,1
337,Copper,2024-09-30,0.0021067872425483,0.008314248921756754,1,1
338,Copper,2024-10-07,-0.0126779224273994,0.00026778153944953813,0,1
339,Copper,2024-10-14,-0.0001149427618637,-0.0027060494111901734,0,0
340,Copper,2024-10-21,0.0063669027740024,-0.010397874768218678,1,0
341,Copper,2024-10-28,0.0036671584333273,-0.0029278406548970265,1,0
342,Copper,2024-11-04,-0.0189780787457149,0.0056365473391867885,0,1
343,Copper,2024-11-11,-0.0149019169631093,-0.00030065221618290425,0,0
344,Copper,2024-11-18,0.0063569949819566,-0.003858941323470486,1,0
345,Copper,2024-11-25,-0.001349571294201,-0.0019388813133165103,0,0
346,Copper,2024-12-02,0.000724672729563,0.001125484630221019,1,1
347,Copper,2024-12-09,-0.0110697802019505,0.0019755233175165355,0,1
348,Copper,2024-12-16,-0.0001240657739425,-0.0005918735079200388,0,0
349,Copper,2024-12-23,0.0069926260079527,-0.010356210707885671,1,0
350,Copper,2024-12-30,0.0198803588340309,-0.0016617203988184828,1,0
351,Copper,2025-01-06,-0.0055788539839438,-0.0057910465456782415,0,0
352,Copper,2025-01-13,-0.0091230463470173,-0.0025645270928161936,0,0
353,Copper,2025-01-20,-0.0242605990565108,-0.008597648737104918,0,0
354,Copper,2025-01-27,-0.0051588428329619,-0.004952706023176774,0,0
355,Copper,2025-02-03,0.0316763463137673,-0.000816000072392455,1,0
356,Copper,2025-02-10,-0.0143840061716578,-0.001075870737919479,0,0
357,Copper,2025-02-17,-0.0013239283027054,-0.0070272536801014,0,0
358,Copper,2025-02-24,-0.0025274137835099,0.00014259867484289832,0,1
359,Copper,2025-03-03,-0.0201940736301268,0.005817948737471624,0,1
360,Copper,2025-03-10,-0.008307347542885,0.005960738375353435,0,1
361,Copper,2025-03-17,0.0040257668642475,0.002543764446999066,1,1
362,Copper,2025-03-24,-0.0020593199703152,0.002081502530063598,0,1
363,Copper,2025-03-31,-0.1030388036771416,0.003838688864378146,0,1
364,Copper,2025-04-07,0.0287557775714133,-0.009987779436128321,1,0
365,Copper,2025-04-14,0.0061972217336096,0.012047947852578612,1,1
366,Copper,2025-04-21,0.0097683267911165,0.003686726236868588,1,1
367,Copper,2025-04-28,0.0130026634797924,-0.0034405517637216662,1,0
368,Copper,2025-05-05,0.0313224375938973,0.0013220511901531537,1,1
369,Copper,2025-05-12,-0.0128500118938307,0.004991666611098281,0,1
370,Copper,2025-05-19,0.0318895203649536,0.004736907856853521,1,1
371,Copper,2025-05-26,0.0435766232878285,-0.006237970324206632,1,0
372,Copper,2025-06-02,-0.0090367573923874,0.0011971119961607045,0,1
373,Copper,2025-06-09,-0.005719879528404,-0.002332852098935446,0,0
374,Copper,2025-06-16,-0.0025907697590858,-0.009495416218034595,0,0
375,Copper,2025-06-23,0.0033583045007099,0.0013885211464139133,1,1
376,Copper,2025-06-30,-0.0161589749432769,0.002800890494714931,0,1
377,Copper,2025-07-07,-0.0197095625765461,0.00821666176275748,0,1
378,Copper,2025-07-14,0.0111419375966743,0.004122867423549034,1,1
379,Copper,2025-07-21,-0.0047733052222113,-0.002871157621971831,0,0
380,Copper,2025-07-28,0.0078298549395319,0.004946774957898104,1,1
381,Copper,2025-08-04,0.0131327800906233,0.011995391317925283,1,1
382,Copper,2025-08-11,-0.009288879027706,0.0076549133104447204,0,1
383,Copper,2025-08-18,0.0058296180042131,-0.0023290168813662466,1,0
384,Copper,2025-08-25,0.012017587098603,0.0015758705940675734,1,1
385,Copper,2025-09-01,-0.0085514007399097,-0.0007627799912945783,0,0
386,Copper,2025-09-08,0.0023940983053834,-0.0014538089999264546,1,0
387,Copper,2025-09-15,0.006252437179623,-0.0028536615810036,1,0
388,Copper,2025-09-22,0.0067124779925422,-0.0007576197415709835,1,0
389,Copper,2025-09-29,0.0095406465295381,0.003411525921581667,1,1
390,Copper,2025-10-06,-0.009426687170684,-0.006203779024538055,0,0
391,Copper,2025-10-13,0.0058356704315549,-0.002176019671751832,1,0
392,Copper,2025-10-20,0.0181885359585431,-0.002536298490089854,1,0
393,Copper,2025-10-27,0.0018688889643449,-0.002898450527310849,1,0
394,Copper,2025-11-03,0.0143569207074204,-0.0038343381291288483,1,0
395,Copper,2025-11-10,-0.0105484054821719,-0.0022704229561899096,0,0
396,Copper,2025-11-17,0.010915794768532,-0.0013083961508274932,1,0
397,Copper,2025-11-24,0.0370997952495849,-0.009232512127752248,1,0
398,Corn,2024-01-01,-0.01185997729075,0.013879137115743801,0,1
399,Corn,2024-01-08,-0.0204483499533835,0.008466109534174576,0,1
400,Corn,2024-01-15,0.0044994451612297,0.0063565954220519165,1,1
401,Corn,2024-01-22,-0.0105880064088294,0.00352998273657666,0,1
402,Corn,2024-01-29,-0.0084341236536107,0.001524086280346987,0,1
403,Corn,2024-02-05,-0.006371292910841,0.004121937523435625,0,1
404,Corn,2024-02-12,-0.0029985029962565,0.00709799752923956,0,1
405,Corn,2024-02-19,-0.015513807887669,0.003407990042938509,0,1
406,Corn,2024-02-26,-0.0084592649459764,-0.007124021587903902,0,0
407,Corn,2024-03-04,-0.005910182688258,-0.009611063770598928,0,0
408,Corn,2024-03-11,0.0074648638345211,-0.00936156146075706,1,0
409,Corn,2024-03-18,-0.0028433343011441,0.0009142790049823605,0,1
410,Corn,2024-03-25,-0.0011312218400888,0.0043929767149482775,0,1
411,Corn,2024-04-01,-0.0028776998276151,-0.005258137955722737,0,0
412,Corn,2024-04-08,0.0144888075012173,-0.003339494467383233,1,0
413,Corn,2024-04-15,-0.010356824450766,-0.0019590773968372723,0,0
414,Corn,2024-04-22,-0.0038813467079723,-0.003939710393448665,0,0
415,Corn,2024-04-29,-0.0275803471821729,-0.0011030893276920356,0,0
416,Corn,2024-05-06,0.0228613246008739,-0.014161710689614604,1,0
417,Corn,2024-05-13,-0.0098901905074522,-0.018535074600002307,0,0
418,Corn,2024-05-20,0.0053676994150041,-0.007729439636283343,1,0
419,Corn,2024-05-27,-0.0072646309990044,-0.006742614021871129,0,0
420,Corn,2024-06-03,-0.0072162400297425,-0.003628178127026066,0,0
421,Corn,2024-06-10,-0.0060224655064675,-0.006956384524276344,0,0
422,Corn,2024-06-17,-0.0084674510990984,-0.006416139073696838,0,0
423,Corn,2024-06-24,-0.036148514116311,-0.010609495152202905,0,0
424,Corn,2024-07-01,0.0098160297376564,-0.007655517714371864,1,0
425,Corn,2024-07-08,0.0392207131532813,-0.015264641064988661,1,0
426,Corn,2024-07-15,0.0006170935092463,-0.009143455344456401,1,0
427,Corn,2024-07-22,-0.032591901001464,-0.004142313438272498,0,0
428,Corn,2024-07-29,0.0074859987773708,-0.0012377196251052679,1,0
429,Corn,2024-08-05,-0.0050537062707669,-0.004996672140441682,0,0
430,Corn,2024-08-12,-0.0101523714640179,-0.006076461720889905,0,0
431,Corn,2024-08-19,-0.0063775726368012,-0.003037842324898681,0,0
432,Corn,2024-08-26,0.0138280016072921,0.00010263503013793751,1,1
433,Corn,2024-09-02,-0.0661658607969465,-0.011635522289791637,0,0
434,Corn,2024-09-09,0.0799922650394114,-0.0022968211351244005,1,0
435,Corn,2024-09-16,-0.0111456262149162,-0.024428901707222367,0,0
436,Corn,2024-09-23,0.0084388686458646,-0.0030476104832821544,1,0
437,Corn,2024-09-30,-0.0082208331448571,-0.005782605115806419,0,0
438,Corn,2024-10-07,-0.0083983696988317,0.0032714982753273662,0,1
439,Corn,2024-10-14,-0.0074028715622808,0.0020825391043145167,0,1
440,Corn,2024-10-21,-0.0173917427118692,-0.008455115568515994,0,0
441,Corn,2024-10-28,0.0078812169079368,0.0036580059294481207,1,1
442,Corn,2024-11-04,0.0058309203107931,-0.004902889213450547,1,0
443,Corn,2024-11-11,0.0374970700951163,-0.0020188092118346,1,0
444,Corn,2024-11-18,-0.0034443202822444,-0.0053486371721332355,0,0
445,Corn,2024-11-25,0.011614532420693,0.009187437593258432,1,1
446,Corn,2024-12-02,0.0097226959785224,-0.0039504652879737406,1,0
447,Corn,2024-12-09,0.0159912031262922,-0.002307883013126918,1,0
448,Corn,2024-12-16,0.0141125684023964,0.0010875649384795997,1,1
449,Corn,2024-12-23,0.0011025359441001,0.006428241761241812,1,1
450,Corn,2024-12-30,-0.0175635689387016,0.0022884145500976375,0,1
451,Corn,2025-01-06,0.0297078287791885,0.0032598294471791888,1,1
452,Corn,2025-01-13,0.0213939805920288,-0.004033151570145575,1,0
453,Corn,2025-01-20,-0.0051466917517689,-0.0072715852759159295,0,0
454,Corn,2025-01-27,-0.0238353252762598,-0.000322740616076777,0,0
455,Corn,2025-02-03,-0.0198732655124931,-0.006361574929514072,0,0
456,Corn,2025-02-10,0.0299722735357917,0.00039712353701163534,1,1
457,Corn,2025-02-17,-0.0152449473253455,-0.014910800683075811,0,0
458,Corn,2025-02-24,-0.0241862473084192,0.003525247820366815,0,1
459,Corn,2025-03-03,-0.0146304424873684,0.001159402571881346,0,1
460,Corn,2025-03-10,0.0370925445288234,-0.00122208517436601,1,0
461,Corn,2025-03-17,-0.0048270407483158,-0.004962046994651471,0,0
462,Corn,2025-03-24,0.0060891414269685,0.0016566641590432802,1,1
463,Corn,2025-03-31,-0.003830374040234,-0.0028818046609788176,0,0
464,Corn,2025-04-07,0.0144183754242716,0.002193072689834083,1,1
465,Corn,2025-04-14,0.0164190450950307,-0.0010327327381409535,1,0
466,Corn,2025-04-21,0.0010341262555513,0.0041917936448457194,1,1
467,Corn,2025-04-28,-0.0069057379353395,-0.0018813957803732167,0,0
468,Corn,2025-05-05,-0.0111983253100295,0.0008145932536762841,0,1
469,Corn,2025-05-12,-0.0123250859926201,-0.0062401394541201465,0,0
470,Corn,2025-05-19,-0.0075922273583718,-0.00524746996468859,0,0
471,Corn,2025-05-26,-0.006734032181344,-0.001462811996548614,0,0
472,Corn,2025-06-02,0.0090858092385507,0.0028685224757052175,1,1
473,Corn,2025-06-09,0.0130350386308809,-0.0005274136124017387,1,0
474,Corn,2025-06-16,-0.012198815230187,0.0094523971330665,0,1
475,Corn,2025-06-23,0.0535788684745175,0.009909802961043629,1,1
476,Corn,2025-06-30,-0.0081159865781798,-0.020706841595460383,0,0
477,Corn,2025-07-07,-0.0530661199753343,0.021476532772423156,0,1
478,Corn,2025-07-14,0.0082693914825067,0.001579212471085,1,1
479,Corn,2025-07-21,-0.003573559490865,0.005507329761824972,0,1
480,Corn,2025-07-28,-0.0054595222048989,0.0026241564640277068,0,1
481,Corn,2025-08-04,-0.004311678992608,0.002695442275443637,0,1
482,Corn,2025-08-11,0.01682806928065,0.0031180546479272603,1,1
483,Corn,2025-08-18,0.003031223903283,-0.00813940630167061,1,0
484,Corn,2025-08-25,0.0229063662089074,-0.001216665641679329,1,0
485,Corn,2025-09-01,-0.0538027059929763,-0.009535308610805369,0,0
486,Corn,2025-09-08,0.0573309317391084,-0.000384057762436202,1,0
487,Corn,2025-09-15,0.0,-0.011718335450383588,0,0
488,Corn,2025-09-22,-0.0100443975935897,0.001487187038164457,0,1
489,Corn,2025-09-29,-0.0041679131487776,0.004698325021204676,0,1
490,Corn,2025-10-06,-0.0126317469059005,0.002271616444959609,0,1
491,Corn,2025-10-13,0.002962965130657,0.007295801528778954,1,1
492,Corn,2025-10-20,-0.0005853087670757,-0.0021322383469527207,0,0
493,Corn,2025-10-27,0.0040685903261629,0.004671116392946614,1,1
494,Corn,2025-11-03,-0.0040923763632844,0.001813066396886164,0,1
495,Corn,2025-11-10,0.0045197817056195,0.006092873499504999,1,1
496,Corn,2025-11-17,0.0005712653682922,-0.0012014225573328057,1,0
497,Corn,2025-11-24,0.0044818002190575,0.010002847278324949,1,1
498,Corn,2025-12-01,-0.013445580709351,0.00594846683797775,0,1
