commodity,test_week,train_size,mae,rmse,r2,direction_accuracy
Brent,2024-01-01,56,0.005680170287394738,0.005680170287394738,,1.0
Brent,2024-01-08,57,0.012850047484955517,0.012850047484955517,,0.0
Brent,2024-01-15,58,0.010921830221086129,0.010921830221086129,,0.0
Brent,2024-01-22,59,0.022248923235948206,0.022248923235948206,,0.0
Brent,2024-01-29,60,0.017893188084339654,0.017893188084339654,,0.0
Brent,2024-02-05,61,0.006745106768603559,0.006745106768603559,,1.0
Brent,2024-02-12,62,0.006544263871292632,0.006544263871292632,,0.0
Brent,2024-02-19,63,0.020440200221948597,0.020440200221948597,,1.0
Brent,2024-02-26,64,0.013504661594545334,0.013504661594545334,,1.0
Brent,2024-03-04,65,0.023336675510974885,0.023336675510974885,,0.0
Brent,2024-03-11,66,0.00697246129542372,0.00697246129542372,,1.0
Brent,2024-03-18,67,0.0030485919645655405,0.0030485919645655405,,0.0
Brent,2024-03-25,68,0.004796889460470768,0.004796889460470768,,0.0
Brent,2024-04-01,69,0.01274543908440394,0.01274543908440394,,0.0
Brent,2024-04-08,70,0.005950010537465473,0.005950010537465473,,0.0
Brent,2024-04-15,71,0.002765774985891766,0.002765774985891766,,1.0
Brent,2024-04-22,72,0.009903911763150017,0.009903911763150017,,1.0
Brent,2024-04-29,73,0.015317305506398742,0.015317305506398742,,0.0
Brent,2024-05-06,74,0.019555012885290924,0.019555012885290924,,0.0
Brent,2024-05-13,75,0.0018125950166165555,0.0018125950166165555,,1.0
Brent,2024-05-20,76,0.008340871034998459,0.008340871034998459,,0.0
Brent,2024-05-27,77,0.012826139449364216,0.012826139449364216,,0.0
Brent,2024-06-03,78,0.0073719625404048495,0.0073719625404048495,,1.0
Brent,2024-06-10,79,0.0005038367967128924,0.0005038367967128924,,1.0
Brent,2024-06-17,80,0.006148044282456877,0.006148044282456877,,1.0
Brent,2024-06-24,81,0.01960386229580524,0.01960386229580524,,0.0
Brent,2024-07-01,82,0.0030658679479896368,0.0030658679479896368,,1.0
Brent,2024-07-08,83,0.0058212397624682055,0.0058212397624682055,,1.0
Brent,2024-07-15,84,0.02472981053214732,0.02472981053214732,,0.0
Brent,2024-07-22,85,0.018825258834157487,0.018825258834157487,,0.0
Brent,2024-07-29,86,0.03117078598946705,0.03117078598946705,,1.0
Brent,2024-08-05,87,0.00901603730262738,0.00901603730262738,,0.0
Brent,2024-08-12,88,0.028178700545424536,0.028178700545424536,,0.0
Brent,2024-08-19,89,0.01835294667663506,0.01835294667663506,,1.0
Brent,2024-08-26,90,0.04647131506313096,0.04647131506313096,,0.0
Brent,2024-09-02,91,0.031803655828358667,0.031803655828358667,,0.0
Brent,2024-09-09,92,0.01055498153904395,0.01055498153904395,,0.0
Brent,2024-09-16,93,0.00083016202849583,0.00083016202849583,,1.0
Brent,2024-09-23,94,0.008961595000510672,0.008961595000510672,,0.0
Brent,2024-09-30,95,0.0035854878534762095,0.0035854878534762095,,1.0
Brent,2024-10-07,96,0.014330069190156686,0.014330069190156686,,0.0
Brent,2024-10-14,97,0.030344040678787383,0.030344040678787383,,0.0
Brent,2024-10-21,98,0.018010649209469543,0.018010649209469543,,0.0
Brent,2024-10-28,99,0.004658744578782075,0.004658744578782075,,1.0
Brent,2024-11-04,100,0.026341661959447267,0.026341661959447267,,0.0
Brent,2024-11-11,101,0.027148238597124053,0.027148238597124053,,0.0
Brent,2024-11-18,102,0.015391703935867094,0.015391703935867094,,0.0
Brent,2024-11-25,103,0.011609456093128783,0.011609456093128783,,1.0
Brent,2024-12-02,104,0.011243359405826603,0.011243359405826603,,1.0
Brent,2024-12-09,105,0.012275159419130677,0.012275159419130677,,1.0
Brent,2024-12-16,106,0.007333938199081812,0.007333938199081812,,0.0
Brent,2024-12-23,107,0.01416560451000058,0.01416560451000058,,1.0
Brent,2024-12-30,108,0.004450779847217652,0.004450779847217652,,1.0
Brent,2025-01-06,109,0.030229133812927963,0.030229133812927963,,0.0
Brent,2025-01-13,110,0.001863697940234282,0.001863697940234282,,1.0
Brent,2025-01-20,111,0.013526446957771804,0.013526446957771804,,0.0
Brent,2025-01-27,112,0.001976520190158547,0.001976520190158547,,1.0
Brent,2025-02-03,113,0.009580565113572907,0.009580565113572907,,0.0
Brent,2025-02-10,114,0.008823952006225674,0.008823952006225674,,0.0
Brent,2025-02-17,115,0.03867542176131072,0.03867542176131072,,0.0
Brent,2025-02-24,116,0.00321925353252717,0.00321925353252717,,1.0
Brent,2025-03-03,117,0.021591751084202113,0.021591751084202113,,0.0
Brent,2025-03-10,118,0.011886928242959694,0.011886928242959694,,0.0
Brent,2025-03-17,119,0.003926124176844551,0.003926124176844551,,0.0
Brent,2025-03-24,120,0.0028040936659244915,0.0028040936659244915,,1.0
Brent,2025-03-31,121,0.07586484944835113,0.07586484944835113,,0.0
Brent,2025-04-07,122,0.021575639861806654,0.021575639861806654,,1.0
Brent,2025-04-14,123,0.02054757897972816,0.02054757897972816,,1.0
Brent,2025-04-21,124,0.012147104543916097,0.012147104543916097,,0.0
Brent,2025-04-28,125,0.044907912379781506,0.044907912379781506,,0.0
Brent,2025-05-05,126,0.0029140112617209828,0.0029140112617209828,,1.0
Brent,2025-05-12,127,0.011042482289983209,0.011042482289983209,,0.0
Brent,2025-05-19,128,0.018193621213239305,0.018193621213239305,,0.0
Brent,2025-05-26,129,0.005788603526381055,0.005788603526381055,,1.0
Brent,2025-06-02,130,0.01966743970388551,0.01966743970388551,,1.0
Brent,2025-06-09,131,0.08500556196838385,0.08500556196838385,,1.0
Brent,2025-06-16,132,0.04309921242749193,0.04309921242749193,,1.0
Brent,2025-06-23,133,0.017342251561713075,0.017342251561713075,,0.0
Brent,2025-06-30,134,0.023783535380531903,0.023783535380531903,,0.0
Brent,2025-07-07,135,0.014434478195937656,0.014434478195937656,,1.0
Brent,2025-07-14,136,0.007059594502600839,0.007059594502600839,,0.0
Brent,2025-07-21,137,0.016595618010882156,0.016595618010882156,,0.0
Brent,2025-07-28,138,0.03990611970102195,0.03990611970102195,,0.0
Brent,2025-08-04,139,0.003956862595442301,0.003956862595442301,,1.0
Brent,2025-08-11,140,0.010230880246975996,0.010230880246975996,,1.0
Brent,2025-08-18,141,0.01027157679776369,0.01027157679776369,,1.0
Brent,2025-08-25,142,0.009847890916511117,0.009847890916511117,,1.0
Brent,2025-09-01,143,0.003902300734605209,0.003902300734605209,,1.0
Brent,2025-09-08,144,0.007669226167312783,0.007669226167312783,,1.0
Brent,2025-09-15,145,0.00470702247118621,0.00470702247118621,,1.0
Brent,2025-09-22,146,0.0050350759368487045,0.0050350759368487045,,0.0
Brent,2025-09-29,147,0.011570988107932204,0.011570988107932204,,0.0
Brent,2025-10-06,148,0.02976047735067356,0.02976047735067356,,1.0
Brent,2025-10-13,149,0.011910646131451402,0.011910646131451402,,0.0
Brent,2025-10-20,150,4.907906821110305e-05,4.907906821110305e-05,,1.0
Brent,2025-10-27,151,0.01388192424816467,0.01388192424816467,,0.0
Brent,2025-11-03,152,0.009114566264435934,0.009114566264435934,,0.0
Brent,2025-11-10,153,0.005927971623873072,0.005927971623873072,,1.0
Brent,2025-11-17,154,0.0018893445826346344,0.0018893445826346344,,1.0
Brent,2025-11-24,155,0.02085725107038281,0.02085725107038281,,0.0
Henry_Hub,2024-01-01,56,0.024363985374182454,0.024363985374182454,,1.0
Henry_Hub,2024-01-08,57,0.01055781948394838,0.01055781948394838,,0.0
Henry_Hub,2024-01-15,58,0.12240572146314033,0.12240572146314033,,1.0
Henry_Hub,2024-01-22,59,0.001986815424814662,0.001986815424814662,,1.0
Henry_Hub,2024-01-29,60,0.028918613051451672,0.028918613051451672,,1.0
Henry_Hub,2024-02-05,61,0.0006206608021268739,0.0006206608021268739,,1.0
Henry_Hub,2024-02-12,62,0.0390337697333211,0.0390337697333211,,0.0
Henry_Hub,2024-02-19,63,0.025219604815838494,0.025219604815838494,,1.0
Henry_Hub,2024-02-26,64,0.028324491672396385,0.028324491672396385,,0.0
Henry_Hub,2024-03-04,65,0.0025137832097200134,0.0025137832097200134,,1.0
Henry_Hub,2024-03-11,66,0.05103211405986582,0.05103211405986582,,0.0
Henry_Hub,2024-03-18,67,0.020411463317401228,0.020411463317401228,,0.0
Henry_Hub,2024-03-25,68,0.05511182185313159,0.05511182185313159,,0.0
Henry_Hub,2024-04-01,69,0.017225152355207152,0.017225152355207152,,0.0
Henry_Hub,2024-04-08,70,0.0059614528546798025,0.0059614528546798025,,0.0
Henry_Hub,2024-04-15,71,0.018482756158479607,0.018482756158479607,,1.0
Henry_Hub,2024-04-22,72,0.16325193034748456,0.16325193034748456,,1.0
Henry_Hub,2024-04-29,73,0.03338815893249593,0.03338815893249593,,1.0
Henry_Hub,2024-05-06,74,0.03343193237896272,0.03343193237896272,,0.0
Henry_Hub,2024-05-13,75,0.044178380772431594,0.044178380772431594,,1.0
Henry_Hub,2024-05-20,76,0.0967830169593502,0.0967830169593502,,0.0
Henry_Hub,2024-05-27,77,0.02158379358193324,0.02158379358193324,,1.0
Henry_Hub,2024-06-03,78,0.014776544433831917,0.014776544433831917,,1.0
Henry_Hub,2024-06-10,79,0.01878423140999579,0.01878423140999579,,1.0
Henry_Hub,2024-06-17,80,0.006429970294012301,0.006429970294012301,,1.0
Henry_Hub,2024-06-24,81,0.07355565376890336,0.07355565376890336,,0.0
Henry_Hub,2024-07-01,82,0.05854759324509291,0.05854759324509291,,1.0
Henry_Hub,2024-07-08,83,0.005044720732572915,0.005044720732572915,,0.0
Henry_Hub,2024-07-15,84,0.02086337916137327,0.02086337916137327,,0.0
Henry_Hub,2024-07-22,85,0.07569079369503467,0.07569079369503467,,0.0
Henry_Hub,2024-07-29,86,0.004198048532139204,0.004198048532139204,,1.0
Henry_Hub,2024-08-05,87,0.009698006503508811,0.009698006503508811,,1.0
Henry_Hub,2024-08-12,88,0.03432737414415334,0.03432737414415334,,1.0
Henry_Hub,2024-08-19,89,0.008796111556689162,0.008796111556689162,,1.0
Henry_Hub,2024-08-26,90,0.049751905752237015,0.049751905752237015,,0.0
Henry_Hub,2024-09-02,91,0.025124030013567646,0.025124030013567646,,0.0
Henry_Hub,2024-09-09,92,0.016370407794734178,0.016370407794734178,,1.0
Henry_Hub,2024-09-16,93,0.06206454577678632,0.06206454577678632,,0.0
Henry_Hub,2024-09-23,94,0.05440466587754237,0.05440466587754237,,1.0
Henry_Hub,2024-09-30,95,0.04978685067764881,0.04978685067764881,,0.0
Henry_Hub,2024-10-07,96,0.011959981139170135,0.011959981139170135,,1.0
Henry_Hub,2024-10-14,97,0.05183136024384668,0.05183136024384668,,1.0
Henry_Hub,2024-10-21,98,0.023332546936648435,0.023332546936648435,,0.0
Henry_Hub,2024-10-28,99,0.04191115718493437,0.04191115718493437,,1.0
Henry_Hub,2024-11-04,100,0.006097268258888209,0.006097268258888209,,1.0
Henry_Hub,2024-11-11,101,0.07259191261333386,0.07259191261333386,,0.0
Henry_Hub,2024-11-18,102,0.0309543241555343,0.0309543241555343,,0.0
Henry_Hub,2024-11-25,103,0.026643318604802128,0.026643318604802128,,0.0
Henry_Hub,2024-12-02,104,0.10193828631197938,0.10193828631197938,,0.0
Henry_Hub,2024-12-09,105,0.057701356873538945,0.057701356873538945,,1.0
Henry_Hub,2024-12-16,106,0.05448078260231244,0.05448078260231244,,1.0
Henry_Hub,2024-12-23,107,0.07207072623851674,0.07207072623851674,,0.0
Henry_Hub,2024-12-30,108,0.0010741375444792492,0.0010741375444792492,,1.0
Henry_Hub,2025-01-06,109,0.1510749518373816,0.1510749518373816,,1.0
Henry_Hub,2025-01-13,110,0.1065963436665403,0.1065963436665403,,1.0
Henry_Hub,2025-01-20,111,0.03139198831742217,0.03139198831742217,,1.0
Henry_Hub,2025-01-27,112,0.05763177714106658,0.05763177714106658,,0.0
Henry_Hub,2025-02-03,113,0.018923167824196008,0.018923167824196008,,0.0
Henry_Hub,2025-02-10,114,0.014266683961203118,0.014266683961203118,,0.0
Henry_Hub,2025-02-17,115,0.05486090186398619,0.05486090186398619,,0.0
Henry_Hub,2025-02-24,116,0.03803536401123248,0.03803536401123248,,1.0
Henry_Hub,2025-03-03,117,0.043961236317799364,0.043961236317799364,,0.0
Henry_Hub,2025-03-10,118,0.012230588970044025,0.012230588970044025,,1.0
Henry_Hub,2025-03-17,119,0.019403496658916376,0.019403496658916376,,1.0
Henry_Hub,2025-03-24,120,0.033788804219078705,0.033788804219078705,,1.0
Henry_Hub,2025-03-31,121,0.06551033126997835,0.06551033126997835,,1.0
Henry_Hub,2025-04-07,122,0.01131114944197261,0.01131114944197261,,1.0
Henry_Hub,2025-04-14,123,0.0242212052487841,0.0242212052487841,,1.0
Henry_Hub,2025-04-21,124,0.04611208480519599,0.04611208480519599,,0.0
Henry_Hub,2025-04-28,125,0.04696722003764525,0.04696722003764525,,1.0
Henry_Hub,2025-05-05,126,0.01898887375804067,0.01898887375804067,,1.0
Henry_Hub,2025-05-12,127,0.024244833198338252,0.024244833198338252,,1.0
Henry_Hub,2025-05-19,128,0.07147004195751935,0.07147004195751935,,0.0
Henry_Hub,2025-05-26,129,0.014639087150849366,0.014639087150849366,,0.0
Henry_Hub,2025-06-02,130,0.01072346201930599,0.01072346201930599,,1.0
Henry_Hub,2025-06-09,131,0.03400695019799997,0.03400695019799997,,1.0
Henry_Hub,2025-06-16,132,0.032297156482848685,0.032297156482848685,,0.0
Henry_Hub,2025-06-23,133,0.0470400902329069,0.0470400902329069,,1.0
Henry_Hub,2025-06-30,134,0.027374885928988412,0.027374885928988412,,0.0
Henry_Hub,2025-07-07,135,0.007395493524778583,0.007395493524778583,,1.0
Henry_Hub,2025-07-14,136,0.012099731030236253,0.012099731030236253,,1.0
Henry_Hub,2025-07-21,137,0.0037887116300131356,0.0037887116300131356,,1.0
Henry_Hub,2025-07-28,138,0.018170843207887474,0.018170843207887474,,1.0
Henry_Hub,2025-08-04,139,0.05295672043215029,0.05295672043215029,,1.0
Henry_Hub,2025-08-11,140,0.011791211940362612,0.011791211940362612,,0.0
Henry_Hub,2025-08-18,141,0.03651069570019383,0.03651069570019383,,1.0
Henry_Hub,2025-08-25,142,0.021717640876548643,0.021717640876548643,,0.0
Henry_Hub,2025-09-01,143,0.008937230097839482,0.008937230097839482,,0.0
Henry_Hub,2025-09-08,144,0.011410823192682404,0.011410823192682404,,0.0
Henry_Hub,2025-09-15,145,0.017172454417165278,0.017172454417165278,,1.0
Henry_Hub,2025-09-22,146,0.09075786886984068,0.09075786886984068,,0.0
Henry_Hub,2025-09-29,147,0.024790570976465948,0.024790570976465948,,1.0
Henry_Hub,2025-10-06,148,0.05412107872817475,0.05412107872817475,,0.0
Henry_Hub,2025-10-13,149,0.09589066492580939,0.09589066492580939,,0.0
Henry_Hub,2025-10-20,150,0.010838987208174583,0.010838987208174583,,1.0
Henry_Hub,2025-10-27,151,0.025844215822807992,0.025844215822807992,,0.0
Henry_Hub,2025-11-03,152,0.030699753983855986,0.030699753983855986,,0.0
Henry_Hub,2025-11-10,153,0.044741576671700256,0.044741576671700256,,0.0
Henry_Hub,2025-11-17,154,0.02197764675648914,0.02197764675648914,,0.0
Henry_Hub,2025-11-24,155,0.050511410863000414,0.050511410863000414,,1.0
Power,2024-01-01,56,0.7919268779001765,0.7919268779001765,,1.0
Power,2024-01-08,57,3.391380273663325,3.391380273663325,,0.0
Power,2024-01-15,58,1.310000049288441,1.310000049288441,,0.0
Power,2024-01-22,59,0.7430232687112239,0.7430232687112239,,1.0
Power,2024-01-29,60,2.051447807626409,2.051447807626409,,0.0
Power,2024-02-05,61,1.250224294846541,1.250224294846541,,0.0
Power,2024-02-12,62,1.3716193706975828,1.3716193706975828,,1.0
Power,2024-02-19,63,2.0783580597368685,2.0783580597368685,,0.0
Power,2024-02-26,64,0.07963188458669945,0.07963188458669945,,1.0
Power,2024-03-04,65,0.6754197095448577,0.6754197095448577,,1.0
Power,2024-03-11,66,0.20462730833800247,0.20462730833800247,,1.0
Power,2024-03-18,67,1.67066188674224,1.67066188674224,,1.0
Power,2024-03-25,68,0.3454451457351083,0.3454451457351083,,1.0
Power,2024-04-01,69,0.771839040966538,0.771839040966538,,0.0
Power,2024-04-08,70,0.6683474298409361,0.6683474298409361,,1.0
Power,2024-04-15,71,0.8270475809790042,0.8270475809790042,,0.0
Power,2024-04-22,72,0.4556610642886635,0.4556610642886635,,1.0
Power,2024-04-29,73,1.4895681826832825,1.4895681826832825,,0.0
Power,2024-05-06,74,2.3736395339411667,2.3736395339411667,,0.0
Power,2024-05-13,75,0.3374641395773848,0.3374641395773848,,1.0
Power,2024-05-20,76,0.7751542828492056,0.7751542828492056,,0.0
Power,2024-05-27,77,0.1694997733090307,0.1694997733090307,,0.0
Power,2024-06-03,78,0.4085956926940745,0.4085956926940745,,1.0
Power,2024-06-10,79,0.3045940287064988,0.3045940287064988,,0.0
Power,2024-06-17,80,0.07565168740276468,0.07565168740276468,,1.0
Power,2024-06-24,81,0.12276303265410912,0.12276303265410912,,1.0
Power,2024-07-01,82,0.3711731075607194,0.3711731075607194,,0.0
Power,2024-07-08,83,0.3257544824753531,0.3257544824753531,,0.0
Power,2024-07-15,84,0.21375750798022614,0.21375750798022614,,1.0
Power,2024-07-22,85,0.5569779214653704,0.5569779214653704,,0.0
Power,2024-07-29,86,0.1273779405285555,0.1273779405285555,,1.0
Power,2024-08-05,87,0.3586882697698574,0.3586882697698574,,0.0
Power,2024-08-12,88,0.10700334488149071,0.10700334488149071,,1.0
Power,2024-08-19,89,0.15292840952058226,0.15292840952058226,,1.0
Power,2024-08-26,90,0.2622380192514957,0.2622380192514957,,1.0
Power,2024-09-02,91,0.6202136826288744,0.6202136826288744,,0.0
Power,2024-09-09,92,0.07084286055966758,0.07084286055966758,,1.0
Power,2024-09-16,93,0.004768497364980508,0.004768497364980508,,1.0
Power,2024-09-23,94,0.023914211329320173,0.023914211329320173,,1.0
Power,2024-09-30,95,0.23678701518780434,0.23678701518780434,,0.0
Power,2024-10-07,96,0.7315895167366616,0.7315895167366616,,0.0
Power,2024-10-14,97,0.9332149049933852,0.9332149049933852,,0.0
Power,2024-10-21,98,1.1898881772301941,1.1898881772301941,,0.0
Power,2024-10-28,99,0.5784258473851028,0.5784258473851028,,1.0
Power,2024-11-04,100,0.5734390088905522,0.5734390088905522,,0.0
Power,2024-11-11,101,1.7341346049440955,1.7341346049440955,,0.0
Power,2024-11-18,102,0.4145199571864321,0.4145199571864321,,1.0
Power,2024-11-25,103,0.2854478948316407,0.2854478948316407,,0.0
Power,2024-12-02,104,0.08706476624433701,0.08706476624433701,,1.0
Power,2024-12-09,105,0.5722121372074556,0.5722121372074556,,1.0
Power,2024-12-16,106,0.22685721138481296,0.22685721138481296,,1.0
Power,2024-12-23,107,1.516149686833951,1.516149686833951,,1.0
Power,2024-12-30,108,2.8088177847648303,2.8088177847648303,,1.0
Power,2025-01-06,109,0.48666471242904663,0.48666471242904663,,1.0
Power,2025-01-13,110,2.2880091478929723,2.2880091478929723,,0.0
Power,2025-01-20,111,0.6831375256240988,0.6831375256240988,,1.0
Power,2025-01-27,112,0.3330923991856847,0.3330923991856847,,1.0
Power,2025-02-03,113,0.2528627225640932,0.2528627225640932,,1.0
Power,2025-02-10,114,0.3663221567498315,0.3663221567498315,,0.0
Power,2025-02-17,115,1.02050040890328,1.02050040890328,,0.0
Power,2025-02-24,116,0.8539189444007136,0.8539189444007136,,0.0
Power,2025-03-03,117,1.4329403113729011,1.4329403113729011,,0.0
Power,2025-03-10,118,0.9665830636989224,0.9665830636989224,,0.0
Power,2025-03-17,119,0.08590192830111454,0.08590192830111454,,1.0
Power,2025-03-24,120,0.11791031490397608,0.11791031490397608,,1.0
Power,2025-03-31,121,0.9656699376244766,0.9656699376244766,,0.0
Power,2025-04-07,122,0.08648050326148235,0.08648050326148235,,1.0
Power,2025-04-14,123,0.48445449975278043,0.48445449975278043,,1.0
Power,2025-04-21,124,0.09508096815661815,0.09508096815661815,,1.0
Power,2025-04-28,125,0.10246288560162756,0.10246288560162756,,1.0
Power,2025-05-05,126,0.08598886572603846,0.08598886572603846,,1.0
Power,2025-05-12,127,0.20157624257207632,0.20157624257207632,,1.0
Power,2025-05-19,128,0.28175934429395094,0.28175934429395094,,1.0
Power,2025-05-26,129,0.00021654973349174989,0.00021654973349174989,,1.0
Power,2025-06-02,130,0.5334159453721086,0.5334159453721086,,0.0
Power,2025-06-09,131,0.39706372570842874,0.39706372570842874,,0.0
Power,2025-06-16,132,0.27564437805653225,0.27564437805653225,,0.0
Power,2025-06-23,133,0.039703532751950786,0.039703532751950786,,1.0
Power,2025-06-30,134,0.14263321747575966,0.14263321747575966,,0.0
Power,2025-07-07,135,0.400058436806934,0.400058436806934,,0.0
Power,2025-07-14,136,0.29144559485897914,0.29144559485897914,,0.0
Power,2025-07-21,137,0.23766860525166447,0.23766860525166447,,0.0
Power,2025-07-28,138,0.197077098076105,0.197077098076105,,1.0
Power,2025-08-04,139,0.07662019445670261,0.07662019445670261,,1.0
Power,2025-08-11,140,0.10305736947713488,0.10305736947713488,,0.0
Power,2025-08-18,141,0.005768750074612333,0.005768750074612333,,1.0
Power,2025-08-25,142,0.22847013395778165,0.22847013395778165,,0.0
Power,2025-09-01,143,0.36866022955247174,0.36866022955247174,,1.0
Power,2025-09-08,144,0.41008274425200053,0.41008274425200053,,0.0
Power,2025-09-15,145,0.2097500670585723,0.2097500670585723,,0.0
Power,2025-09-22,146,0.04579443501436112,0.04579443501436112,,1.0
Power,2025-09-29,147,0.25624404900600567,0.25624404900600567,,0.0
Power,2025-10-06,148,0.07552019725883835,0.07552019725883835,,1.0
Power,2025-10-13,149,0.5800728653206713,0.5800728653206713,,0.0
Power,2025-10-20,150,0.40988526069165243,0.40988526069165243,,1.0
Power,2025-10-27,151,0.8824391532213502,0.8824391532213502,,1.0
Power,2025-11-03,152,0.8715424568334652,0.8715424568334652,,1.0
Copper,2024-01-01,56,0.006493711822649699,0.006493711822649699,,1.0
Copper,2024-01-08,57,0.003475274936859378,0.003475274936859378,,1.0
Copper,2024-01-15,58,0.005796430241358743,0.005796430241358743,,0.0
Copper,2024-01-22,59,0.0071809230564539375,0.0071809230564539375,,1.0
Copper,2024-01-29,60,0.018987729913997897,0.018987729913997897,,0.0
Copper,2024-02-05,61,0.012479378486462366,0.012479378486462366,,0.0
Copper,2024-02-12,62,0.021371659121389205,0.021371659121389205,,0.0
Copper,2024-02-19,63,0.010561452643631201,0.010561452643631201,,0.0
Copper,2024-02-26,64,0.004774484147865476,0.004774484147865476,,0.0
Copper,2024-03-04,65,0.00879037743947727,0.00879037743947727,,0.0
Copper,2024-03-11,66,0.030866928139139924,0.030866928139139924,,0.0
Copper,2024-03-18,67,0.013425109798331126,0.013425109798331126,,0.0
Copper,2024-03-25,68,0.018637327633419108,0.018637327633419108,,0.0
Copper,2024-04-01,69,0.008928020790941764,0.008928020790941764,,1.0
Copper,2024-04-08,70,0.005051229047646736,0.005051229047646736,,1.0
Copper,2024-04-15,71,0.007874146651334077,0.007874146651334077,,1.0
Copper,2024-04-22,72,0.010961953599334065,0.010961953599334065,,1.0
Copper,2024-04-29,73,0.010157801300611294,0.010157801300611294,,1.0
Copper,2024-05-06,74,0.00408136950317704,0.00408136950317704,,1.0
Copper,2024-05-13,75,0.06426566254364946,0.06426566254364946,,1.0
Copper,2024-05-20,76,0.024037798921362204,0.024037798921362204,,1.0
Copper,2024-05-27,77,0.012464037468004048,0.012464037468004048,,1.0
Copper,2024-06-03,78,0.03573792745531225,0.03573792745531225,,0.0
Copper,2024-06-10,79,0.02265056305910315,0.02265056305910315,,0.0
Copper,2024-06-17,80,0.02645092659304386,0.02645092659304386,,0.0
Copper,2024-06-24,81,0.01576755008567965,0.01576755008567965,,0.0
Copper,2024-07-01,82,0.022398707840697585,0.022398707840697585,,0.0
Copper,2024-07-08,83,0.00445318096321169,0.00445318096321169,,1.0
Copper,2024-07-15,84,0.011118625869394954,0.011118625869394954,,0.0
Copper,2024-07-22,85,0.009038031155791014,0.009038031155791014,,1.0
Copper,2024-07-29,86,0.0038749943404522195,0.0038749943404522195,,0.0
Copper,2024-08-05,87,0.008132460786586715,0.008132460786586715,,1.0
Copper,2024-08-12,88,0.020481260137545327,0.020481260137545327,,0.0
Copper,2024-08-19,89,0.0007741243289204399,0.0007741243289204399,,1.0
Copper,2024-08-26,90,0.004991995001702189,0.004991995001702189,,1.0
Copper,2024-09-02,91,0.011513314560011718,0.011513314560011718,,0.0
Copper,2024-09-09,92,0.010001965521917962,0.010001965521917962,,1.0
Copper,2024-09-16,93,0.01224273943133709,0.01224273943133709,,1.0
Copper,2024-09-23,94,0.007797389843759019,0.007797389843759019,,1.0
Copper,2024-09-30,95,0.0021410979548527466,0.0021410979548527466,,1.0
Copper,2024-10-07,96,0.01003604084414089,0.01003604084414089,,1.0
Copper,2024-10-14,97,0.005445507028345831,0.005445507028345831,,1.0
Copper,2024-10-21,98,0.01334116915034875,0.01334116915034875,,0.0
Copper,2024-10-28,99,0.005277011436501366,0.005277011436501366,,0.0
Copper,2024-11-04,100,0.02285113245103466,0.02285113245103466,,0.0
Copper,2024-11-11,101,0.01927773933956914,0.01927773933956914,,0.0
Copper,2024-11-18,102,0.01332331903938663,0.01332331903938663,,0.0
Copper,2024-11-25,103,0.002851773186636551,0.002851773186636551,,0.0
Copper,2024-12-02,104,0.003959612612094762,0.003959612612094762,,0.0
Copper,2024-12-09,105,0.010872668762175755,0.010872668762175755,,1.0
Copper,2024-12-16,106,0.0027405441641723816,0.0027405441641723816,,1.0
Copper,2024-12-23,107,0.0034216593525642257,0.0034216593525642257,,1.0
Copper,2024-12-30,108,0.01625644229932395,0.01625644229932395,,1.0
Copper,2025-01-06,109,0.007790965165431162,0.007790965165431162,,1.0
Copper,2025-01-13,110,0.014795253449196827,0.014795253449196827,,0.0
Copper,2025-01-20,111,0.018230406923471564,0.018230406923471564,,1.0
Copper,2025-01-27,112,0.007858456752082483,0.007858456752082483,,1.0
Copper,2025-02-03,113,0.03579893742557631,0.03579893742557631,,0.0
Copper,2025-02-10,114,0.035794696792199376,0.035794696792199376,,0.0
Copper,2025-02-17,115,0.0002994876732976366,0.0002994876732976366,,1.0
Copper,2025-02-24,116,0.0008576428619294064,0.0008576428619294064,,1.0
Copper,2025-03-03,117,0.020334129615083945,0.020334129615083945,,0.0
Copper,2025-03-10,118,0.006471437288726921,0.006471437288726921,,1.0
Copper,2025-03-17,119,0.0049533178152664295,0.0049533178152664295,,0.0
Copper,2025-03-24,120,0.019798839447205764,0.019798839447205764,,0.0
Copper,2025-03-31,121,0.09994472656685108,0.09994472656685108,,1.0
Copper,2025-04-07,122,0.08653957495472171,0.08653957495472171,,0.0
Copper,2025-04-14,123,0.0006260640620984271,0.0006260640620984271,,1.0
Copper,2025-04-21,124,0.0001857485865442987,0.0001857485865442987,,1.0
Copper,2025-04-28,125,0.011492040685052498,0.011492040685052498,,1.0
Copper,2025-05-05,126,0.0190369955023727,0.0190369955023727,,1.0
Copper,2025-05-12,127,0.041092829042396944,0.041092829042396944,,0.0
Copper,2025-05-19,128,0.04159049481446894,0.04159049481446894,,0.0
Copper,2025-05-26,129,0.05261498780253702,0.05261498780253702,,0.0
Copper,2025-06-02,130,0.030965434727768908,0.030965434727768908,,0.0
Copper,2025-06-09,131,0.007140593716978309,0.007140593716978309,,1.0
Copper,2025-06-16,132,0.006129350656005715,0.006129350656005715,,1.0
Copper,2025-06-23,133,0.008454944472890028,0.008454944472890028,,0.0
Copper,2025-06-30,134,0.008741578766670484,0.008741578766670484,,1.0
Copper,2025-07-07,135,0.007558088443412211,0.007558088443412211,,1.0
Copper,2025-07-14,136,0.03432901985752139,0.03432901985752139,,0.0
Copper,2025-07-21,137,0.005035269580962242,0.005035269580962242,,1.0
Copper,2025-07-28,138,0.051189894531321146,0.051189894531321146,,0.0
Copper,2025-08-04,139,0.031157969728761118,0.031157969728761118,,0.0
Copper,2025-08-11,140,0.01606882355187497,0.01606882355187497,,0.0
Copper,2025-08-18,141,0.008955935639391666,0.008955935639391666,,0.0
Copper,2025-08-25,142,0.005879370860134115,0.005879370860134115,,1.0
Copper,2025-09-01,143,0.006326618025289468,0.006326618025289468,,1.0
Copper,2025-09-08,144,0.003070204501280264,0.003070204501280264,,0.0
Copper,2025-09-15,145,0.006433181061706334,0.006433181061706334,,0.0
Copper,2025-09-22,146,0.0066599873534784375,0.0066599873534784375,,1.0
Copper,2025-09-29,147,0.01631970404948526,0.01631970404948526,,1.0
Copper,2025-10-06,148,0.00520253812608089,0.00520253812608089,,1.0
Copper,2025-10-13,149,0.00908440459840058,0.00908440459840058,,0.0
Copper,2025-10-20,150,0.014236130077406445,0.014236130077406445,,1.0
Copper,2025-10-27,151,0.021658929293443603,0.021658929293443603,,0.0
Copper,2025-11-03,152,0.03734618260283857,0.03734618260283857,,0.0
Copper,2025-11-10,153,0.015671197923569805,0.015671197923569805,,0.0
Copper,2025-11-17,154,0.001174551793535433,0.001174551793535433,,1.0
Copper,2025-11-24,155,0.03448838165152429,0.03448838165152429,,1.0
Corn,2024-01-01,56,0.009304458413988801,0.009304458413988801,,1.0
Corn,2024-01-08,57,0.015443440598190125,0.015443440598190125,,1.0
Corn,2024-01-15,58,0.006124318534887165,0.006124318534887165,,0.0
Corn,2024-01-22,59,0.011757688539978274,0.011757688539978274,,0.0
Corn,2024-01-29,60,0.003873099401285404,0.003873099401285404,,1.0
Corn,2024-02-05,61,0.0009872658842473144,0.0009872658842473144,,1.0
Corn,2024-02-12,62,0.0016924454118405286,0.0016924454118405286,,1.0
Corn,2024-02-19,63,0.011223251352544221,0.011223251352544221,,1.0
Corn,2024-02-26,64,0.00101548473090682,0.00101548473090682,,1.0
Corn,2024-03-04,65,0.0014020673370578962,0.0014020673370578962,,1.0
Corn,2024-03-11,66,0.011746634738138244,0.011746634738138244,,0.0
Corn,2024-03-18,67,0.00031610698555388375,0.00031610698555388375,,1.0
Corn,2024-03-25,68,0.002317244464600846,0.002317244464600846,,1.0
Corn,2024-04-01,69,0.006585551740761917,0.006585551740761917,,1.0
Corn,2024-04-08,70,0.019374972296824628,0.019374972296824628,,0.0
Corn,2024-04-15,71,0.007226506086637529,0.007226506086637529,,1.0
Corn,2024-04-22,72,0.0041386724507486705,0.0041386724507486705,,1.0
Corn,2024-04-29,73,0.02150178494857586,0.02150178494857586,,1.0
Corn,2024-05-06,74,0.03707035479694457,0.03707035479694457,,0.0
Corn,2024-05-13,75,0.005164941488932083,0.005164941488932083,,1.0
Corn,2024-05-20,76,0.007798085324978675,0.007798085324978675,,0.0
Corn,2024-05-27,77,0.0004886762607450848,0.0004886762607450848,,1.0
Corn,2024-06-03,78,0.005965768459213456,0.005965768459213456,,1.0
Corn,2024-06-10,79,0.0022907549030068306,0.0022907549030068306,,1.0
Corn,2024-06-17,80,0.0013370966652625042,0.0013370966652625042,,1.0
Corn,2024-06-24,81,0.018277698645496297,0.018277698645496297,,1.0
Corn,2024-07-01,82,0.01643021095073728,0.01643021095073728,,0.0
Corn,2024-07-08,83,0.0417223491983349,0.0417223491983349,,0.0
Corn,2024-07-15,84,0.002485827063393484,0.002485827063393484,,0.0
Corn,2024-07-22,85,0.03517683453759121,0.03517683453759121,,0.0
Corn,2024-07-29,86,0.020359178056638588,0.020359178056638588,,0.0
Corn,2024-08-05,87,0.0030849019166701575,0.0030849019166701575,,1.0
Corn,2024-08-12,88,0.007860035964939865,0.007860035964939865,,1.0
Corn,2024-08-19,89,0.007593820780265527,0.007593820780265527,,0.0
Corn,2024-08-26,90,0.018902436986648244,0.018902436986648244,,0.0
Corn,2024-09-02,91,0.05330211860932729,0.05330211860932729,,1.0
Corn,2024-09-09,92,0.08346369845728299,0.08346369845728299,,0.0
Corn,2024-09-16,93,0.00538436600786975,0.00538436600786975,,1.0
Corn,2024-09-23,94,0.016869742621022338,0.016869742621022338,,0.0
Corn,2024-09-30,95,0.00515535089723628,0.00515535089723628,,1.0
Corn,2024-10-07,96,0.010427577233919762,0.010427577233919762,,0.0
Corn,2024-10-14,97,0.0005011510235454104,0.0005011510235454104,,1.0
Corn,2024-10-21,98,0.008754064833727798,0.008754064833727798,,1.0
Corn,2024-10-28,99,0.009456470113310684,0.009456470113310684,,0.0
Corn,2024-11-04,100,0.017284321608123956,0.017284321608123956,,0.0
Corn,2024-11-11,101,0.040151381109455625,0.040151381109455625,,0.0
Corn,2024-11-18,102,0.002021437285191103,0.002021437285191103,,1.0
Corn,2024-11-25,103,0.007663740055916865,0.007663740055916865,,1.0
Corn,2024-12-02,104,0.010829171342007915,0.010829171342007915,,0.0
Corn,2024-12-09,105,0.01589076728440541,0.01589076728440541,,1.0
Corn,2024-12-16,106,0.010387453891070444,0.010387453891070444,,1.0
Corn,2024-12-23,107,0.0027930115634981576,0.0027930115634981576,,0.0
Corn,2024-12-30,108,0.019239167960538716,0.019239167960538716,,0.0
Corn,2025-01-06,109,0.02826352697838615,0.02826352697838615,,1.0
Corn,2025-01-13,110,0.028417580987797682,0.028417580987797682,,0.0
Corn,2025-01-20,111,0.008597241657888603,0.008597241657888603,,0.0
Corn,2025-01-27,112,0.023882639002359474,0.023882639002359474,,0.0
Corn,2025-02-03,113,0.01581827770939156,0.01581827770939156,,1.0
Corn,2025-02-10,114,0.03075659027625612,0.03075659027625612,,0.0
Corn,2025-02-17,115,0.005181963134464248,0.005181963134464248,,1.0
Corn,2025-02-24,116,0.021391108912096474,0.021391108912096474,,1.0
Corn,2025-03-03,117,0.012337313734287435,0.012337313734287435,,1.0
Corn,2025-03-10,118,0.030380764435213113,0.030380764435213113,,1.0
Corn,2025-03-17,119,0.0039093357977633665,0.0039093357977633665,,1.0
Corn,2025-03-24,120,0.00964778854733996,0.00964778854733996,,0.0
Corn,2025-03-31,121,0.0029242702839552466,0.0029242702839552466,,1.0
Corn,2025-04-07,122,0.015120748409232275,0.015120748409232275,,0.0
Corn,2025-04-14,123,0.02414579822558585,0.02414579822558585,,0.0
Corn,2025-04-21,124,0.00045166303113283865,0.00045166303113283865,,1.0
Corn,2025-04-28,125,0.006647074149695624,0.006647074149695624,,1.0
Corn,2025-05-05,126,0.0031534249374051034,0.0031534249374051034,,1.0
Corn,2025-05-12,127,0.012292662906679564,0.012292662906679564,,1.0
Corn,2025-05-19,128,0.011178193429485745,0.011178193429485745,,0.0
Corn,2025-05-26,129,0.0037906640183841857,0.0037906640183841857,,1.0
Corn,2025-06-02,130,0.0007119685265398398,0.0007119685265398398,,1.0
Corn,2025-06-09,131,0.004870498697676249,0.004870498697676249,,1.0
Corn,2025-06-16,132,0.02394035841887814,0.02394035841887814,,0.0
Corn,2025-06-23,133,0.06409701235935514,0.06409701235935514,,0.0
Corn,2025-06-30,134,0.009291028387831248,0.009291028387831248,,1.0
Corn,2025-07-07,135,0.057036889674997225,0.057036889674997225,,0.0
Corn,2025-07-14,136,0.02172866416517348,0.02172866416517348,,0.0
Corn,2025-07-21,137,0.004639826448733083,0.004639826448733083,,1.0
Corn,2025-07-28,138,0.004438521964050228,0.004438521964050228,,1.0
Corn,2025-08-04,139,0.004140410510799478,0.004140410510799478,,1.0
Corn,2025-08-11,140,0.010532435778345447,0.010532435778345447,,1.0
Corn,2025-08-18,141,0.015586431960448146,0.015586431960448146,,0.0
Corn,2025-08-25,142,0.03428205329399947,0.03428205329399947,,0.0
Corn,2025-09-01,143,0.04494395448736297,0.04494395448736297,,1.0
Corn,2025-09-08,144,0.06386072814200981,0.06386072814200981,,0.0
Corn,2025-09-15,145,0.01157979853451252,0.01157979853451252,,1.0
Corn,2025-09-22,146,0.01779011524573175,0.01779011524573175,,0.0
Corn,2025-09-29,147,0.0011866743831355532,0.0011866743831355532,,1.0
Corn,2025-10-06,148,0.011377638869963548,0.011377638869963548,,1.0
Corn,2025-10-13,149,0.0006737644633651205,0.0006737644633651205,,1.0
Corn,2025-10-20,150,0.006939504292641716,0.006939504292641716,,1.0
Corn,2025-10-27,151,0.004010591099110518,0.004010591099110518,,1.0
Corn,2025-11-03,152,0.006392833693705013,0.006392833693705013,,0.0
Corn,2025-11-10,153,0.001349424335478141,0.001349424335478141,,1.0
Corn,2025-11-17,154,0.009188393579294813,0.009188393579294813,,1.0
Corn,2025-11-24,155,0.0014435647446796292,0.0014435647446796292,,1.0
Corn,2025-12-01,156,0.01247220042217314,0.01247220042217314,,1.0
