Price,Close,High,Low,Open,Volume
Ticker,BZ=F,BZ=F,BZ=F,BZ=F,BZ=F
Date,,,,,
2022-12-02,85.56999969482422,87.88999938964844,85.19000244140625,87.12999725341797,23562
2022-12-05,82.68000030517578,88.43000030517578,82.54000091552734,85.5199966430664,25039
2022-12-06,79.3499984741211,83.66999816894531,78.70999908447266,83.08999633789062,26680
2022-12-07,77.16999816894531,80.4800033569336,76.94000244140625,79.79000091552734,26919
2022-12-08,76.1500015258789,79.18000030517578,75.76000213623047,77.48999786376953,33131
2022-12-09,76.0999984741211,77.47000122070312,75.11000061035156,76.7300033569336,24479
2022-12-12,77.98999786376953,78.58000183105469,75.26000213623047,76.66999816894531,23020
2022-12-13,80.68000030517578,81.27999877929688,78.04000091552734,78.19000244140625,30052
2022-12-14,82.69999694824219,83.13999938964844,80.12999725341797,80.33999633789062,27330
2022-12-15,81.20999908447266,83.19000244140625,80.83000183105469,82.83999633789062,26470
2022-12-16,79.04000091552734,81.76000213623047,78.27999877929688,81.33999633789062,24439
2022-12-19,79.80000305175781,80.88999938964844,78.62999725341797,79.08999633789062,19676
2022-12-20,79.98999786376953,80.9000015258789,78.30000305175781,80.27999877929688,19646
2022-12-21,82.19999694824219,82.54000091552734,79.5999984741211,79.94999694824219,17234
2022-12-22,80.9800033569336,83.86000061035156,80.68000030517578,82.37000274658203,16647
2022-12-23,83.91999816894531,84.37000274658203,81.33999633789062,81.7300033569336,8621
2022-12-27,84.33000183105469,85.66999816894531,83.66000366210938,84.45999908447266,7512
2022-12-28,83.26000213623047,84.63999938964844,81.94999694824219,84.5999984741211,5384
2022-12-29,82.26000213623047,82.91000366210938,81.30000305175781,82.86000061035156,20599
2022-12-30,85.91000366210938,86.27999877929688,82.87999725341797,83.66000366210938,19375
2023-01-03,82.0999984741211,87.0199966430664,81.7699966430664,86.04000091552734,27559
2023-01-04,77.83999633789062,82.66999816894531,77.72000122070312,82.2300033569336,24772
2023-01-05,78.69000244140625,79.95999908447266,77.61000061035156,78.08999633789062,28051
2023-01-06,78.56999969482422,80.56999969482422,78.05000305175781,78.80999755859375,23767
2023-01-09,79.6500015258789,81.37000274658203,78.33999633789062,78.4800033569336,29985
2023-01-10,80.0999984741211,80.87999725341797,78.80999755859375,79.70999908447266,21541
2023-01-11,82.66999816894531,82.97000122070312,79.30000305175781,79.58999633789062,29995
2023-01-12,84.02999877929688,84.61000061035156,82.37999725341797,82.86000061035156,29360
2023-01-13,85.27999877929688,85.48999786376953,83.48999786376953,83.94999694824219,17857
2023-01-17,85.91999816894531,86.81999969482422,83.86000061035156,85.44000244140625,36658
2023-01-18,84.9800033569336,87.83999633789062,84.4000015258789,86.72000122070312,26461
2023-01-19,86.16000366210938,86.8499984741211,83.73999786376953,84.58999633789062,28822
2023-01-20,87.62999725341797,87.7699966430664,85.58000183105469,86.36000061035156,24374
2023-01-23,88.19000244140625,89.0999984741211,86.93000030517578,87.80999755859375,21194
2023-01-24,86.12999725341797,88.70999908447266,85.80999755859375,88.02999877929688,26572
2023-01-25,86.12000274658203,87.01000213623047,85.41000366210938,86.30000305175781,19993
2023-01-26,87.47000122070312,88.01000213623047,85.77999877929688,86.12999725341797,14187
2023-01-27,86.66000366210938,88.91000366210938,85.68000030517578,87.5999984741211,10012
2023-01-30,84.9000015258789,87.37000274658203,84.75,86.80000305175781,5879
2023-01-31,84.48999786376953,85.16000366210938,83.69000244140625,85.16000366210938,30498
2023-02-01,82.83999633789062,86.19999694824219,82.37000274658203,85.5199966430664,28085
2023-02-02,82.16999816894531,83.5999984741211,81.23999786376953,83.08999633789062,24611
2023-02-03,79.94000244140625,84.19000244140625,79.62000274658203,82.1500015258789,24743
2023-02-06,80.98999786376953,81.4000015258789,79.08999633789062,79.75,31365
2023-02-07,83.69000244140625,84.0999984741211,81.18000030517578,81.4000015258789,24432
2023-02-08,85.08999633789062,85.16000366210938,83.5,84.02999877929688,29853
2023-02-09,84.5,85.5,83.05999755859375,85.06999969482422,30520
2023-02-10,86.38999938964844,86.91000366210938,83.94000244140625,84.2300033569336,30882
2023-02-13,86.61000061035156,86.94999694824219,85.08999633789062,86.5999984741211,19426
2023-02-14,85.58000183105469,86.4000015258789,84.12000274658203,85.75,19585
2023-02-15,85.37999725341797,85.8499984741211,83.9000015258789,85.29000091552734,21161
2023-02-16,85.13999938964844,86.19999694824219,84.5999984741211,85.13999938964844,20089
2023-02-17,83.0,84.8499984741211,81.79000091552734,84.66999816894531,27191
2023-02-21,83.05000305175781,84.29000091552734,82.54000091552734,83.01000213623047,31936
2023-02-22,80.5999984741211,83.2300033569336,80.4000015258789,82.73999786376953,20309
2023-02-23,82.20999908447266,82.75,80.33999633789062,80.47000122070312,14474
2023-02-24,83.16000366210938,83.37999725341797,81.06999969482422,82.3499984741211,13365
2023-02-27,82.44999694824219,83.62999725341797,81.73999786376953,83.12000274658203,5691
2023-02-28,83.88999938964844,84.12000274658203,82.61000061035156,82.63999938964844,24882
2023-03-01,84.30999755859375,84.48999786376953,82.61000061035156,83.0999984741211,26723
2023-03-02,84.75,85.08999633789062,83.83999633789062,84.30999755859375,17997
2023-03-03,85.83000183105469,86.0,82.36000061035156,84.41000366210938,27594
2023-03-06,86.18000030517578,86.36000061035156,84.3499984741211,85.93000030517578,24587
2023-03-07,83.29000091552734,86.76000213623047,82.6500015258789,86.2300033569336,26092
2023-03-08,82.66000366210938,83.58999633789062,82.05000305175781,82.9800033569336,23661
2023-03-09,81.58999633789062,84.01000213623047,81.41000366210938,82.62000274658203,25018
2023-03-10,82.77999877929688,83.08000183105469,80.7300033569336,81.47000122070312,26753
2023-03-13,80.7699966430664,83.47000122070312,78.33999633789062,82.54000091552734,38195
2023-03-14,77.44999694824219,80.87999725341797,76.87999725341797,80.69000244140625,33198
2023-03-15,73.69000244140625,78.70999908447266,71.62999725341797,77.56999969482422,46598
2023-03-16,74.69999694824219,75.5199966430664,71.86000061035156,74.3499984741211,29873
2023-03-17,72.97000122070312,75.9000015258789,71.3499984741211,74.55000305175781,34734
2023-03-20,73.79000091552734,73.8499984741211,70.12999725341797,72.88999938964844,22185
2023-03-21,75.31999969482422,75.4000015258789,72.80999755859375,73.73999786376953,18784
2023-03-22,76.69000244140625,77.08999633789062,74.5199966430664,75.08999633789062,19933
2023-03-23,75.91000366210938,77.43000030517578,75.12000274658203,75.73999786376953,18685
2023-03-24,74.98999786376953,76.27999877929688,72.69000244140625,75.41999816894531,18941
2023-03-27,78.12000274658203,78.43000030517578,74.80000305175781,75.23999786376953,13874
2023-03-28,78.6500015258789,79.20999908447266,77.55000305175781,78.18000030517578,17782
2023-03-29,78.27999877929688,79.69999694824219,77.94999694824219,79.0199966430664,11027
2023-03-30,79.2699966430664,79.55000305175781,77.8499984741211,78.22000122070312,6818
2023-03-31,79.7699966430664,79.7699966430664,79.06999969482422,79.27999877929688,38477
2023-04-03,84.93000030517578,86.23999786376953,83.29000091552734,83.29000091552734,37587
2023-04-04,84.94000244140625,86.05000305175781,83.87000274658203,84.77999877929688,32987
2023-04-05,84.98999786376953,85.55000305175781,84.01000213623047,85.0999984741211,28362
2023-04-06,85.12000274658203,85.44000244140625,84.05000305175781,84.83000183105469,0
2023-04-10,84.18000030517578,85.63999938964844,84.08000183105469,84.94999694824219,14242
2023-04-11,85.61000061035156,85.68000030517578,83.75,84.27999877929688,28189
2023-04-12,87.33000183105469,87.48999786376953,85.41000366210938,85.55000305175781,36337
2023-04-13,86.08999633789062,87.47000122070312,86.05999755859375,87.1500015258789,26363
2023-04-14,86.30999755859375,86.86000061035156,85.54000091552734,86.33999633789062,28360
2023-04-17,84.76000213623047,86.51000213623047,84.3499984741211,86.2699966430664,30271
2023-04-18,84.7699966430664,85.4000015258789,83.81999969482422,84.81999969482422,27241
2023-04-19,83.12000274658203,85.1500015258789,82.41000366210938,84.86000061035156,30732
2023-04-20,81.0999984741211,83.04000091552734,80.7699966430664,83.0,26114
2023-04-21,81.66000366210938,82.04000091552734,80.44999694824219,80.83000183105469,17805
2023-04-24,82.7300033569336,82.98999786376953,80.48999786376953,81.5999984741211,16684
2023-04-25,80.7699966430664,83.05000305175781,80.3499984741211,82.58000183105469,17134
2023-04-26,77.69000244140625,81.47000122070312,77.4800033569336,81.0,15436
2023-04-27,78.37000274658203,78.62999725341797,77.38999938964844,77.87000274658203,8926
2023-04-28,79.54000091552734,79.5999984741211,77.97000122070312,78.30999755859375,26788
2023-05-01,79.30999755859375,80.19000244140625,78.12999725341797,80.18000030517578,12551
2023-05-02,75.31999969482422,79.77999877929688,75.08999633789062,79.26000213623047,35700
2023-05-03,72.33000183105469,75.55000305175781,71.68000030517578,75.2699966430664,34878
2023-05-04,72.5,73.7300033569336,68.19999694824219,71.88999938964844,30132
2023-05-05,75.30000305175781,75.7300033569336,72.41000366210938,72.6500015258789,20363
2023-05-08,77.01000213623047,77.41999816894531,74.95999908447266,75.41000366210938,17211
2023-05-09,77.44000244140625,77.48999786376953,75.06999969482422,76.8499984741211,24836
2023-05-10,76.41000366210938,77.5999984741211,75.68000030517578,77.25,30289
2023-05-11,74.9800033569336,77.4000015258789,74.62000274658203,76.63999938964844,32136
2023-05-12,74.16999816894531,75.83999633789062,74.02999877929688,75.45999908447266,26553
2023-05-15,75.2300033569336,75.75,73.48999786376953,74.25,24312
2023-05-16,74.91000366210938,75.94999694824219,74.5,75.44999694824219,23070
2023-05-17,76.95999908447266,77.30999755859375,74.08999633789062,74.68000030517578,31285
2023-05-18,75.86000061035156,76.9800033569336,75.4800033569336,76.79000091552734,20152
2023-05-19,75.58000183105469,77.5,75.0999984741211,75.9000015258789,22388
2023-05-22,75.98999786376953,76.45999908447266,74.55000305175781,75.73999786376953,22801
2023-05-23,76.83999633789062,77.73999786376953,75.6500015258789,75.97000122070312,30676
2023-05-24,78.36000061035156,78.66000366210938,77.04000091552734,77.58999633789062,33849
2023-05-25,76.26000213623047,78.5,75.12000274658203,78.26000213623047,36272
2023-05-26,76.94999694824219,77.3499984741211,75.72000122070312,76.12000274658203,15522
2023-05-30,73.54000091552734,77.73999786376953,73.16000366210938,77.37000274658203,13840
2023-05-31,72.66000366210938,73.7699966430664,71.55000305175781,73.6500015258789,34611
2023-06-01,74.27999877929688,75.25,72.01000213623047,72.08999633789062,31338
2023-06-02,76.12999725341797,76.48999786376953,74.18000030517578,74.41000366210938,26080
2023-06-05,76.70999908447266,78.72000122070312,76.30000305175781,77.5,34658
2023-06-06,76.29000091552734,76.76000213623047,74.7300033569336,76.47000122070312,27997
2023-06-07,76.94999694824219,77.62000274658203,75.51000213623047,76.06999969482422,35446
2023-06-08,75.95999908447266,77.66000366210938,73.56999969482422,76.80000305175781,45284
2023-06-09,74.79000091552734,76.55000305175781,74.72000122070312,75.52999877929688,25616
2023-06-12,71.83999633789062,74.87999725341797,71.56999969482422,74.87999725341797,33191
2023-06-13,74.29000091552734,74.6500015258789,71.94999694824219,72.0,28142
2023-06-14,73.19999694824219,75.4800033569336,73.02999877929688,74.06999969482422,26201
2023-06-15,75.66999816894531,75.95999908447266,72.91000366210938,73.47000122070312,21211
2023-06-16,76.61000061035156,76.73999786376953,75.08000183105469,75.58000183105469,20871
2023-06-20,75.9000015258789,77.1500015258789,74.5199966430664,76.2300033569336,34421
2023-06-21,77.12000274658203,77.23999786376953,75.37999725341797,75.5,22470
2023-06-22,74.13999938964844,77.19000244140625,73.58000183105469,76.95999908447266,30975
2023-06-23,73.8499984741211,74.37000274658203,72.0999984741211,74.1500015258789,15800
2023-06-26,74.18000030517578,74.83000183105469,73.43000030517578,74.44999694824219,20960
2023-06-27,72.26000213623047,74.88999938964844,72.08999633789062,74.2300033569336,15262
2023-06-28,74.02999877929688,74.20999908447266,71.58000183105469,72.55999755859375,12437
2023-06-29,74.33999633789062,74.97000122070312,73.41000366210938,73.75,6372
2023-06-30,74.9000015258789,75.12999725341797,74.25,74.25,29055
2023-07-03,74.6500015258789,76.58000183105469,74.58000183105469,75.12999725341797,24066
2023-07-05,76.6500015258789,76.94000244140625,74.77999877929688,74.94000244140625,35538
2023-07-06,76.5199966430664,77.08000183105469,75.01000213623047,76.54000091552734,29695
2023-07-07,78.47000122070312,78.52999877929688,76.0199966430664,76.4800033569336,26656
2023-07-10,77.69000244140625,78.77999877929688,77.33999633789062,78.48999786376953,21082
2023-07-11,79.4000015258789,79.5,77.63999938964844,77.86000061035156,22736
2023-07-12,80.11000061035156,80.56999969482422,79.22000122070312,79.27999877929688,25367
2023-07-13,81.36000061035156,81.75,79.87000274658203,80.1500015258789,28794
2023-07-14,79.87000274658203,81.69000244140625,79.56999969482422,81.61000061035156,23286
2023-07-17,78.5,80.62000274658203,78.26000213623047,79.44999694824219,29152
2023-07-18,79.62999725341797,80.01000213623047,78.19999694824219,78.52999877929688,30304
2023-07-19,79.45999908447266,80.94999694824219,79.18000030517578,79.80000305175781,33372
2023-07-20,79.63999938964844,80.2699966430664,78.66999816894531,79.5,24867
2023-07-21,81.06999969482422,81.23999786376953,79.66000366210938,79.66000366210938,23563
2023-07-24,82.73999786376953,83.16000366210938,80.41999816894531,80.98999786376953,28032
2023-07-25,83.63999938964844,83.87999725341797,82.23999786376953,82.83000183105469,22083
2023-07-26,82.91999816894531,83.86000061035156,82.5999984741211,83.2699966430664,19315
2023-07-27,84.23999786376953,84.51000213623047,82.98999786376953,83.02999877929688,18467
2023-07-28,84.98999786376953,85.0999984741211,83.22000122070312,84.05000305175781,11121
2023-07-31,85.55999755859375,85.66000366210938,84.5199966430664,84.87999725341797,23446
2023-08-01,84.91000366210938,85.79000091552734,84.26000213623047,85.3499984741211,27179
2023-08-02,83.19999694824219,85.9800033569336,82.75,85.7300033569336,32246
2023-08-03,85.13999938964844,85.41999816894531,82.37000274658203,83.44000244140625,30333
2023-08-04,86.23999786376953,86.6500015258789,85.11000061035156,85.31999969482422,22130
2023-08-07,85.33999633789062,86.70999908447266,85.04000091552734,86.13999938964844,19591
2023-08-08,86.16999816894531,86.3499984741211,83.31999969482422,85.83999633789062,26377
2023-08-09,87.55000305175781,87.66000366210938,85.94000244140625,86.01000213623047,29154
2023-08-10,86.4000015258789,88.0999984741211,86.1500015258789,87.37000274658203,28721
2023-08-11,86.80999755859375,87.3499984741211,85.8499984741211,86.38999938964844,33204
2023-08-14,86.20999908447266,86.69999694824219,85.5,86.63999938964844,24768
2023-08-15,84.88999938964844,86.66999816894531,84.29000091552734,86.30000305175781,29945
2023-08-16,83.44999694824219,85.36000061035156,83.12000274658203,85.12000274658203,31925
2023-08-17,84.12000274658203,84.88999938964844,83.05000305175781,83.3499984741211,33977
2023-08-18,84.80000305175781,85.06999969482422,83.31999969482422,83.83000183105469,26072
2023-08-21,84.45999908447266,85.87000274658203,84.30999755859375,85.05999755859375,27958
2023-08-22,84.02999877929688,84.6500015258789,83.83999633789062,84.38999938964844,27081
2023-08-23,83.20999908447266,84.23999786376953,81.97000122070312,83.9800033569336,35103
2023-08-24,83.36000061035156,83.61000061035156,81.97000122070312,82.98999786376953,27997
2023-08-25,84.4800033569336,84.97000122070312,82.69000244140625,83.19999694824219,20715
2023-08-28,84.41999816894531,85.22000122070312,84.11000061035156,84.87000274658203,14607
2023-08-29,85.48999786376953,85.6500015258789,83.77999877929688,84.37999725341797,14579
2023-08-30,85.86000061035156,86.20999908447266,85.12999725341797,85.62999725341797,12280
2023-08-31,86.86000061035156,86.9000015258789,85.8499984741211,85.8499984741211,33559
2023-09-01,88.55000305175781,88.95999908447266,86.73999786376953,86.81999969482422,33224
2023-09-05,90.04000091552734,91.18000030517578,88.06999969482422,88.69999694824219,46893
2023-09-06,90.5999984741211,91.11000061035156,89.25,89.9800033569336,25396
2023-09-07,89.91999816894531,90.86000061035156,89.47000122070312,90.61000061035156,22300
2023-09-08,90.6500015258789,91.0199966430664,89.30000305175781,89.80000305175781,27150
2023-09-11,90.63999938964844,91.44999694824219,90.12000274658203,90.66000366210938,29901
2023-09-12,92.05999755859375,92.41999816894531,90.54000091552734,90.55999755859375,31070
2023-09-13,91.87999725341797,92.83000183105469,91.62999725341797,91.93000030517578,31803
2023-09-14,93.69999694824219,94.20999908447266,92.02999877929688,92.19999694824219,36699
2023-09-15,93.93000030517578,94.61000061035156,92.66999816894531,94.12999725341797,35162
2023-09-18,94.43000030517578,94.94999694824219,93.77999877929688,94.19999694824219,33918
2023-09-19,94.33999633789062,95.94999694824219,94.16999816894531,94.62999725341797,43614
2023-09-20,93.52999877929688,94.7300033569336,92.76000213623047,94.4800033569336,43515
2023-09-21,93.30000305175781,94.5999984741211,92.19999694824219,93.22000122070312,38711
2023-09-22,93.2699966430664,94.62999725341797,92.80000305175781,93.31999969482422,31511
2023-09-25,93.29000091552734,94.25,92.54000091552734,93.75,18626
2023-09-26,93.95999908447266,94.20999908447266,91.80000305175781,93.26000213623047,18509
2023-09-27,96.55000305175781,97.04000091552734,94.1500015258789,94.16000366210938,23665
2023-09-28,95.37999725341797,97.62999725341797,94.75,96.62000274658203,9192
2023-09-29,95.30999755859375,96.23999786376953,94.95999908447266,95.0999984741211,47666
2023-10-02,90.70999908447266,93.31999969482422,90.3499984741211,92.19000244140625,38153
2023-10-03,90.91999816894531,91.55999755859375,89.5199966430664,90.44000244140625,50094
2023-10-04,85.80999755859375,91.19000244140625,85.7300033569336,90.95999908447266,49185
2023-10-05,84.06999969482422,86.51000213623047,83.83999633789062,86.02999877929688,44895
2023-10-06,84.58000183105469,84.95999908447266,83.44999694824219,84.22000122070312,41254
2023-10-09,88.1500015258789,89.0,86.06999969482422,86.3499984741211,37096
2023-10-10,87.6500015258789,88.47000122070312,86.91999816894531,88.11000061035156,29704
2023-10-11,85.81999969482422,88.25,85.22000122070312,87.75,37902
2023-10-12,86.0,87.63999938964844,85.18000030517578,85.5999984741211,40488
2023-10-13,90.88999938964844,90.98999786376953,86.27999877929688,86.41000366210938,44455
2023-10-16,89.6500015258789,91.38999938964844,89.48999786376953,90.91999816894531,28811
2023-10-17,89.9000015258789,90.91999816894531,88.87000274658203,90.05999755859375,27054
2023-10-18,91.5,92.97000122070312,90.5999984741211,90.9000015258789,35456
2023-10-19,92.37999725341797,93.47000122070312,89.52999877929688,91.33999633789062,34880
2023-10-20,92.16000366210938,93.79000091552734,91.68000030517578,92.8499984741211,30081
2023-10-23,89.83000183105469,92.43000030517578,89.62000274658203,92.12999725341797,36158
2023-10-24,88.06999969482422,90.66999816894531,87.3499984741211,90.3499984741211,42436
2023-10-25,90.12999725341797,90.33999633789062,86.66999816894531,88.13999938964844,47506
2023-10-26,87.93000030517578,90.36000061035156,87.55000305175781,90.04000091552734,22662
2023-10-27,90.4800033569336,90.73999786376953,87.83999633789062,88.26000213623047,21249
2023-10-30,87.44999694824219,90.30000305175781,87.22000122070312,90.30000305175781,15413
2023-10-31,87.41000366210938,88.52999877929688,87.41000366210938,87.80999755859375,35673
2023-11-01,84.62999725341797,87.22000122070312,84.55999755859375,85.44999694824219,36235
2023-11-02,86.8499984741211,87.02999877929688,84.61000061035156,84.94000244140625,31512
2023-11-03,84.88999938964844,87.77999877929688,84.55000305175781,86.86000061035156,36172
2023-11-06,85.18000030517578,86.44999694824219,84.91000366210938,85.38999938964844,26524
2023-11-07,81.61000061035156,85.31999969482422,81.41999816894531,85.2300033569336,38007
2023-11-08,79.54000091552734,81.93000030517578,79.16000366210938,81.47000122070312,36137
2023-11-09,80.01000213623047,81.4800033569336,79.44000244140625,79.77999877929688,32592
2023-11-10,81.43000030517578,82.05000305175781,79.61000061035156,79.69999694824219,20653
2023-11-13,82.5199966430664,82.81999969482422,80.41000366210938,81.44999694824219,22380
2023-11-14,82.47000122070312,83.97000122070312,82.05000305175781,82.75,25753
2023-11-15,81.18000030517578,83.01000213623047,80.80000305175781,82.37999725341797,32261
2023-11-16,77.41999816894531,81.16000366210938,76.5999984741211,80.94000244140625,37692
2023-11-17,80.61000061035156,80.80000305175781,77.27999877929688,77.52999877929688,35037
2023-11-20,82.31999969482422,82.93000030517578,79.97000122070312,80.47000122070312,24121
2023-11-21,82.44999694824219,82.52999877929688,81.41000366210938,82.12999725341797,22699
2023-11-22,81.95999908447266,82.62999725341797,78.41000366210938,82.4000015258789,40651
2023-11-23,81.37000274658203,81.62999725341797,80.18000030517578,81.62999725341797,40651
2023-11-24,80.58000183105469,82.19999694824219,80.18000030517578,81.62999725341797,19356
2023-11-27,79.9800033569336,81.18000030517578,79.12999725341797,80.33999633789062,15161
2023-11-28,81.68000030517578,82.18000030517578,79.83000183105469,80.13999938964844,15095
2023-11-29,83.0999984741211,83.23999786376953,80.95999908447266,81.93000030517578,8045
2023-11-30,82.83000183105469,84.70999908447266,82.66999816894531,82.87000274658203,59320
2023-12-01,78.87999725341797,81.5199966430664,78.75,80.47000122070312,29551
2023-12-04,78.02999877929688,79.66000366210938,77.5199966430664,79.43000030517578,32582
2023-12-05,77.19999694824219,79.06999969482422,76.9800033569336,78.19999694824219,30931
2023-12-06,74.30000305175781,77.62999725341797,74.11000061035156,77.05999755859375,34004
2023-12-07,74.05000305175781,75.4800033569336,73.61000061035156,74.30000305175781,26600
2023-12-08,75.83999633789062,76.36000061035156,74.2300033569336,74.5,21497
2023-12-11,76.02999877929688,76.4800033569336,75.0,75.66000366210938,20413
2023-12-12,73.23999786376953,76.63999938964844,72.86000061035156,76.25,29568
2023-12-13,74.26000213623047,74.69999694824219,72.30000305175781,73.36000061035156,27711
2023-12-14,76.61000061035156,77.3499984741211,74.45999908447266,74.70999908447266,28386
2023-12-15,76.55000305175781,77.22000122070312,75.33000183105469,76.5999984741211,19442
2023-12-18,77.94999694824219,79.51000213623047,75.77999877929688,76.97000122070312,30258
2023-12-19,79.2300033569336,79.66000366210938,77.43000030517578,78.05000305175781,25735
2023-12-20,79.69999694824219,80.61000061035156,79.08000183105469,79.25,26913
2023-12-21,79.38999938964844,80.12000274658203,77.8499984741211,79.13999938964844,22237
2023-12-22,79.06999969482422,80.37000274658203,78.83000183105469,79.44000244140625,12334
2023-12-26,81.06999969482422,81.70999908447266,78.80999755859375,79.19000244140625,10247
2023-12-27,79.6500015258789,81.31999969482422,79.48999786376953,80.73999786376953,8282
2023-12-28,78.38999938964844,79.95999908447266,78.33999633789062,79.83999633789062,24301
2023-12-29,77.04000091552734,77.97000122070312,76.75,77.41999816894531,20115
2024-01-02,75.88999938964844,79.04000091552734,75.5999984741211,77.20999908447266,28591
2024-01-03,78.25,78.66999816894531,74.79000091552734,75.98999786376953,32172
2024-01-04,77.58999633789062,79.4000015258789,76.5,78.5,33154
2024-01-05,78.76000213623047,79.25,77.5,77.5999984741211,30994
2024-01-08,76.12000274658203,78.94999694824219,75.26000213623047,78.5999984741211,32539
2024-01-09,77.58999633789062,78.18000030517578,75.95999908447266,76.36000061035156,27914
2024-01-10,76.80000305175781,78.7300033569336,76.37999725341797,77.45999908447266,34395
2024-01-11,77.41000366210938,79.08999633789062,76.6500015258789,76.73999786376953,35565
2024-01-12,78.29000091552734,80.73999786376953,77.93000030517578,78.45999908447266,31824
2024-01-16,78.29000091552734,79.38999938964844,76.83000183105469,78.08000183105469,46742
2024-01-17,77.87999725341797,78.18000030517578,76.5,77.86000061035156,35892
2024-01-18,79.0999984741211,79.30000305175781,77.33999633789062,78.05000305175781,28190
2024-01-19,78.55999755859375,79.75,78.33000183105469,78.9800033569336,23734
2024-01-22,80.05999755859375,80.55000305175781,77.81999969482422,78.8499984741211,27825
2024-01-23,79.55000305175781,80.44000244140625,78.69999694824219,79.91000366210938,27835
2024-01-24,80.04000091552734,80.73999786376953,79.05000305175781,79.73999786376953,22429
2024-01-25,82.43000030517578,82.55999755859375,80.06999969482422,80.30999755859375,21420
2024-01-26,83.55000305175781,83.83000183105469,81.31999969482422,82.38999938964844,19128
2024-01-29,82.4000015258789,84.79000091552734,82.04000091552734,84.12999725341797,12802
2024-01-30,82.87000274658203,83.25,81.33999633789062,82.56999969482422,7284
2024-01-31,81.70999908447266,82.80000305175781,81.70999908447266,82.58999633789062,33486
2024-02-01,78.69999694824219,81.55000305175781,78.58000183105469,80.66999816894531,48919
2024-02-02,77.33000183105469,79.44000244140625,76.86000061035156,78.91999816894531,32405
2024-02-05,77.98999786376953,78.33000183105469,76.62000274658203,77.66000366210938,24879
2024-02-06,78.58999633789062,79.06999969482422,77.6500015258789,77.94000244140625,24904
2024-02-07,79.20999908447266,79.47000122070312,78.48999786376953,78.69999694824219,26342
2024-02-08,81.62999725341797,81.88999938964844,79.0199966430664,79.37999725341797,32568
2024-02-09,82.19000244140625,82.45999908447266,81.20999908447266,81.7300033569336,26408
2024-02-12,82.0,82.20999908447266,80.79000091552734,81.76000213623047,22915
2024-02-13,82.7699966430664,83.2300033569336,81.95999908447266,82.05000305175781,29306
2024-02-14,81.5999984741211,83.61000061035156,81.38999938964844,82.66000366210938,28305
2024-02-15,82.86000061035156,83.25,80.72000122070312,81.5199966430664,31230
2024-02-16,83.47000122070312,83.66000366210938,81.9000015258789,82.83000183105469,34125
2024-02-20,82.33999633789062,83.62999725341797,82.05000305175781,83.30000305175781,34581
2024-02-21,83.02999877929688,83.16999816894531,81.66999816894531,82.55999755859375,23038
2024-02-22,83.66999816894531,83.97000122070312,82.33999633789062,83.16000366210938,27885
2024-02-23,81.62000274658203,83.4800033569336,81.44000244140625,83.41999816894531,19427
2024-02-26,82.52999877929688,83.05999755859375,81.0199966430664,81.58999633789062,15694
2024-02-27,83.6500015258789,83.73999786376953,82.0999984741211,82.55000305175781,10882
2024-02-28,83.68000030517578,84.30000305175781,82.62000274658203,83.4000015258789,6015
2024-02-29,83.62000274658203,83.73999786376953,83.04000091552734,83.6500015258789,27327
2024-03-01,83.55000305175781,84.3499984741211,81.80999755859375,81.97000122070312,30885
2024-03-04,82.80000305175781,84.06999969482422,82.58000183105469,83.58999633789062,26396
2024-03-05,82.04000091552734,83.13999938964844,81.7300033569336,82.97000122070312,37442
2024-03-06,82.95999908447266,84.05999755859375,81.88999938964844,82.08000183105469,35173
2024-03-07,82.95999908447266,83.47000122070312,82.06999969482422,82.83999633789062,32447
2024-03-08,82.08000183105469,83.83999633789062,81.70999908447266,83.33999633789062,26605
2024-03-11,82.20999908447266,82.7300033569336,81.08000183105469,81.91000366210938,28619
2024-03-12,81.91999816894531,83.01000213623047,81.69000244140625,82.43000030517578,29951
2024-03-13,84.02999877929688,84.22000122070312,81.97000122070312,82.38999938964844,34043
2024-03-14,85.41999816894531,85.68000030517578,83.94000244140625,83.9800033569336,34250
2024-03-15,85.33999633789062,85.55000305175781,84.62999725341797,85.12999725341797,23623
2024-03-18,86.88999938964844,87.18000030517578,85.26000213623047,85.37999725341797,33687
2024-03-19,87.37999725341797,87.70999908447266,86.48999786376953,86.8499984741211,30045
2024-03-20,85.94999694824219,87.3499984741211,85.58000183105469,87.22000122070312,35304
2024-03-21,85.77999877929688,86.63999938964844,85.05000305175781,86.16000366210938,23829
2024-03-22,85.43000030517578,86.1500015258789,85.11000061035156,85.55000305175781,14778
2024-03-25,86.75,87.18000030517578,85.4000015258789,85.5999984741211,21176
2024-03-26,86.25,87.05000305175781,85.80999755859375,86.7699966430664,12736
2024-03-27,86.08999633789062,86.36000061035156,85.18000030517578,85.97000122070312,8449
2024-03-28,87.4800033569336,87.4800033569336,86.31999969482422,86.52999877929688,30759
2024-04-01,87.41999816894531,87.98999786376953,86.4000015258789,86.93000030517578,29598
2024-04-02,88.91999816894531,89.27999877929688,87.6500015258789,87.80000305175781,40754
2024-04-03,89.3499984741211,89.9800033569336,88.68000030517578,89.20999908447266,35138
2024-04-04,90.6500015258789,91.30000305175781,88.7300033569336,89.5,38764
2024-04-05,91.16999816894531,91.91000366210938,90.56999969482422,91.01000213623047,37391
2024-04-08,90.37999725341797,91.0999984741211,88.80000305175781,90.30999755859375,39142
2024-04-09,89.41999816894531,90.94000244140625,89.2699966430664,90.55000305175781,33993
2024-04-10,90.4800033569336,90.66000366210938,88.83000183105469,89.51000213623047,51136
2024-04-11,89.73999786376953,90.91999816894531,89.37000274658203,90.54000091552734,47337
2024-04-12,90.44999694824219,92.18000030517578,90.01000213623047,90.29000091552734,43560
2024-04-15,90.0999984741211,91.1500015258789,88.7300033569336,90.37000274658203,35488
2024-04-16,90.0199966430664,90.83000183105469,89.41000366210938,90.43000030517578,34348
2024-04-17,87.29000091552734,90.1500015258789,87.13999938964844,90.05000305175781,45933
2024-04-18,87.11000061035156,87.79000091552734,86.0999984741211,87.44000244140625,38630
2024-04-19,87.29000091552734,90.77999877929688,86.16000366210938,86.95999908447266,45203
2024-04-22,87.0,87.25,85.79000091552734,87.04000091552734,32395
2024-04-23,88.41999816894531,88.48999786376953,86.04000091552734,87.2300033569336,35381
2024-04-24,88.0199966430664,88.80000305175781,87.6500015258789,88.45999908447266,26662
2024-04-25,89.01000213623047,89.26000213623047,87.29000091552734,88.11000061035156,24588
2024-04-26,89.5,89.83000183105469,88.80000305175781,89.20999908447266,15475
2024-04-29,88.4000015258789,89.30000305175781,88.0999984741211,89.25,15093
2024-04-30,87.86000061035156,88.70999908447266,87.47000122070312,88.31999969482422,39816
2024-05-01,83.44000244140625,85.95999908447266,83.29000091552734,85.95999908447266,48165
2024-05-02,83.66999816894531,84.41999816894531,83.02999877929688,83.55999755859375,39951
2024-05-03,82.95999908447266,84.4000015258789,82.80000305175781,83.80000305175781,31511
2024-05-06,83.33000183105469,83.81999969482422,82.76000213623047,82.9800033569336,23246
2024-05-07,83.16000366210938,83.87000274658203,82.4000015258789,83.58999633789062,33414
2024-05-08,83.58000183105469,83.81999969482422,81.72000122070312,83.04000091552734,35419
2024-05-09,83.87999725341797,84.33000183105469,83.45999908447266,83.77999877929688,25231
2024-05-10,82.79000091552734,84.5199966430664,82.70999908447266,84.20999908447266,25062
2024-05-13,83.36000061035156,83.83000183105469,82.26000213623047,82.69999694824219,29242
2024-05-14,82.37999725341797,83.62000274658203,82.0999984741211,83.5,33169
2024-05-15,82.75,83.06999969482422,81.05999755859375,82.7699966430664,41744
2024-05-16,83.2699966430664,83.77999877929688,82.30999755859375,82.93000030517578,27576
2024-05-17,83.9800033569336,84.04000091552734,83.08999633789062,83.44000244140625,23516
2024-05-20,83.70999908447266,84.5,83.12000274658203,84.0,22320
2024-05-21,82.87999725341797,83.73999786376953,82.05999755859375,83.69999694824219,29726
2024-05-22,81.9000015258789,82.63999938964844,81.58000183105469,82.4800033569336,32042
2024-05-23,81.36000061035156,82.97000122070312,80.93000030517578,81.69000244140625,27035
2024-05-24,82.12000274658203,82.44999694824219,80.66000366210938,81.54000091552734,17991
2024-05-28,84.22000122070312,84.62999725341797,82.06999969482422,82.1500015258789,23477
2024-05-29,83.5999984741211,85.01000213623047,83.30000305175781,84.62000274658203,15987
2024-05-30,81.86000061035156,83.76000213623047,81.81999969482422,83.5,9220
2024-05-31,81.62000274658203,82.12000274658203,81.18000030517578,81.77999877929688,33414
2024-06-03,78.36000061035156,81.62999725341797,78.08999633789062,81.19000244140625,42771
2024-06-04,77.5199966430664,78.20999908447266,76.75,78.16000366210938,41209
2024-06-05,78.41000366210938,78.5999984741211,77.13999938964844,77.16999816894531,37039
2024-06-06,79.87000274658203,80.06999969482422,78.37000274658203,78.58000183105469,36186
2024-06-07,79.62000274658203,80.37999725341797,79.33000183105469,80.0199966430664,26371
2024-06-10,81.62999725341797,82.16000366210938,79.3499984741211,79.41000366210938,36413
2024-06-11,81.91999816894531,82.36000061035156,81.19999694824219,81.97000122070312,35178
2024-06-12,82.5999984741211,83.33999633789062,81.97000122070312,82.12000274658203,40802
2024-06-13,82.75,83.04000091552734,81.80000305175781,82.54000091552734,39191
2024-06-14,82.62000274658203,83.38999938964844,81.91999816894531,82.13999938964844,39346
2024-06-17,84.25,84.55000305175781,82.11000061035156,82.62000274658203,32978
2024-06-18,85.33000183105469,85.4800033569336,83.66000366210938,84.4000015258789,45690
2024-06-20,85.70999908447266,85.97000122070312,84.88999938964844,85.37999725341797,52543
2024-06-21,85.23999786376953,86.2300033569336,84.83999633789062,85.68000030517578,25055
2024-06-24,86.01000213623047,86.16999816894531,84.7300033569336,85.08999633789062,28043
2024-06-25,85.01000213623047,86.31999969482422,84.76000213623047,86.1500015258789,26591
2024-06-26,85.25,85.81999969482422,84.4800033569336,84.88999938964844,18107
2024-06-27,86.38999938964844,86.51000213623047,84.88999938964844,85.25,11216
2024-06-28,86.41000366210938,87.2300033569336,86.29000091552734,86.54000091552734,38920
2024-07-01,86.5999984741211,86.87999725341797,84.87999725341797,84.9000015258789,55468
2024-07-02,86.23999786376953,87.44999694824219,86.16999816894531,86.69000244140625,52311
2024-07-03,87.33999633789062,87.37999725341797,85.88999938964844,86.5,39021
2024-07-05,86.54000091552734,87.94999694824219,86.48999786376953,87.02999877929688,51456
2024-07-08,85.75,86.91000366210938,85.55000305175781,86.75,36568
2024-07-09,84.66000366210938,85.8499984741211,84.54000091552734,85.68000030517578,44667
2024-07-10,85.08000183105469,85.6500015258789,84.0,85.01000213623047,51274
2024-07-11,85.4000015258789,85.88999938964844,84.6500015258789,85.41999816894531,47743
2024-07-12,85.02999877929688,86.33999633789062,84.95999908447266,85.58999633789062,48430
2024-07-15,84.8499984741211,85.36000061035156,84.41000366210938,85.02999877929688,36586
2024-07-16,83.7300033569336,84.87000274658203,83.30000305175781,84.86000061035156,45546
2024-07-17,85.08000183105469,85.19999694824219,83.44000244140625,83.83999633789062,44273
2024-07-18,85.11000061035156,85.81999969482422,84.22000122070312,85.19999694824219,45867
2024-07-19,82.62999725341797,85.3499984741211,82.56999969482422,84.80000305175781,45739
2024-07-22,82.4000015258789,83.20999908447266,81.58999633789062,82.83000183105469,36408
2024-07-23,81.01000213623047,82.77999877929688,80.5199966430664,82.20999908447266,45436
2024-07-24,81.70999908447266,82.22000122070312,80.94000244140625,81.48999786376953,47261
2024-07-25,82.37000274658203,82.5199966430664,80.08999633789062,81.52999877929688,51868
2024-07-26,81.12999725341797,82.69000244140625,80.31999969482422,82.44999694824219,27491
2024-07-29,79.77999877929688,81.72000122070312,79.37999725341797,81.0199966430664,22531
2024-07-30,78.62999725341797,79.94999694824219,78.41999816894531,79.83999633789062,15035
2024-07-31,80.72000122070312,80.83999633789062,79.0,79.05999755859375,54838
2024-08-01,79.5199966430664,81.80000305175781,79.44000244140625,81.51000213623047,44000
2024-08-02,76.80999755859375,80.44999694824219,76.41999816894531,80.04000091552734,58894
2024-08-05,76.30000305175781,77.75,75.05000305175781,77.44000244140625,59442
2024-08-06,76.4800033569336,77.80000305175781,75.58999633789062,77.2300033569336,45238
2024-08-07,78.33000183105469,78.86000061035156,75.94999694824219,76.19999694824219,49730
2024-08-08,79.16000366210938,79.37000274658203,77.62999725341797,78.4800033569336,40462
2024-08-09,79.66000366210938,79.81999969482422,78.7699966430664,79.01000213623047,32227
2024-08-12,82.30000305175781,82.4000015258789,79.4800033569336,79.66999816894531,45234
2024-08-13,80.69000244140625,82.30000305175781,80.55000305175781,81.98999786376953,50485
2024-08-14,79.76000213623047,81.44000244140625,79.61000061035156,80.9800033569336,50327
2024-08-15,81.04000091552734,81.41000366210938,79.6500015258789,79.98999786376953,33165
2024-08-16,79.68000030517578,81.0,78.63999938964844,80.95999908447266,33753
2024-08-19,77.66000366210938,79.75,77.5,79.6500015258789,45853
2024-08-20,77.19999694824219,78.33999633789062,76.54000091552734,77.73999786376953,39162
2024-08-21,76.05000305175781,78.19999694824219,75.6500015258789,77.08000183105469,45081
2024-08-22,77.22000122070312,77.69999694824219,75.77999877929688,76.16000366210938,33822
2024-08-23,79.0199966430664,79.26000213623047,77.05000305175781,77.12000274658203,19275
2024-08-26,81.43000030517578,81.58000183105469,79.23999786376953,79.31999969482422,25997
2024-08-27,79.55000305175781,81.56999969482422,79.4800033569336,81.22000122070312,21261
2024-08-28,78.6500015258789,80.01000213623047,77.93000030517578,79.83999633789062,16512
2024-08-29,79.94000244140625,80.79000091552734,78.11000061035156,78.36000061035156,9726
2024-08-30,78.80000305175781,80.5,78.5999984741211,79.5199966430664,50268
2024-09-03,73.75,77.61000061035156,73.5199966430664,76.88999938964844,70646
2024-09-04,72.69999694824219,74.79000091552734,72.3499984741211,73.68000030517578,56979
2024-09-05,72.69000244140625,74.18000030517578,72.36000061035156,72.62000274658203,47879
2024-09-06,71.05999755859375,73.5199966430664,70.62000274658203,72.8499984741211,36035
2024-09-09,71.83999633789062,72.22000122070312,70.6500015258789,71.5199966430664,35995
2024-09-10,69.19000244140625,72.26000213623047,68.69000244140625,71.9000015258789,47963
2024-09-11,70.61000061035156,71.08000183105469,69.01000213623047,69.68000030517578,42995
2024-09-12,71.97000122070312,72.86000061035156,70.58999633789062,70.72000122070312,42690
2024-09-13,71.61000061035156,73.2300033569336,71.4800033569336,72.37000274658203,34281
2024-09-16,72.75,73.37999725341797,71.5199966430664,72.0199966430664,36417
2024-09-17,73.69999694824219,74.2699966430664,72.16999816894531,73.01000213623047,38565
2024-09-18,73.6500015258789,74.08999633789062,72.30999755859375,73.68000030517578,35693
2024-09-19,74.87999725341797,75.19000244140625,72.87999725341797,72.9000015258789,36126
2024-09-20,74.48999786376953,75.01000213623047,74.0,74.87999725341797,27358
2024-09-23,73.9000015258789,75.16000366210938,73.11000061035156,74.76000213623047,29116
2024-09-24,75.16999816894531,75.87000274658203,73.97000122070312,74.27999877929688,31341
2024-09-25,73.45999908447266,75.31999969482422,73.04000091552734,75.12999725341797,31571
2024-09-26,71.5999984741211,73.7699966430664,70.7699966430664,73.47000122070312,18234
2024-09-27,71.9800033569336,72.36000061035156,70.93000030517578,71.23999786376953,7872
2024-09-30,71.7699966430664,73.0999984741211,71.38999938964844,71.83999633789062,41928
2024-10-01,73.55999755859375,75.44999694824219,69.91000366210938,72.0,90111
2024-10-02,73.9000015258789,76.12999725341797,73.58999633789062,74.4000015258789,53911
2024-10-03,77.62000274658203,77.97000122070312,74.30999755859375,74.7300033569336,68997
2024-10-04,78.05000305175781,79.30000305175781,77.38999938964844,77.98999786376953,57481
2024-10-07,80.93000030517578,81.16000366210938,77.26000213623047,78.01000213623047,55050
2024-10-08,77.18000030517578,82.08000183105469,76.37000274658203,81.16000366210938,66184
2024-10-09,76.58000183105469,78.0199966430664,75.1500015258789,77.5199966430664,46931
2024-10-10,79.4000015258789,79.72000122070312,76.73999786376953,76.75,43562
2024-10-11,79.04000091552734,79.48999786376953,78.05000305175781,79.2300033569336,44341
2024-10-14,77.45999908447266,78.5999984741211,75.38999938964844,78.5999984741211,35593
2024-10-15,74.25,75.62999725341797,73.33000183105469,75.20999908447266,47877
2024-10-16,74.22000122070312,74.91999816894531,73.41999816894531,74.72000122070312,40980
2024-10-17,74.44999694824219,74.91000366210938,73.25,74.5,36901
2024-10-18,73.05999755859375,74.94000244140625,72.48999786376953,74.5199966430664,34009
2024-10-21,74.29000091552734,74.55999755859375,72.80000305175781,73.13999938964844,29891
2024-10-22,76.04000091552734,76.31999969482422,73.56999969482422,74.13999938964844,36505
2024-10-23,74.95999908447266,76.01000213623047,74.44000244140625,75.6500015258789,28090
2024-10-24,74.37999725341797,76.52999877929688,74.0,75.20999908447266,23845
2024-10-25,76.05000305175781,76.13999938964844,74.16999816894531,74.55000305175781,20056
2024-10-28,71.41999816894531,74.0,71.16999816894531,74.0,28003
2024-10-29,71.12000274658203,72.56999969482422,70.7300033569336,72.11000061035156,16776
2024-10-30,72.55000305175781,73.08000183105469,71.16000366210938,71.31999969482422,11034
2024-10-31,73.16000366210938,73.36000061035156,72.37000274658203,72.76000213623047,36772
2024-11-01,73.0999984741211,74.94999694824219,72.88999938964844,74.12999725341797,32059
2024-11-04,75.08000183105469,75.38999938964844,73.7300033569336,73.7300033569336,31292
2024-11-05,75.52999877929688,76.2300033569336,74.91999816894531,75.19999694824219,40233
2024-11-06,74.91999816894531,76.01000213623047,73.3499984741211,75.48999786376953,57996
2024-11-07,75.62999725341797,76.06999969482422,74.05000305175781,75.11000061035156,41262
2024-11-08,73.87000274658203,75.62000274658203,73.44000244140625,75.5199966430664,35855
2024-11-11,71.83000183105469,74.12999725341797,71.58999633789062,73.73999786376953,33838
2024-11-12,71.88999938964844,72.81999969482422,71.55999755859375,71.91999816894531,38295
2024-11-13,72.27999877929688,72.62000274658203,70.75,71.77999877929688,43666
2024-11-14,72.55999755859375,73.22000122070312,71.80000305175781,71.98999786376953,32367
2024-11-15,71.04000091552734,72.47000122070312,70.83999633789062,72.43000030517578,30126
2024-11-18,73.30000305175781,73.45999908447266,70.69999694824219,70.87999725341797,30425
2024-11-19,73.30999755859375,73.87000274658203,72.61000061035156,73.18000030517578,32668
2024-11-20,72.80999755859375,73.94000244140625,72.69999694824219,73.33999633789062,26041
2024-11-21,74.2300033569336,74.37000274658203,72.91000366210938,73.12000274658203,35756
2024-11-22,75.16999816894531,75.41999816894531,73.51000213623047,74.29000091552734,29569
2024-11-25,73.01000213623047,75.30999755859375,72.8499984741211,75.20999908447266,29335
2024-11-26,72.80999755859375,74.33000183105469,72.12000274658203,73.12000274658203,17616
2024-11-27,72.83000183105469,73.3499984741211,72.2699966430664,72.94000244140625,10246
2024-11-29,72.94000244140625,73.5,72.12000274658203,72.91999816894531,45282
2024-12-02,71.83000183105469,72.87999725341797,71.5199966430664,71.73999786376953,31283
2024-12-03,73.62000274658203,73.9000015258789,71.69000244140625,71.86000061035156,40365
2024-12-04,72.30999755859375,74.26000213623047,72.25,73.80999755859375,36988
2024-12-05,72.08999633789062,72.9000015258789,71.80000305175781,72.44999694824219,32373
2024-12-06,71.12000274658203,72.2300033569336,70.83000183105469,72.16999816894531,27572
2024-12-09,72.13999938964844,72.6500015258789,70.95999908447266,71.04000091552734,25921
2024-12-10,72.19000244140625,72.72000122070312,71.52999877929688,71.93000030517578,32220
2024-12-11,73.5199966430664,73.73999786376953,72.0199966430664,72.02999877929688,35954
2024-12-12,73.41000366210938,73.9800033569336,72.43000030517578,73.58999633789062,36231
2024-12-13,74.48999786376953,74.58999633789062,73.2699966430664,73.43000030517578,26225
2024-12-16,73.91000366210938,74.54000091552734,73.69999694824219,74.51000213623047,25458
2024-12-17,73.19000244140625,74.18000030517578,72.45999908447266,73.86000061035156,26356
2024-12-18,73.38999938964844,74.19000244140625,72.80000305175781,73.33999633789062,25873
2024-12-19,72.87999725341797,73.87000274658203,72.52999877929688,72.93000030517578,27742
2024-12-20,72.94000244140625,73.27999877929688,71.97000122070312,72.70999908447266,25362
2024-12-23,72.62999725341797,73.37000274658203,71.9800033569336,72.83000183105469,20997
2024-12-24,73.58000183105469,73.80999755859375,72.77999877929688,72.83999633789062,8922
2024-12-26,73.26000213623047,74.18000030517578,72.9800033569336,73.77999877929688,5773
2024-12-27,74.16999816894531,74.33999633789062,73.06999969482422,73.13999938964844,5515
2024-12-30,74.38999938964844,75.04000091552734,73.76000213623047,74.2300033569336,30436
2024-12-31,74.63999938964844,74.87999725341797,73.83999633789062,74.0999984741211,20588
2025-01-02,75.93000030517578,76.54000091552734,74.7300033569336,74.87999725341797,41474
2025-01-03,76.51000213623047,76.73999786376953,75.52999877929688,75.9000015258789,38822
2025-01-06,76.30000305175781,77.5,75.94000244140625,76.58999633789062,49229
2025-01-07,77.05000305175781,77.2699966430664,75.91999816894531,76.23999786376953,37188
2025-01-08,76.16000366210938,77.88999938964844,76.02999877929688,77.23999786376953,46650
2025-01-09,76.91999816894531,77.2699966430664,75.69999694824219,76.16000366210938,31706
2025-01-10,79.76000213623047,80.76000213623047,77.04000091552734,77.20999908447266,92049
2025-01-13,81.01000213623047,81.66999816894531,79.54000091552734,79.55000305175781,77109
2025-01-14,79.91999816894531,81.13999938964844,79.86000061035156,80.91000366210938,67129
2025-01-15,82.02999877929688,82.62999725341797,79.62999725341797,80.31999969482422,69122
2025-01-16,81.29000091552734,82.55000305175781,80.38999938964844,82.44000244140625,69075
2025-01-17,80.79000091552734,81.93000030517578,80.55999755859375,81.30999755859375,42284
2025-01-21,79.29000091552734,81.23999786376953,78.47000122070312,80.94000244140625,83935
2025-01-22,79.0,79.9000015258789,78.80999755859375,79.30999755859375,40868
2025-01-23,78.29000091552734,79.58999633789062,77.80000305175781,78.91000366210938,46348
2025-01-24,78.5,78.95999908447266,77.61000061035156,77.87999725341797,30464
2025-01-27,77.08000183105469,78.98999786376953,76.31999969482422,78.55000305175781,40623
2025-01-28,77.48999786376953,78.13999938964844,76.83000183105469,77.06999969482422,29822
2025-01-29,76.58000183105469,77.69999694824219,76.30000305175781,77.62999725341797,19845
2025-01-30,76.87000274658203,77.55000305175781,75.98999786376953,76.86000061035156,8389
2025-01-31,76.76000213623047,77.08000183105469,76.51000213623047,77.0,50618
2025-02-03,75.95999908447266,77.52999877929688,75.04000091552734,76.81999969482422,75087
2025-02-04,76.19999694824219,76.66999816894531,74.12999725341797,75.5199966430664,62716
2025-02-05,74.61000061035156,76.3499984741211,74.55000305175781,76.08000183105469,30739
2025-02-06,74.29000091552734,75.38999938964844,74.08999633789062,74.5999984741211,41460
2025-02-07,74.66000366210938,75.08999633789062,74.19000244140625,74.19999694824219,35634
2025-02-10,75.87000274658203,76.06999969482422,74.54000091552734,74.54000091552734,27341
2025-02-11,77.0,77.2699966430664,75.88999938964844,76.05000305175781,37979
2025-02-12,75.18000030517578,76.88999938964844,74.94999694824219,76.81999969482422,47048
2025-02-13,75.0199966430664,75.33000183105469,74.05000305175781,74.97000122070312,37759
2025-02-14,74.73999786376953,75.83000183105469,74.48999786376953,75.23999786376953,41397
2025-02-18,75.83999633789062,76.05000305175781,74.19000244140625,74.63999938964844,50542
2025-02-19,76.04000091552734,76.81999969482422,75.75,75.80000305175781,30426
2025-02-20,76.4800033569336,77.13999938964844,75.70999908447266,76.04000091552734,33347
2025-02-21,74.43000030517578,76.75,74.20999908447266,76.55999755859375,28100
2025-02-24,74.77999877929688,74.91000366210938,73.91000366210938,73.91000366210938,17858
2025-02-25,73.0199966430664,75.25,72.69999694824219,74.88999938964844,19080
2025-02-26,72.52999877929688,73.33999633789062,72.38999938964844,73.13999938964844,11916
2025-02-27,74.04000091552734,74.26000213623047,72.4800033569336,72.69000244140625,7925
2025-02-28,73.18000030517578,73.73999786376953,72.97000122070312,73.7300033569336,36432
2025-03-03,71.62000274658203,73.66000366210938,71.16999816894531,73.06999969482422,51816
2025-03-04,71.04000091552734,71.45999908447266,69.75,71.44999694824219,58867
2025-03-05,69.30000305175781,71.16000366210938,68.33999633789062,71.13999938964844,51721
2025-03-06,69.45999908447266,69.87999725341797,68.7300033569336,69.44999694824219,49024
2025-03-07,70.36000061035156,71.37999725341797,69.27999877929688,69.37999725341797,46468
2025-03-10,69.27999877929688,70.86000061035156,69.05999755859375,70.44000244140625,33488
2025-03-11,69.55999755859375,70.43000030517578,68.62999725341797,69.41000366210938,26933
2025-03-12,70.94999694824219,71.08999633789062,69.47000122070312,69.8499984741211,30577
2025-03-13,69.87999725341797,71.23999786376953,69.68000030517578,70.9800033569336,33450
2025-03-14,70.58000183105469,70.75,69.94000244140625,70.08000183105469,24740
2025-03-17,71.06999969482422,71.79000091552734,70.68000030517578,70.68000030517578,29314
2025-03-18,70.55999755859375,72.19000244140625,70.26000213623047,70.93000030517578,32008
2025-03-19,70.77999877929688,71.22000122070312,69.9000015258789,70.36000061035156,26898
2025-03-20,72.0,72.29000091552734,70.52999877929688,70.86000061035156,33049
2025-03-21,72.16000366210938,72.54000091552734,71.51000213623047,72.2300033569336,23983
2025-03-24,73.0,73.16000366210938,71.80000305175781,72.19999694824219,31456
2025-03-25,73.0199966430664,73.56999969482422,72.5,73.08999633789062,30415
2025-03-26,73.79000091552734,74.16999816894531,73.08999633789062,73.18000030517578,27419
2025-03-27,74.02999877929688,74.06999969482422,73.2300033569336,73.98999786376953,19183
2025-03-28,73.62999725341797,74.20999908447266,73.12000274658203,74.05999755859375,12292
2025-03-31,74.73999786376953,74.79000091552734,73.37000274658203,73.41999816894531,53426
2025-04-01,74.48999786376953,75.27999877929688,74.33999633789062,74.62999725341797,54055
2025-04-02,74.94999694824219,75.45999908447266,73.70999908447266,74.4000015258789,61062
2025-04-03,70.13999938964844,73.62000274658203,69.47000122070312,73.58999633789062,100212
2025-04-04,65.58000183105469,70.05000305175781,64.01000213623047,69.80999755859375,121211
2025-04-07,64.20999908447266,67.41000366210938,62.5099983215332,64.79000091552734,114411
2025-04-08,62.81999969482422,65.19000244140625,61.279998779296875,64.44000244140625,89690
2025-04-09,65.4800033569336,66.0199966430664,58.38999938964844,61.54999923706055,127044
2025-04-10,63.33000183105469,66.2300033569336,62.0099983215332,65.80999755859375,78111
2025-04-11,64.76000213623047,65.05000305175781,62.7599983215332,63.45000076293945,58543
2025-04-14,64.87999725341797,65.9000015258789,64.04000091552734,64.88999938964844,43786
2025-04-15,64.66999816894531,65.38999938964844,64.2300033569336,64.93000030517578,40096
2025-04-16,65.8499984741211,66.30999755859375,63.79999923706055,64.86000061035156,50308
2025-04-17,67.95999908447266,68.12999725341797,65.94999694824219,66.01000213623047,39781
2025-04-21,66.26000213623047,67.77999877929688,65.68000030517578,67.77999877929688,38512
2025-04-22,67.44000244140625,68.04000091552734,66.55000305175781,66.5999984741211,46152
2025-04-23,66.12000274658203,68.63999938964844,65.29000091552734,67.76000213623047,58914
2025-04-24,66.55000305175781,67.02999877929688,65.80999755859375,66.22000122070312,36169
2025-04-25,66.87000274658203,67.18000030517578,65.55999755859375,66.56999969482422,30729
2025-04-28,65.86000061035156,67.52999877929688,65.25,67.20999908447266,21525
2025-04-29,64.25,65.80999755859375,63.88999938964844,65.75,17528
2025-04-30,63.119998931884766,63.75,63.0,63.54999923706055,79025
2025-05-01,62.130001068115234,62.36000061035156,59.310001373291016,61.13999938964844,66984
2025-05-02,61.290000915527344,62.720001220703125,60.70000076293945,61.880001068115234,58444
2025-05-05,60.22999954223633,60.77000045776367,58.40999984741211,59.5099983215332,49504
2025-05-06,62.150001525878906,62.79999923706055,60.189998626708984,60.279998779296875,63444
2025-05-07,61.119998931884766,63.209999084472656,60.849998474121094,62.06999969482422,60579
2025-05-08,62.84000015258789,63.209999084472656,60.779998779296875,60.93000030517578,56931
2025-05-09,63.90999984741211,64.2699966430664,62.849998474121094,63.25,51994
2025-05-12,64.95999908447266,66.37999725341797,63.88999938964844,64.2300033569336,62946
2025-05-13,66.62999725341797,66.80000305175781,64.6500015258789,64.91999816894531,55567
2025-05-14,66.08999633789062,66.58999633789062,65.68000030517578,66.5199966430664,49980
2025-05-15,64.52999877929688,65.83999633789062,63.439998626708984,65.76000213623047,70642
2025-05-16,65.41000366210938,65.54000091552734,64.16999816894531,64.62999725341797,38629
2025-05-19,65.54000091552734,66.01000213623047,64.43000030517578,65.30999755859375,43539
2025-05-20,65.37999725341797,66.0,64.8499984741211,65.56999969482422,42663
2025-05-21,64.91000366210938,67.48999786376953,64.61000061035156,65.61000061035156,58658
2025-05-22,64.44000244140625,65.0199966430664,63.529998779296875,64.63999938964844,45811
2025-05-23,64.77999877929688,65.04000091552734,63.310001373291016,64.0199966430664,29810
2025-05-27,64.08999633789062,65.41000366210938,63.470001220703125,65.0199966430664,34117
2025-05-28,64.9000015258789,65.61000061035156,64.02999877929688,64.31999969482422,17817
2025-05-29,64.1500015258789,66.12999725341797,63.779998779296875,65.30000305175781,10456
2025-05-30,63.900001525878906,64.5199966430664,63.70000076293945,63.81999969482422,63546
2025-06-02,64.62999725341797,65.70999908447266,62.970001220703125,63.040000915527344,57349
2025-06-03,65.62999725341797,65.94000244140625,64.5199966430664,65.02999877929688,43536
2025-06-04,64.86000061035156,65.95999908447266,64.27999877929688,65.61000061035156,56182
2025-06-05,65.33999633789062,65.86000061035156,64.62999725341797,64.91000366210938,38658
2025-06-06,66.47000122070312,66.66999816894531,64.81999969482422,65.19999694824219,39490
2025-06-09,67.04000091552734,67.12999725341797,66.08000183105469,66.5999984741211,35213
2025-06-10,66.87000274658203,68.0,66.4800033569336,67.11000061035156,40266
2025-06-11,69.7699966430664,69.95999908447266,66.47000122070312,66.56999969482422,58118
2025-06-12,69.36000061035156,70.61000061035156,68.37000274658203,70.36000061035156,60336
2025-06-13,74.2300033569336,78.52999877929688,69.91999816894531,70.2699966430664,175031
2025-06-16,73.2300033569336,78.4800033569336,70.63999938964844,76.80999755859375,100509
2025-06-17,76.44999694824219,77.08000183105469,72.52999877929688,72.80999755859375,88748
2025-06-18,76.69999694824219,77.43000030517578,74.44000244140625,77.19000244140625,0
2025-06-20,77.01000213623047,79.0199966430664,75.52999877929688,76.12000274658203,98821
2025-06-23,71.4800033569336,81.4000015258789,69.54000091552734,80.01000213623047,100475
2025-06-24,67.13999938964844,70.7300033569336,66.80999755859375,70.5999984741211,62358
2025-06-25,67.68000030517578,68.76000213623047,67.31999969482422,67.91999816894531,23618
2025-06-26,67.7300033569336,69.04000091552734,67.38999938964844,67.75,13057
2025-06-27,67.7699966430664,68.41000366210938,67.20999908447266,67.95999908447266,8218
2025-06-30,67.61000061035156,68.12000274658203,67.11000061035156,67.16999816894531,32957
2025-07-01,67.11000061035156,67.4800033569336,66.33999633789062,66.58999633789062,29256
2025-07-02,69.11000061035156,69.19999694824219,66.94000244140625,67.20999908447266,50268
2025-07-03,68.80000305175781,69.12999725341797,68.30999755859375,69.0199966430664,0
2025-07-04,68.29000091552734,68.91000366210938,67.75,68.80999755859375,0
2025-07-07,69.58000183105469,69.93000030517578,67.36000061035156,67.61000061035156,59456
2025-07-08,70.1500015258789,70.66000366210938,69.05000305175781,69.54000091552734,34109
2025-07-09,70.19000244140625,70.69999694824219,69.61000061035156,69.9000015258789,42186
2025-07-10,68.63999938964844,70.48999786376953,68.52999877929688,70.19000244140625,52295
2025-07-11,70.36000061035156,70.69000244140625,68.55999755859375,68.98999786376953,40262
2025-07-14,69.20999908447266,71.51000213623047,69.0199966430664,70.52999877929688,62179
2025-07-15,68.70999908447266,69.4000015258789,68.55999755859375,69.0999984741211,51233
2025-07-16,68.5199966430664,69.06999969482422,67.70999908447266,68.9000015258789,55511
2025-07-17,69.5199966430664,69.62000274658203,68.29000091552734,68.69000244140625,50817
2025-07-18,69.27999877929688,70.77999877929688,69.13999938964844,69.55999755859375,52366
2025-07-21,69.20999908447266,69.62000274658203,68.41999816894531,69.22000122070312,41204
2025-07-22,68.58999633789062,69.0999984741211,68.11000061035156,69.02999877929688,50140
2025-07-23,68.51000213623047,69.08000183105469,68.0,68.72000122070312,37734
2025-07-24,69.18000030517578,69.52999877929688,68.5,68.72000122070312,39597
2025-07-25,68.44000244140625,69.88999938964844,68.30000305175781,69.26000213623047,27384
2025-07-28,70.04000091552734,70.44999694824219,68.38999938964844,68.47000122070312,31485
2025-07-29,72.51000213623047,73.06999969482422,69.88999938964844,70.38999938964844,24345
2025-07-30,73.23999786376953,73.62999725341797,71.75,72.68000030517578,15242
2025-07-31,72.52999877929688,73.48999786376953,72.41999816894531,73.4000015258789,56020
2025-08-01,69.66999816894531,71.98999786376953,69.41000366210938,71.7699966430664,68855
2025-08-04,68.76000213623047,69.9800033569336,67.98999786376953,69.0,41788
2025-08-05,67.63999938964844,68.8499984741211,67.52999877929688,68.75,47388
2025-08-06,66.88999938964844,69.19000244140625,66.22000122070312,67.76000213623047,62159
2025-08-07,66.43000030517578,67.63999938964844,66.2699966430664,66.87999725341797,44063
2025-08-08,66.58999633789062,67.19000244140625,65.5,66.37999725341797,52157
2025-08-11,66.62999725341797,67.11000061035156,65.83000183105469,66.2300033569336,31132
2025-08-12,66.12000274658203,67.04000091552734,65.97000122070312,66.72000122070312,33110
2025-08-13,65.62999725341797,66.33000183105469,65.0,66.05000305175781,40497
2025-08-14,66.83999633789062,66.9800033569336,65.56999969482422,65.7699966430664,34810
2025-08-15,65.8499984741211,67.08000183105469,65.7300033569336,66.80000305175781,35864
2025-08-18,66.5999984741211,66.80999755859375,65.30999755859375,65.94999694824219,35004
2025-08-19,65.79000091552734,66.58000183105469,65.5999984741211,66.55999755859375,32562
2025-08-20,66.83999633789062,67.05000305175781,65.81999969482422,65.93000030517578,39505
2025-08-21,67.66999816894531,67.77999877929688,66.73999786376953,66.94999694824219,29950
2025-08-22,67.7300033569336,68.0199966430664,67.41999816894531,67.62000274658203,27481
2025-08-25,68.80000305175781,69.05999755859375,67.58000183105469,67.83999633789062,19094
2025-08-26,67.22000122070312,68.7300033569336,67.11000061035156,68.7300033569336,21046
2025-08-27,68.05000305175781,68.0999984741211,66.91999816894531,67.23999786376953,16597
2025-08-28,68.62000274658203,68.66000366210938,67.4000015258789,67.70999908447266,8829
2025-08-29,68.12000274658203,68.36000061035156,68.02999877929688,68.26000213623047,0
2025-09-02,69.13999938964844,69.51000213623047,67.08999633789062,67.43000030517578,55307
2025-09-03,67.5999984741211,69.2300033569336,67.37999725341797,69.05999755859375,45108
2025-09-04,66.98999786376953,67.48999786376953,66.31999969482422,67.44000244140625,42152
2025-09-05,65.5,67.05000305175781,65.08000183105469,66.83999633789062,38287
2025-09-08,66.0199966430664,67.02999877929688,65.5199966430664,65.80999755859375,29078
2025-09-09,66.38999938964844,67.38999938964844,66.13999938964844,66.16999816894531,38860
2025-09-10,67.48999786376953,67.7699966430664,66.44000244140625,66.44000244140625,38789
2025-09-11,66.37000274658203,67.61000061035156,66.16000366210938,67.58000183105469,34565
2025-09-12,66.98999786376953,68.1500015258789,65.72000122070312,66.30999755859375,50762
2025-09-15,67.44000244140625,67.83999633789062,66.79000091552734,67.22000122070312,26320
2025-09-16,68.47000122070312,68.69000244140625,67.0,67.48999786376953,34128
2025-09-17,67.94999694824219,68.58999633789062,67.62000274658203,68.41000366210938,30515
2025-09-18,67.44000244140625,68.41000366210938,67.19000244140625,67.88999938964844,29610
2025-09-19,66.68000030517578,67.55999755859375,66.43000030517578,67.45999908447266,24400
2025-09-22,66.56999969482422,67.30000305175781,65.94000244140625,66.66999816894531,23634
2025-09-23,67.62999725341797,68.08000183105469,66.12000274658203,66.58999633789062,27893
2025-09-24,69.30999755859375,69.36000061035156,67.5199966430664,67.86000061035156,28459
2025-09-25,69.41999816894531,69.66999816894531,68.44000244140625,69.08999633789062,21388
2025-09-26,70.12999725341797,70.7699966430664,69.11000061035156,69.69999694824219,11917
2025-09-29,67.97000122070312,69.93000030517578,67.55000305175781,69.47000122070312,8229
2025-09-30,67.0199966430664,67.58999633789062,66.91000366210938,67.58999633789062,46335
2025-10-01,65.3499984741211,66.56999969482422,65.04000091552734,66.08999633789062,44601
2025-10-02,64.11000061035156,66.12000274658203,64.0,65.4000015258789,52074
2025-10-03,64.52999877929688,65.0,64.20999908447266,64.30000305175781,38970
2025-10-06,65.47000122070312,65.7699966430664,64.76000213623047,64.81999969482422,38055
2025-10-07,65.44999694824219,65.83000183105469,64.5199966430664,65.54000091552734,36191
2025-10-08,66.25,66.52999877929688,65.77999877929688,65.80999755859375,38630
2025-10-09,65.22000122070312,66.55999755859375,64.95999908447266,66.08999633789062,40845
2025-10-10,62.72999954223633,65.3499984741211,62.130001068115234,65.16999816894531,54929
2025-10-13,63.31999969482422,63.95000076293945,62.66999816894531,62.66999816894531,54929
2025-10-14,62.38999938964844,63.619998931884766,61.5,63.439998626708984,44016
2025-10-15,61.90999984741211,63.02000045776367,61.790000915527344,62.279998779296875,40209
2025-10-16,61.060001373291016,62.75,60.84000015258789,62.439998626708984,46229
2025-10-17,61.290000915527344,61.45000076293945,60.150001525878906,61.11000061035156,50372
2025-10-20,61.0099983215332,61.54999923706055,60.06999969482422,61.43000030517578,33883
2025-10-21,61.31999969482422,62.09000015258789,60.34000015258789,60.90999984741211,45150
2025-10-22,62.59000015258789,63.91999816894531,61.400001525878906,61.619998931884766,46114
2025-10-23,65.98999786376953,66.33999633789062,63.849998474121094,64.25,87705
2025-10-24,65.94000244140625,66.7699966430664,65.44000244140625,65.87000274658203,38354
2025-10-27,65.62000274658203,66.5999984741211,65.08000183105469,66.26000213623047,32237
2025-10-28,64.4000015258789,65.79000091552734,64.0,65.79000091552734,33807
2025-10-29,64.91999816894531,65.37999725341797,63.93000030517578,64.48999786376953,16478
2025-10-30,65.0,65.16000366210938,64.05999755859375,64.8499984741211,10024
2025-10-31,65.06999969482422,65.5,64.5199966430664,64.75,44972
2025-11-03,64.88999938964844,65.30999755859375,64.33000183105469,65.06999969482422,0
2025-11-04,64.44000244140625,64.83999633789062,63.83000183105469,64.81999969482422,36655
2025-11-05,63.52000045776367,64.94000244140625,63.43000030517578,64.26000213623047,42320
2025-11-06,63.380001068115234,64.33000183105469,62.83000183105469,63.58000183105469,43138
2025-11-07,63.630001068115234,64.37999725341797,63.2400016784668,63.63999938964844,36620
2025-11-10,64.05999755859375,64.30999755859375,63.33000183105469,63.689998626708984,30891
2025-11-11,65.16000366210938,65.29000091552734,63.61000061035156,63.970001220703125,41959
2025-11-12,62.709999084472656,65.20999908447266,62.560001373291016,65.20999908447266,42279
2025-11-13,63.0099983215332,63.439998626708984,62.34000015258789,62.66999816894531,36603
2025-11-14,64.38999938964844,64.8499984741211,63.04999923706055,63.04999923706055,58912
2025-11-17,64.19999694824219,64.72000122070312,63.65999984741211,64.0199966430664,33667
2025-11-18,64.88999938964844,65.08000183105469,63.61000061035156,64.0,36791
2025-11-19,63.5099983215332,64.86000061035156,62.869998931884766,64.7300033569336,38776
2025-11-20,63.380001068115234,64.38999938964844,62.95000076293945,63.59000015258789,42345
2025-11-21,62.560001373291016,63.13999938964844,61.869998931884766,63.130001068115234,43029
2025-11-24,63.369998931884766,63.529998779296875,61.93000030517578,62.560001373291016,43029
2025-12-02,62.459999084472656,62.08000183105469,62.040000915527344,62.040000915527344,39
