Date,Close,High,Low,Open,Volume
12/4/2025,447.38,447.63,441.88,443.25,109.15K
12/3/2025,443.5,450,442.75,449.25,172.71K
12/2/2025,450,452.25,442.25,445,211.53K
12/1/2025,445,449,444,447.25,168.99K
11/28/2025,447.75,448.5,443.5,445.25,87.64K
11/27/2025,445,445.25,445,445.25,
11/26/2025,445.25,446.75,437.5,437.75,310.05K
11/25/2025,438.25,439.25,436.5,436.5,281.86K
11/24/2025,436.75,439.25,434.5,437.75,259.74K
11/21/2025,437.5,439,435.25,437.5,195.24K
11/20/2025,437.75,443.25,436.75,442,227.07K
11/19/2025,441.5,449.25,440.5,448.5,178.33K
11/18/2025,449.5,451.75,446.25,447.75,140.86K
11/17/2025,448,450.5,442.25,443.5,173.67K
11/14/2025,430.25,442.75,429.5,441.5,411.59K
11/13/2025,441.5,442.75,434,434.75,400.92K
11/12/2025,435.25,436,431,431.5,271.70K
11/11/2025,432,432.75,428.5,429,221.85K
11/10/2025,429.75,431.25,426.25,426.75,220.39K
11/7/2025,427.25,430.5,426.75,428.5,186.07K
11/6/2025,428.75,434.75,428.25,434.5,228.27K
11/5/2025,435.25,436,428.75,430.5,201.31K
11/4/2025,431.5,434.5,429.25,434,183.03K
11/3/2025,434.25,435,427.75,431,207.96K
10/31/2025,431.5,432.25,426.5,429.25,214.31K
10/30/2025,430.25,437,427.75,434,301.18K
10/29/2025,434,435,430,431.25,239.88K
10/28/2025,432,436.25,427.25,428,378.02K
10/27/2025,428.75,431.75,426,427,295.62K
10/24/2025,423.25,427.5,423,427.25,211.85K
10/23/2025,428,428.5,421,423,206.57K
10/22/2025,423,424,418.5,419.75,186.82K
10/21/2025,419.75,424.5,418.5,423.25,181.05K
10/20/2025,423.25,424,419.5,422.5,179.47K
10/17/2025,422.5,424.75,421,421.25,185.45K
10/16/2025,421.75,423.5,416.25,416.75,304.26K
10/15/2025,416.75,418.5,411.25,412.75,195.17K
10/14/2025,413,413.5,409.25,410.75,192.43K
10/13/2025,410.75,415,410.5,413,157.49K
10/10/2025,413,419.25,412.25,418.25,233.65K
10/9/2025,418.25,423.25,418,422,207.21K
10/8/2025,422,422.75,418.5,419.25,167.36K
10/7/2025,419.75,424.5,419,421.5,219.83K
10/6/2025,421.75,422.5,417.25,419,141.86K
10/3/2025,419,423,418.5,420.75,179.52K
10/2/2025,421.75,422.5,414.75,417.25,192.90K
10/1/2025,416.5,419.5,410.5,415.75,285.17K
9/30/2025,415.5,421.5,414,421.25,279.18K
9/29/2025,421.5,422.75,418.75,421,146.15K
9/26/2025,422,425.75,421.25,425.25,131.81K
9/25/2025,425.75,428.25,423.5,423.75,146.85K
9/24/2025,424.25,427.5,423.5,425,134.26K
9/23/2025,426.25,426.5,418.75,421.75,145.93K
9/22/2025,421.75,424.75,418.25,424,189.77K
9/19/2025,424,429.75,422.25,424,162.41K
9/18/2025,423.75,428,423.5,426.5,113.26K
9/17/2025,426.75,431.25,425.5,428.75,146.85K
9/16/2025,429.5,431.25,423,423,178.78K
9/15/2025,423.25,428.5,422,426.25,192.79K
9/12/2025,399,405.25,398.5,402.5,0.04K
9/11/2025,399,398.25,396.75,398.25,0.12K
9/10/2025,397.25,401.25,395.5,401,0.06K
9/9/2025,401.25,403.5,398.75,402,0.15K
9/8/2025,403,403.75,394,398,0.55K
9/5/2025,418,424.75,417.25,420,166.15K
9/4/2025,419.75,421,414.25,418,153.76K
9/3/2025,418,424.25,416.25,423,187.05K
9/2/2025,423,423.5,414,418,246.41K
9/1/2025,418,419.5,418,419.5,
8/29/2025,420.25,420.5,409.75,410,277.56K
8/28/2025,410,411,403.5,406,208.71K
8/27/2025,406,410,405.25,409.25,204.08K
8/26/2025,409.5,414.5,408.5,412,266.96K
8/25/2025,412.25,416.5,411.25,413,195.06K
8/22/2025,411.5,413.5,409.75,411.75,180.16K
8/21/2025,411.75,413.75,403.25,403.5,256.77K
8/20/2025,404,406,401.25,403.5,143.81K
8/19/2025,403.25,406,401.5,406,141.71K
8/18/2025,406.5,408,401.25,404.5,167.86K
8/15/2025,405.25,405.75,397,397.75,202.74K
8/14/2025,397.25,399,392.5,397,186.63K
8/13/2025,397.25,398.5,393.5,394,249.12K
8/12/2025,394.5,407.75,392,407.75,418.57K
8/11/2025,407.75,409.25,403,405,222.15K
8/8/2025,405.5,411,404.25,406.75,218.13K
8/7/2025,407,408,401.25,401.5,209.90K
8/6/2025,401.25,402,396.75,402,188.25K
8/5/2025,402,406.75,401.5,406,205.90K
8/4/2025,407,412.75,406.75,411,165.95K
8/1/2025,410.75,416,410,413.25,137.74K
7/31/2025,413.75,414.25,408.75,412,167.47K
7/30/2025,412.25,414.5,410,411,148.31K
7/29/2025,411,415,409.25,412.5,209.24K
7/28/2025,414,419.75,412.75,419,160.91K
7/25/2025,419,422,417.75,420.5,92.31K
7/24/2025,420.75,423,417.5,417.5,119.51K
7/23/2025,417.5,420.25,415.75,418,95.25K
7/22/2025,418,424.75,416.75,423.25,121.71K
7/21/2025,422.25,427.75,420,425,137.08K
7/18/2025,427.75,430.25,421.5,421.5,156.90K
7/17/2025,421,425.75,419.5,423.5,122.21K
7/16/2025,424,425.75,418.75,419,186.72K
7/15/2025,419.75,424,413,417.75,210.30K
7/14/2025,400,401,391.25,394.5,185.26K
7/11/2025,412.25,418,411.5,416,157.23K
7/10/2025,416.5,417,412.5,415,154.05K
7/9/2025,415.5,416.5,411.75,414,201.14K
7/8/2025,414.25,420.75,413.25,420.75,229.02K
7/7/2025,420.75,429.75,419.75,429.5,211.23K
7/3/2025,437,442.25,432.75,433,201.52K
7/2/2025,433.5,434,417.5,422.25,192.16K
7/1/2025,422,425,416.5,424,179.74K
6/30/2025,425.5,429.5,422.25,426.5,201.10K
6/27/2025,411.5,412.25,404.25,404.25,189.08K
6/26/2025,404,408.75,402.25,405,205.56K
6/25/2025,405,413.75,404,412,192.10K
6/24/2025,412.25,418.5,411.75,417.75,185.36K
6/23/2025,417.5,428.5,416.75,427.75,165.84K
6/20/2025,428.75,435,428.25,433,189.74K
6/19/2025,433.25,433.5,432.5,432.5,
6/18/2025,433.5,434.5,430,431.5,225.88K
6/17/2025,431.5,437.5,429.5,434.75,231.17K
6/16/2025,434.75,446.5,431.25,444,177.62K
6/13/2025,444.5,445.25,435,438.25,179.12K
6/12/2025,438.5,441.75,435.25,436.5,190.44K
6/11/2025,437,444.75,436,439,201.68K
6/10/2025,438.75,439.5,429.25,433.5,245.10K
6/9/2025,433.5,445.75,432.75,442.25,228.60K
6/6/2025,442.5,445,435,438.25,229.80K
6/5/2025,439.5,442.75,433.25,438.5,217.52K
6/4/2025,438.75,446,437.5,438.5,220.75K
6/3/2025,438.5,442.5,434.25,438.25,209.49K
6/2/2025,438.25,451,437.75,444,211.15K
5/30/2025,444,449.5,443,447,140.11K
5/29/2025,447,453,443.5,452.25,157.59K
5/28/2025,451,463,450,459.5,196.40K
5/27/2025,459.5,463,456,459,153.15K
5/26/2025,459,459.25,458.75,459.25,167.36K
5/23/2025,459.5,464.5,455,462.75,167.36K
5/22/2025,463,464.75,456.5,459.25,192.80K
5/21/2025,461,462,453.5,454.5,201.43K
5/20/2025,454.5,455.5,444.75,446.75,194.89K
5/19/2025,447.5,449.75,443,443.5,179.62K
5/16/2025,443.5,451.5,442.75,449,173.41K
5/15/2025,448.5,450.5,443.5,444.75,191.18K
5/14/2025,438.5,440.25,436.75,440.25,0.04K
5/13/2025,436,434.5,430.75,433.5,0.07K
5/12/2025,440.25,447.5,438.5,444,0.21K
5/9/2025,449.75,455,447,449,179.57K
5/8/2025,447.5,452,442.25,450,256.17K
5/7/2025,449.25,463.5,448.5,457,248.11K
5/6/2025,455.5,457.25,452.5,454.75,218.02K
5/5/2025,454.25,470.75,453.25,469,270.57K
5/2/2025,469,477,468.25,472.25,163.66K
5/1/2025,472.25,480,470,475,163.17K
4/30/2025,475.5,478.5,468.5,470.75,196.43K
4/29/2025,470.25,485.25,469.75,482.75,318.62K
4/28/2025,483.25,485.75,476.25,483.75,281.19K
4/25/2025,485.5,487.5,483.25,483.25,172.39K
4/24/2025,484,485.25,479,479.5,183.15K
4/23/2025,479.25,484.75,477.25,483.75,165.33K
4/22/2025,483.25,491.75,482.5,490,162.01K
4/21/2025,490,495,489.5,491.25,132.43K
4/17/2025,482.25,486.5,481.5,483.25,117.57K
4/16/2025,484.25,487,479.25,481.25,136.22K
4/15/2025,481.25,488.75,479,485,178.41K
4/14/2025,485,490.25,484.25,489,201.39K
4/11/2025,490.25,490.75,481.75,482,284.34K
4/10/2025,483,484,473,473.25,326.27K
4/9/2025,474,475.5,465.75,468,257.17K
4/8/2025,469,469.75,462.75,464.5,255.18K
4/7/2025,464.5,467.5,454.25,456,216.78K
4/4/2025,460.25,462.5,449.25,457.75,212.89K
4/3/2025,457.5,462.25,447.5,450,203.15K
4/2/2025,457.75,460.75,454,460.25,159.59K
4/1/2025,461.75,465,454,457.75,179.57K
3/31/2025,457.25,459.25,444,453,282.80K
3/28/2025,453.25,454,442,450.25,206.96K
3/27/2025,450,452.75,447.25,451.75,170.19K
3/26/2025,451.25,461,450.75,458.75,154.49K
3/25/2025,457.75,464.75,457,464.5,148.19K
3/24/2025,464.5,466.25,459.5,465,125.18K
3/21/2025,464.25,469.75,461.25,467.25,182.43K
3/20/2025,469,470.25,462,462,219.75K
3/19/2025,462,463,455.75,458.25,185.23K
3/18/2025,458.75,462.5,455.25,461,177.17K
3/17/2025,461,465.5,457.25,460,180.88K
3/14/2025,445.5,443.25,443.25,443.25,0.03K
3/13/2025,453.5,459.25,450,450,0.10K
3/12/2025,448.75,455,444,455,0.23K
3/11/2025,456.5,464,458,458,0.08K
3/10/2025,458.75,459.5,454,458,0.48K
3/7/2025,469.25,471,460.75,464.75,191.87K
3/6/2025,464,473.5,452.75,457,313.86K
3/5/2025,455.75,460.5,448.5,454.5,277.83K
3/4/2025,451.5,459.25,442.5,456,391.27K
3/3/2025,456.25,472.75,454.5,469.75,353.21K
2/28/2025,469.5,483.75,469,481.25,287.88K
2/27/2025,481,496.25,480,493.5,323.81K
2/26/2025,493.5,500,492.25,495,221.42K
2/25/2025,494.25,498.5,488.5,497.5,233.37K
2/24/2025,497,505.25,495.25,504.5,280.98K
2/21/2025,505,513.75,504.25,512.25,235.05K
2/20/2025,512.75,518,511.75,512,167.19K
2/19/2025,512.25,518.75,511,515.25,185.42K
2/18/2025,515.75,517.75,505.5,508,173.58K
2/14/2025,496.25,499.75,492.5,493,195.60K
2/13/2025,493.5,494.25,485.25,489.75,269.32K
2/12/2025,490.25,492.25,481.5,483.75,271.39K
2/11/2025,484,497,483.25,491.75,311.26K
2/10/2025,491.5,492.75,482.25,485.75,250.90K
2/7/2025,487.5,496.5,485.5,495.5,287.30K
2/6/2025,495.25,496.5,486,493.25,299.13K
2/5/2025,493.25,498.5,489.75,494,226.00K
2/4/2025,494.5,497.25,487.25,488,279.78K
2/3/2025,488.75,491,472.5,476.75,322.17K
1/31/2025,482,488.75,479.25,488.25,318.48K
1/30/2025,490.25,497,490,496.25,218.11K
1/29/2025,497,497.5,485,485,277.21K
1/28/2025,485.25,489.25,481,482.25,225.86K
1/27/2025,482,484.75,477.75,484.5,216.23K
1/24/2025,486.5,489.5,483.5,487,208.96K
1/23/2025,489.75,494.5,480.5,484.25,250.55K
1/22/2025,484.25,492.25,482.5,489.5,264.54K
1/21/2025,490,490.5,482.5,484.25,295.11K
1/17/2025,484.25,485,474,474,305.01K
1/16/2025,474.5,479,473.25,478.75,209.82K
1/15/2025,478.75,479.5,474,474.25,218.14K
1/14/2025,474.5,479.75,473.5,475.5,278.02K
1/13/2025,476.5,477,469.25,469.75,376.88K
1/10/2025,470.5,472.5,455.75,456,467.09K
1/9/2025,456,457.25,453.5,454,157.71K
1/8/2025,454,459.25,453.5,457.75,192.59K
1/7/2025,458,458.5,453,456,211.63K
1/6/2025,457.75,460.25,451.5,451.5,227.40K
1/3/2025,450.75,459.75,449.25,459.5,199.34K
1/2/2025,459.5,459.75,456.25,457.25,163.45K
1/1/2025,458.75,458.75,458.75,458.75,
12/31/2024,458.5,459,452,452.25,172.88K
12/30/2024,452.25,458.5,449.75,453.75,217.07K
12/27/2024,454,455,452.25,453.25,162.02K
12/26/2024,453.75,454.25,448.5,448.5,176.17K
12/25/2024,448.5,448.5,448.5,448.5,
12/24/2024,448.5,448.75,446.75,447.25,88.15K
12/23/2024,447.75,448.25,445.25,446,132.88K
12/20/2024,446.25,447.5,439.5,439.75,191.42K
12/19/2024,440.75,441,435.75,437,182.52K
12/18/2024,437.25,446.5,437,443.75,176.18K
12/17/2024,443.5,446.75,441.25,445,164.42K
12/16/2024,445,445.75,441.25,441.25,157.17K
12/13/2024,430,434.25,426.25,434.25,0.02K
12/12/2024,431.75,439,431.75,436.5,0.33K
12/11/2024,448.25,451.25,447.75,448,265.28K
12/10/2024,449,450,440.75,441,296.08K
12/9/2024,441.75,442,437.5,439.25,228.24K
12/6/2024,440,440.5,434.5,435,216.79K
12/5/2024,435,436,428.25,429.5,164.27K
12/4/2024,430,433.5,429.5,432,138.43K
12/3/2024,432.25,436,431,433,150.61K
12/2/2024,432.5,435,429.75,433,173.21K
11/29/2024,433,433.75,427.25,428,124.10K
11/27/2024,428,431,427.5,427.75,264.98K
11/26/2024,428,434,425.5,432.5,323.71K
11/25/2024,433,435.75,431.75,434.75,271.40K
11/22/2024,435.25,439,434.5,436.25,175.79K
11/21/2024,436.25,442.25,435.75,439.75,184.04K
11/20/2024,440,441.75,435,437.25,184.19K
11/19/2024,437.75,441.75,437,439,165.89K
11/18/2024,439.75,440,433,434.75,149.25K
11/15/2024,424,425,417,418.75,218.57K
11/14/2024,419,428,418.25,426,292.27K
11/13/2024,426.5,429.75,424.25,428.5,235.17K
11/12/2024,428.5,433.5,426.75,429.75,250.50K
11/11/2024,430,432,426.5,430,250.21K
11/8/2024,431,434.75,426.75,427.5,347.31K
11/7/2024,427.5,428.5,422.25,425.75,310.58K
11/6/2024,426.25,426.75,414.25,418,283.19K
11/5/2024,418.5,419.75,415.25,416.25,167.93K
11/4/2024,416.5,420,413,414,219.14K
11/1/2024,414.5,415.75,410.5,410.75,197.41K
10/31/2024,410.75,412.75,409.25,411.5,238.81K
10/30/2024,411.5,414.25,411,413.25,170.09K
10/29/2024,413.75,414.75,410,410,197.43K
10/28/2024,410.75,414.75,410,413.25,251.36K
10/25/2024,415.25,421,414.5,420.5,247.61K
10/24/2024,421.5,424,418.25,418.75,287.99K
10/23/2024,419,420,414,416,246.01K
10/22/2024,416.5,417,408.25,409,267.22K
10/21/2024,409.5,411.75,403,403.75,241.76K
10/18/2024,404.75,409.5,403.75,406.75,193.54K
10/17/2024,406.75,407.5,399,404.5,255.48K
10/16/2024,404.75,406.75,401,401.25,214.29K
10/15/2024,401.25,408,400.5,408,305.40K
10/14/2024,408.25,415.25,407.5,415,257.78K
10/11/2024,415.75,422.75,415.25,418.5,224.07K
10/10/2024,418.5,424,418,421,171.36K
10/9/2024,421,423.5,420,420.25,148.82K
10/8/2024,420.75,428,419.25,426,229.66K
10/7/2024,426,427,421.25,424,161.44K
10/4/2024,424.75,427.5,423,427.5,165.35K
10/3/2024,428.25,433.25,427.5,431.5,181.33K
10/2/2024,432.5,434.25,428.5,428.5,239.75K
10/1/2024,429,432.5,421.75,423.5,262.76K
9/30/2024,424.75,427.75,415.5,416.5,272.93K
9/27/2024,418,419.75,410.75,413,218.58K
9/26/2024,413.25,419.25,412.5,414.75,204.87K
9/25/2024,415.25,415.5,408.5,411.75,158.96K
9/24/2024,411.75,418.25,410,413,210.50K
9/23/2024,413.5,414.25,401.25,401.5,228.07K
9/20/2024,401.75,407.25,401.5,406,178.23K
9/19/2024,405.75,413,405.25,412.25,166.20K
9/18/2024,412.75,415,411,412,134.64K
9/17/2024,412.5,413,408.5,410,123.97K
9/16/2024,410.75,413,408.5,413,150.82K
9/13/2024,390.75,394,381,381.25,0.04K
9/12/2024,386.25,387.5,380.5,380.5,0.12K
9/11/2024,380.5,381.25,377,379.75,0.12K
9/10/2024,379.5,382.75,380,382.75,0.30K
9/9/2024,384.25,385.25,381,383.75,0.38K
9/6/2024,406.25,416,405.5,410,174.63K
9/5/2024,410.75,413.25,406.75,412.75,162.78K
9/4/2024,412.75,413.5,407.5,408.75,205.92K
9/3/2024,409.25,410,398.5,400.5,238.85K
8/30/2024,401,401.75,394.5,395,187.44K
8/29/2024,396,396.25,389.25,390,236.85K
8/28/2024,390.75,394,388.75,392.25,270.54K
8/27/2024,392.75,394.5,385,385.75,283.62K
8/26/2024,386.5,391,385,390.75,251.69K
8/23/2024,391,396.25,390.75,393.25,190.43K
8/22/2024,393.5,399,393,398.5,189.30K
8/21/2024,398.25,400.5,396.5,397.75,148.03K
8/20/2024,398,401,397.75,400,156.42K
8/19/2024,400.25,400.75,391.75,392,201.01K
8/16/2024,392.5,397.5,390,396,215.49K
8/15/2024,397,403.75,396.25,400.75,217.11K
8/14/2024,400.75,401.75,395.5,397,175.72K
8/13/2024,397.25,403,395.25,401,212.08K
8/12/2024,401.5,403,390.25,394.75,295.71K
8/9/2024,395,399,393.5,396.75,182.30K
8/8/2024,397,403.75,396.25,401,184.32K
8/7/2024,400.75,404.75,399,404.25,207.13K
8/6/2024,405.25,409,402,407,135.71K
8/5/2024,407,407.75,396,402.25,172.74K
8/2/2024,403.25,404.75,398.5,399.25,150.81K
8/1/2024,398.5,400.75,395,399.75,152.32K
7/31/2024,399.75,406.5,397.75,404.5,207.18K
7/30/2024,405,412.75,404,412,136.87K
7/29/2024,412.25,413,405.5,407.5,169.46K
7/26/2024,410,421.75,409.25,421,161.57K
7/25/2024,420.75,423.5,416.25,417.25,155.68K
7/24/2024,418,423.75,414.5,416.5,166.66K
7/23/2024,417.25,422.5,411.75,413.75,175.65K
7/22/2024,415,415.5,405.25,405.25,170.64K
7/19/2024,404.75,410.75,404,405,113.81K
7/18/2024,405,413,404.25,412,123.13K
7/17/2024,411.75,413.25,408.25,408.75,136.92K
7/16/2024,408.75,411,403.25,403.25,146.69K
7/15/2024,404.25,416,403.25,416,168.50K
7/12/2024,402,404.75,391,400,211.32K
7/11/2024,400.25,403,394.75,395.25,197.07K
7/10/2024,395.75,398,390.75,393.75,221.92K
7/9/2024,394,398.75,391.75,393.5,158.71K
7/8/2024,393.25,410,391.25,409.5,183.88K
7/5/2024,410.5,412.25,405,405.5,90.32K
7/3/2024,405.5,409.75,404,407.75,110.94K
7/2/2024,408,413.75,405.75,408,121.58K
7/1/2024,407,410,401,407.5,158.70K
6/28/2024,407.5,429,399.5,422.5,314.60K
6/27/2024,422.5,427.5,422.25,425.5,257.43K
6/26/2024,425.5,436,424.25,431.5,234.61K
6/25/2024,431.75,440.5,429.25,439.5,177.84K
6/24/2024,439.5,442,430.5,441,162.49K
6/21/2024,440.5,447.5,440.25,444.75,163.09K
6/20/2024,444.75,454.5,444,453.75,147.82K
6/18/2024,455.75,457.25,449.5,450.25,106.45K
6/17/2024,450,456.75,449.25,455.25,87.76K
6/14/2024,450,459.5,448,458,228.39K
6/13/2024,458.5,460.5,453.5,453.5,296.25K
6/12/2024,454.25,455,448.5,449,276.47K
6/11/2024,449.5,456.25,449,450.75,271.96K
6/10/2024,451.75,452.75,447.75,448.75,230.93K
6/7/2024,448.75,454.25,444.25,452,238.07K
6/6/2024,452,453.25,438.75,439.25,261.54K
6/5/2024,439.25,444.25,438.25,442.5,183.31K
6/4/2024,442.5,448.25,440,442.5,221.27K
6/3/2024,443.5,449,439,445.75,262.80K
5/31/2024,446.25,453.75,445.5,449,174.86K
5/30/2024,448.75,457,447.5,455.25,225.18K
5/29/2024,455.25,463,454.25,462.5,166.32K
5/28/2024,462.5,471,460,467,166.13K
5/24/2024,464.75,466.75,460.75,464.5,169.18K
5/23/2024,464,467.25,458.5,461.25,166.86K
5/22/2024,461.25,463.25,458,458.5,175.90K
5/21/2024,458,461.25,455,460,168.07K
5/20/2024,460.5,463.5,452.25,452.75,185.09K
5/17/2024,452.5,460.5,451,457.25,217.85K
5/16/2024,457,465.25,456,462.25,200.53K
5/15/2024,462.5,473.25,461.5,467.75,222.34K
5/14/2024,453.75,461,453.25,461,0.03K
5/13/2024,458.5,461.5,453.5,453.5,0.32K
5/10/2024,455.75,455.5,443.25,443.25,0.32K
5/9/2024,442.75,447.5,441,447.25,0.57K
5/8/2024,445.5,452.75,444.25,452.75,0.63K
5/7/2024,453.75,459.5,453.75,457,1.02K
5/6/2024,457,458.5,444.5,447,1.91K
5/3/2024,460.25,468,457.25,459.5,303.31K
5/2/2024,459.75,460.5,449.75,450,240.17K
5/1/2024,450.75,451.5,443.75,446.75,151.38K
4/30/2024,446.75,450,444.5,449,149.01K
4/29/2024,449.25,451.25,445.5,450,211.47K
4/26/2024,450,454,449.25,451.75,225.50K
4/25/2024,441,442,436,437.75,168.02K
4/24/2024,448.5,454.25,448,452.25,228.27K
4/23/2024,452.5,453.25,448.25,449.5,173.81K
4/22/2024,439.75,441,431,432.25,192.56K
4/19/2024,443,443.5,436,436.75,152.76K
4/18/2024,426.75,431,426.25,429.5,180.78K
4/17/2024,441,444.25,440.75,442.75,122.10K
4/16/2024,431,432.25,428.5,431.25,148.12K
4/15/2024,431.5,435,430.25,434.5,152.25K
4/12/2024,435.5,437.5,427,428.25,202.05K
4/11/2024,428.75,437.5,427.5,434,250.70K
4/10/2024,434.25,435.75,430.75,431,210.26K
4/9/2024,431.25,435.75,429.75,435,219.30K
4/8/2024,435.5,437.5,431.5,433.75,215.99K
4/5/2024,434.25,438.5,432.25,435,192.94K
4/4/2024,435.25,436,429.75,432.25,153.81K
4/3/2024,431.75,433,425.75,428.25,187.68K
4/2/2024,426.5,436.75,424.5,435.75,235.50K
4/1/2024,435.5,442,432.25,441.75,200.47K
3/29/2024,442.25,442.25,442.25,442.25,
3/28/2024,442,448,426,426.75,360.09K
3/27/2024,426.75,432.25,426.25,432,165.19K
3/26/2024,432.5,440.75,432,437.25,155.31K
3/25/2024,437.75,441.25,437,439,118.61K
3/22/2024,439.25,441.5,436,440.25,132.90K
3/21/2024,440.75,445.75,437.5,439,158.79K
3/20/2024,439,439.5,435.5,439,131.97K
3/19/2024,439.5,440,435,436.5,115.12K
3/18/2024,436,440.5,434,437,121.82K
3/15/2024,436.75,440,431.75,433.75,140.24K
3/14/2024,422.5,426,423,426,0.05K
3/13/2024,426.5,432.5,430,430,0.08K
3/12/2024,429,435,424.75,425,0.53K
3/11/2024,428.25,428.5,419.75,421.75,0.62K
3/8/2024,426.25,426.5,420.5,424.25,0.76K
3/7/2024,426,427.5,418.25,418.25,1.65K
3/6/2024,418,416.25,412,413.25,2.54K
3/5/2024,413.5,418,412.5,417.25,1.54K
3/4/2024,417.5,420.75,412,412,2.21K
3/1/2024,412.25,418,409.25,415.5,3.48K
2/29/2024,429.5,432,423.75,429.25,145.91K
2/28/2024,428.5,430.5,421.75,423.75,227.19K
2/27/2024,423.5,426.5,421,421,223.74K
2/26/2024,407,407.75,394.5,399.75,227.18K
2/23/2024,399.75,409.25,398.5,406,218.22K
2/22/2024,406,415.5,404.25,410,199.94K
2/21/2024,411,419.5,410,418.5,180.05K
2/20/2024,418.75,421.5,414.75,416.25,217.84K
2/16/2024,416.5,421.5,415,417.5,176.97K
2/15/2024,417.75,425,417.25,424,217.73K
2/14/2024,424.25,431,422.25,430.75,230.22K
2/13/2024,430.75,434.75,428.75,430.25,182.68K
2/12/2024,430.5,432.75,427.75,430.25,198.80K
2/9/2024,429,437,428.25,433,206.27K
2/8/2024,433.25,437,429.75,434.5,222.88K
2/7/2024,434.25,439.25,432.75,438.5,245.42K
2/6/2024,438.75,445.5,438.25,442.75,193.36K
2/5/2024,442.75,445,439.5,442.75,137.66K
2/2/2024,442.75,448.75,442,446.5,129.45K
2/1/2024,447.25,448,443.5,448,153.72K
1/31/2024,448.25,448.75,443.25,447.25,135.49K
1/30/2024,447.75,448.25,436.5,439.75,194.90K
1/29/2024,440.25,447.5,437.5,446.25,203.57K
1/26/2024,446.25,451.75,445.5,451,135.73K
1/25/2024,451.75,453.25,447.5,451.5,169.29K
1/24/2024,452.25,452.75,446.25,446.5,156.00K
1/23/2024,446.5,450.5,444,445.75,152.30K
1/22/2024,445.75,448,444,445.5,112.77K
1/19/2024,445.5,449.5,443,443.5,148.10K
1/18/2024,444,445,436.75,442,180.95K
1/17/2024,442.25,448.25,440,443.5,205.71K
1/16/2024,443.5,451.25,442,447.75,175.65K
1/12/2024,447,460,441,457,314.10K
1/11/2024,457.75,461.5,455.75,459,165.19K
1/10/2024,459.5,461.75,454.5,459,193.51K
1/9/2024,459.25,460.5,451.75,454.75,215.15K
1/8/2024,455,462.5,452,461,214.32K
1/5/2024,460.75,467.75,460,466.5,151.59K
1/4/2024,466.5,469,463.5,465,127.03K
1/3/2024,465.25,466,461.75,464.75,147.91K
1/2/2024,463.75,470.75,462.5,470.5,187.19K
12/29/2023,471.25,475,470.5,473.75,109.65K
12/28/2023,474.25,478.75,474,476,99.40K
12/27/2023,476.5,480.25,474.5,479.75,107.95K
12/26/2023,480.25,481,471.5,473,114.20K
12/22/2023,473,474,471.5,472.5,80.48K
12/21/2023,472.5,474,469.25,470,108.60K
12/20/2023,469.75,475.5,468.25,472.75,131.03K
12/19/2023,472.75,478.25,471.5,477.25,130.03K
12/18/2023,477,482.75,475.5,482.5,129.45K
12/15/2023,483,484,477.75,479.25,108.55K
12/14/2023,456.75,460,456.75,459,0.01K
12/13/2023,456.75,462.5,455,462.5,0.26K
12/12/2023,462.5,467,459.25,459.25,0.27K
12/11/2023,460.5,466.25,461,465.5,0.38K
12/8/2023,465.75,472,466.25,468,0.32K
12/7/2023,468.25,469.25,465,465,0.32K
12/6/2023,464.75,473,463.75,467.75,0.35K
12/5/2023,468.5,468.5,460.25,460.25,0.64K
12/4/2023,460.25,463.75,457,461.25,1.93K
12/1/2023,464.5,469.5,458.25,460.25,3.31K
11/30/2023,482.75,484.5,475,475.25,189.36K
11/29/2023,475.75,477.25,470.5,473.5,257.32K
11/28/2023,473.5,476.75,471,475.25,263.24K
11/27/2023,475.25,485,473,483.25,211.13K
11/24/2023,482.5,489.25,481.75,487.5,109.60K
11/22/2023,487.75,493.25,487,488.25,131.96K
11/21/2023,489,493.25,486,487.5,142.28K
11/20/2023,487.5,488.25,482.5,485.5,111.05K
11/17/2023,485.25,493.5,485,493.25,106.98K
11/16/2023,493.25,494.25,483.5,488.75,139.10K
11/15/2023,488.5,496.5,485,493.75,188.61K
11/14/2023,478.25,480,473,477,183.14K
11/13/2023,477.25,477.75,461,463.25,249.73K
11/10/2023,464,469,461.75,468,230.54K
11/9/2023,468,476,466.5,475,257.16K
11/8/2023,476,480.5,468.5,469,322.78K
11/7/2023,468.5,477.5,468,477,215.81K
11/6/2023,477.25,480.75,476.75,477.25,131.65K
11/3/2023,477.25,481.25,468,470,200.22K
11/2/2023,470,477,469.5,475,202.19K
11/1/2023,475,480,472.5,478.75,180.12K
10/31/2023,478.75,483,477.5,478.25,136.05K
10/30/2023,478.25,484.25,477.5,480,136.57K
10/27/2023,480.75,484,478.25,479.25,126.30K
10/26/2023,479.25,484.25,477.5,480,190.73K
10/25/2023,480,486,476.75,483.5,177.28K
10/24/2023,484,491.5,482.75,490.75,161.08K
10/23/2023,490.25,497,490.25,494.25,126.44K
10/20/2023,495.5,509.5,495,504,264.54K
10/19/2023,505,505.5,490.25,492,279.44K
10/18/2023,492,494,488.5,488.5,119.27K
10/17/2023,489,492.75,487.75,490,102.03K
10/16/2023,490,496.75,489.5,493.5,113.49K
10/13/2023,493.25,498.75,490.5,495,138.23K
10/12/2023,496,498.75,482.25,487.75,208.37K
10/11/2023,488,488.5,483.5,485.5,102.59K
10/10/2023,485.5,488.25,484.25,488,110.08K
10/9/2023,488.25,497,487.25,492,115.53K
10/6/2023,492,499,491.5,496,125.23K
10/5/2023,497.5,498.5,482.5,486,186.34K
10/4/2023,486,489.75,482.5,487.5,129.88K
10/3/2023,487.5,489.25,484.25,488,138.10K
10/2/2023,488.75,489.75,476,477,159.22K
9/29/2023,476.75,490,475.5,487.5,209.42K
9/28/2023,488.5,489.25,481,483.75,114.32K
9/27/2023,483.25,486.75,479,479.75,125.71K
9/26/2023,479.75,483.5,476.5,481,117.59K
9/25/2023,481.25,482.5,473.75,475.25,101.59K
9/22/2023,477.25,478.5,474.25,475,88.61K
9/21/2023,475.25,482.5,474,481,115.20K
9/20/2023,482.25,483,474.5,476,162.30K
9/19/2023,476.25,477,467.75,471.25,139.65K
9/18/2023,471.5,478.75,469,475.25,143.32K
9/15/2023,476.25,483.5,475,480,110.38K
9/14/2023,462.5,459.25,455.75,455.75,0.09K
9/13/2023,464,467.75,462.5,466.75,0.12K
9/12/2023,463.25,473.5,462.75,473.5,0.17K
9/11/2023,471.25,471.5,468,470.25,0.43K
9/8/2023,468.5,472.25,467,471.25,0.23K
9/7/2023,470.75,474,468.5,471.25,0.74K
9/6/2023,471.5,476.25,471.25,473.5,0.84K
9/5/2023,471,473.75,462.5,466,1.55K
9/1/2023,464.75,468.25,460.25,461,3.31K
8/31/2023,461,468,459,461.75,12.07K
8/30/2023,461.75,474.75,460.25,469,74.61K
8/29/2023,469.5,483,468.5,476.5,98.80K
8/28/2023,478.5,480,472.25,476.25,87.58K
8/25/2023,470.75,477,469,471.25,84.41K
8/24/2023,472.25,480.5,468.5,476.25,85.16K
8/23/2023,476.25,478.25,465.5,467,84.52K
8/22/2023,466.5,472.5,461,469.25,72.98K
8/21/2023,469.25,493,468,486,74.71K
8/18/2023,479.5,482.5,472.5,473.75,66.48K
8/17/2023,473,475,464.75,470,69.17K
8/16/2023,469.5,473,462,463,70.84K
8/15/2023,464,474,462,474,89.97K
8/14/2023,475.75,479.75,468.75,476.25,73.61K
8/11/2023,474.5,494.75,470.5,483,174.43K
8/10/2023,483.25,485.5,480,481.5,93.32K
8/9/2023,481,490,479,485.75,120.22K
8/8/2023,485.75,488.75,477.25,482,124.55K
8/7/2023,482.25,488.5,476,484.75,164.88K
8/4/2023,484.25,493.5,480.25,482.5,96.91K
8/3/2023,480.75,489.75,480.25,486.25,101.38K
8/2/2023,488.25,512.25,485.75,497.25,158.41K
8/1/2023,497,508,496.5,504,116.23K
7/31/2023,504,516.25,498.5,516.25,111.16K
7/28/2023,521,538.5,516.75,533,90.55K
7/27/2023,533.25,547,532.25,540.25,95.91K
7/26/2023,540.25,557.25,536.75,557,106.98K
7/25/2023,557.5,563.75,545.5,559.75,104.80K
7/24/2023,560.5,564.5,531.5,534,115.44K
7/21/2023,527,538.75,522.5,536.5,121.03K
7/20/2023,537.25,554.5,533,545,123.96K
7/19/2023,545.5,557.5,525.75,526.75,193.39K
7/18/2023,528.75,534.75,495.25,497.75,132.50K
7/17/2023,499.25,519.75,496.25,512,87.97K
7/14/2023,599.75,614.75,604.75,609.75,0.08K
7/13/2023,593.5,593.75,547.5,547.5,0.13K
7/12/2023,549.75,574.5,547.25,573,0.71K
7/11/2023,571.75,585.5,567.5,567.5,0.79K
7/10/2023,570.75,572,561,561,0.52K
7/7/2023,560.5,571.75,560,567,1.32K
7/6/2023,566.75,569.25,547.25,547.25,1.41K
7/5/2023,548.25,564.25,545.5,558,1.92K
7/3/2023,557.25,568.25,553.25,558.5,1.61K
6/30/2023,554.5,595,552,585,6.46K
6/29/2023,581,603.5,574,591.75,42.59K
6/28/2023,590,630.75,582,625,89.62K
6/27/2023,623,644.5,622.25,643,93.04K
6/26/2023,637.25,649.75,621,634.5,117.53K
6/23/2023,630.75,657.5,629,655.75,142.97K
6/22/2023,660.5,670.25,653,668.25,117.76K
6/21/2023,671,672.5,647.25,650,150.76K
6/20/2023,643.75,647,635.5,640.75,151.99K
6/16/2023,640.25,641,622.25,623,223.69K
6/15/2023,623.25,626.5,607.25,608,194.03K
6/14/2023,607.75,618.75,601.5,610.25,187.54K
6/13/2023,612.5,625,610.75,617,202.99K
6/12/2023,617.25,623.75,608.75,609,208.16K
6/9/2023,604.25,609,597.5,608.25,174.69K
6/8/2023,610.25,613.25,595.25,600,178.77K
6/7/2023,604.25,612.5,601.75,605,174.30K
6/6/2023,608,610.75,599.75,599.75,185.93K
6/5/2023,597.5,614,595,609,168.38K
6/2/2023,609,610.5,581.25,592.5,199.86K
6/1/2023,592.5,606,591.75,594,153.59K
5/31/2023,594,594.75,577.5,594.25,170.16K
5/30/2023,594,605,591.5,603.75,176.21K
5/26/2023,604,606.75,588.25,590.25,178.64K
5/25/2023,590.75,593,583.5,587.5,145.55K
5/24/2023,587.25,589.75,574,577,152.82K
5/23/2023,577.5,580.75,564,570.25,133.38K
5/22/2023,571,575.5,553.25,554.75,148.54K
5/19/2023,554.5,571.75,551.5,555,183.02K
5/18/2023,555.25,561.75,547,561.25,181.02K
5/17/2023,561.5,582.75,554.25,581.75,265.00K
5/16/2023,581.25,593,578.25,592,133.85K
5/15/2023,592.5,598.75,581.5,581.5,164.17K
5/12/2023,633.25,638.75,623.5,634.75,0.24K
5/11/2023,632.5,648,632,641.75,0.99K
5/10/2023,645.5,649.75,637.25,642,1.07K
5/9/2023,642.25,654.75,639.5,654.75,1.59K
5/8/2023,656.5,658.5,651.5,652.75,0.68K
5/5/2023,653.25,656.25,644,644,1.22K
5/4/2023,646.5,649.5,637.5,642.25,2.27K
5/3/2023,645.25,646,626.5,636.5,2.08K
5/2/2023,638,652,635.5,641.75,5.51K
5/1/2023,639.5,641,628,632.5,2.75K
4/28/2023,636,639,622,628.25,13.72K
4/27/2023,627,644.25,621.75,642,59.71K
4/26/2023,641.5,652.25,641,648,65.29K
4/25/2023,646.5,653,641.5,651.25,100.63K
4/24/2023,651.25,667.5,648.5,663.25,134.98K
4/21/2023,663.25,665.5,656.5,664.25,127.47K
4/20/2023,663.75,674,661.5,672,120.92K
4/19/2023,672.25,680,671,675.75,114.51K
4/18/2023,677.5,682.5,669.75,676,130.89K
4/17/2023,676.5,677,662.25,666,146.90K
4/14/2023,666.25,668,651,653.75,154.00K
4/13/2023,652.25,661.75,651.5,656,147.15K
4/12/2023,656,658.5,648.75,651,150.11K
4/11/2023,651,657.75,646.75,653.5,200.26K
4/10/2023,654,655,640.25,644.5,150.10K
4/7/2023,643.5,643.5,643.5,643.5,
4/6/2023,643.5,652.5,641.75,652.25,132.98K
4/5/2023,652.75,660,646.5,653.75,143.56K
4/4/2023,653.75,657.5,648.5,657,140.10K
4/3/2023,657.75,668.5,656,659.5,153.87K
3/31/2023,660.5,664.5,647.25,648.75,201.89K
3/30/2023,649.5,654.75,648,649.75,119.49K
3/29/2023,650.5,655.5,645.75,646.25,156.69K
3/28/2023,647.25,651.25,644.5,646.75,135.24K
3/27/2023,648.25,648.75,637,643,145.57K
3/24/2023,643,645,627.5,631,191.26K
3/23/2023,631.75,644,627.25,633,186.44K
3/22/2023,633.5,636,623.25,631.25,154.75K
3/21/2023,630,638.25,628.75,632.75,133.31K
3/20/2023,633,634,625,633,115.79K
3/17/2023,634.25,638.75,630.25,633.25,141.48K
3/16/2023,632.75,635,624.75,626,167.31K
3/15/2023,626.5,629,619.25,623.75,156.41K
3/14/2023,627.5,627.5,624,624,0.12K
3/13/2023,624.5,629,622.25,622.25,0.54K
3/10/2023,624.25,626.75,618.5,620,0.54K
3/9/2023,611.5,629.75,610.25,625.5,223.65K
3/8/2023,625.5,637.5,624.5,635,161.08K
3/7/2023,634.25,638.75,633.25,637.5,101.17K
3/6/2023,637,640.25,634,639,110.48K
3/3/2023,645.25,648.25,638.25,639.75,1.04K
3/2/2023,637.75,647.25,636,641,1.87K
3/1/2023,640.5,641.5,623.5,630,5.43K
2/28/2023,629.5,644.75,629.25,642,15.55K
2/27/2023,642.75,654,642.25,650.75,105.66K
2/24/2023,649.25,662,649,660,265.19K
2/23/2023,659.25,676,657.5,674.75,267.75K
2/22/2023,674.25,681,674,679.75,125.72K
2/21/2023,680.5,683,675.5,678.5,156.08K
2/17/2023,677.75,679,675,676,144.08K
2/16/2023,676,677.25,673.25,676.5,134.97K
2/15/2023,676.25,682.5,675.5,682,116.55K
2/14/2023,682.25,688.25,681.75,684,137.23K
2/13/2023,685,686.5,676.75,680,193.01K
2/10/2023,680.5,682.75,669.25,670.75,226.65K
2/9/2023,670.75,681,670.25,678.25,214.28K
2/8/2023,678.5,679.5,672.75,673.75,223.79K
2/7/2023,674,678.5,673.5,677,149.45K
2/6/2023,679,679.25,672.25,677.25,123.61K
2/3/2023,677.5,680,671.5,674.25,124.85K
2/2/2023,675.25,686,674.25,681,149.91K
2/1/2023,681,682,672.75,679.25,144.37K
1/31/2023,679.75,688.5,678,683.5,161.23K
1/30/2023,683.75,687.25,678.5,685,127.94K
1/27/2023,683,686,678.25,681.75,141.24K
1/26/2023,682.5,685.5,673,674,146.55K
1/25/2023,674.75,681,673.75,676.75,126.03K
1/24/2023,677,677.5,666.25,667,165.29K
1/23/2023,666.25,674.75,661.25,674,184.77K
1/20/2023,676.25,678,672.5,675.5,134.98K
1/19/2023,677.25,685.25,676,680,149.96K
1/18/2023,681.25,688.75,678,684.25,175.37K
1/17/2023,685.25,687,668.75,671.5,179.92K
1/13/2023,675,676.75,669.75,670.75,158.82K
1/12/2023,671,673.5,649.25,656,242.53K
1/11/2023,656,659,652.75,654.5,110.88K
1/10/2023,655,664,648.25,651.75,181.16K
1/9/2023,652.75,657,650.75,655.5,112.24K
1/6/2023,654,659.5,651.75,653.75,114.16K
1/5/2023,652.75,657.75,648.5,654.5,138.83K
1/4/2023,653.75,671.75,652.5,670.75,175.76K
1/3/2023,670.5,681.25,668,677.25,155.54K
12/30/2022,678.5,685,676.5,679.5,90.32K
12/29/2022,679.5,682.25,677.25,681.75,104.94K
12/28/2022,682.75,683.5,672.75,673.25,122.19K
12/27/2022,674.75,675.75,667.25,669,123.17K
12/23/2022,666.25,667.75,659.25,659.5,94.50K
12/22/2022,660.5,664.75,658.75,662,79.92K
12/21/2022,662.25,663,651,651.5,125.59K
12/20/2022,652,654.25,646.75,647.75,91.46K
12/19/2022,647.25,650.75,644,650.5,83.17K
12/16/2022,653,655.75,650,653.5,66.40K
12/15/2022,653.5,654.25,647.75,650.25,93.74K
12/14/2022,639,644.25,639,644.25,0.04K
12/13/2022,643.75,650.5,639.25,642.5,0.18K
12/12/2022,641.25,644.5,634.5,634.5,0.26K
12/9/2022,634.75,639.75,631.5,631.5,0.45K
12/8/2022,632,632.5,626,628,0.43K
12/7/2022,627.75,632.5,624,626.5,0.66K
12/6/2022,625.5,635.5,623,630.75,0.51K
12/5/2022,628.75,638.25,625.5,635.5,0.76K
12/2/2022,635,650.25,629,650.25,5.68K
12/1/2022,650,663.75,647,661.75,8.57K
11/30/2022,662,667,660,665.75,18.20K
11/29/2022,665.75,671.25,665.25,667.5,110.38K
11/28/2022,668.75,670,661,665,149.23K
11/25/2022,668,669.75,661,661.25,71.24K
11/23/2022,663.25,663.75,655.75,657.75,104.57K
11/22/2022,656.75,663,656.25,659.5,107.55K
11/21/2022,659.5,666.75,657.25,666.5,143.72K
11/18/2022,667.75,672.75,665.25,667.5,131.28K
11/17/2022,667.5,668.25,654.75,665,138.56K
11/16/2022,665.25,666,657.5,665.25,121.44K
11/15/2022,666.75,675,651.25,657,234.10K
11/14/2022,657.25,662,652.25,657,181.57K
11/11/2022,658,661,653.5,653.75,233.36K
11/10/2022,653.25,667.25,652.75,664.5,229.08K
11/9/2022,664.5,671.75,658,667,246.97K
11/8/2022,667.5,677,666.25,675.75,227.16K
11/7/2022,675.75,680.75,675.25,679,162.56K
11/4/2022,681,685.25,678.5,679.25,112.56K
11/3/2022,679.25,686.5,678.5,686,123.35K
11/2/2022,687.5,697.25,680,696.5,168.33K
11/1/2022,697.75,698.5,687.25,689,146.47K
10/31/2022,691.5,700,684.25,696.5,226.70K
10/28/2022,680.75,683.75,676.25,681.25,115.07K
10/27/2022,682.25,689.25,679.25,685,112.30K
10/26/2022,685,689.75,683.25,684.25,106.23K
10/25/2022,686.25,687.5,677.75,681.5,116.66K
10/24/2022,681.5,686.5,677.25,682.25,119.46K
10/21/2022,684.25,688,677.75,683.5,109.02K
10/20/2022,684,687,676.75,678,134.82K
10/19/2022,678.25,684.5,674,681,112.23K
10/18/2022,681,683.75,674.5,683,147.46K
10/17/2022,683.5,692.25,681.25,689,106.16K
10/14/2022,689.75,699.5,688.5,697,108.82K
10/13/2022,697.75,699.5,684,692.25,167.24K
10/12/2022,693,700,680,693.25,180.21K
10/11/2022,693,702,690.75,697,140.43K
10/10/2022,698.25,706.5,683.5,683.75,201.82K
10/7/2022,683.25,684.5,671.5,675.5,113.58K
10/6/2022,675.5,685.75,672,683.75,128.78K
10/5/2022,684,687.5,675.75,683,114.32K
10/4/2022,683,691.5,676.5,680.75,119.21K
10/3/2022,680.75,687.5,672.5,680,132.39K
9/30/2022,677.5,696.25,669.25,669.5,253.85K
9/29/2022,669.5,676.75,666,670.5,139.45K
9/28/2022,670.5,673.25,661.5,668.25,137.43K
9/27/2022,667.5,678,666.25,666.25,163.17K
9/26/2022,666.25,679,665.5,673.25,140.73K
9/23/2022,676.75,688,669.5,687,154.39K
9/22/2022,688.25,691,681.5,683.5,97.07K
9/21/2022,685.5,698.5,679.25,692,127.22K
9/20/2022,692,693.5,677.5,677.75,123.23K
9/19/2022,678.25,680,668.25,675.75,96.69K
9/16/2022,677.25,680.5,667.5,676.25,121.33K
9/15/2022,677.5,690,676.25,681.75,111.79K
9/14/2022,709,692.75,681.5,690.75,0.15K
9/13/2022,709,725,710,721.25,0.61K
9/12/2022,712.25,721.5,689,690.25,1.33K
9/9/2022,698.5,700.5,678.75,678.75,1.44K
9/8/2022,668.5,675.25,659,671,
9/7/2022,676.75,690,675.25,678.5,1.27K
9/6/2022,680.75,682,667.5,670.75,1.29K
9/5/2022,667.38,667.38,667.38,667.38,
9/2/2022,669,671,656.75,657,2.14K
9/1/2022,658.25,673.75,655,671,9.01K
8/31/2022,673.75,683,664.25,680.75,7.83K
8/30/2022,679.75,682.75,671.25,681.25,48.46K
8/29/2022,683.75,684.25,668.5,675,86.64K
8/26/2022,668.75,671,654.75,657,75.54K
8/25/2022,657.5,674.25,656.75,665,78.32K
8/24/2022,665.75,675.5,655.75,659.75,76.02K
8/23/2022,660,666.75,635.75,637,95.35K
8/22/2022,633.5,635.25,618,622.75,67.38K
8/19/2022,626,627.75,616,619,51.22K
8/18/2022,619.75,624,608.25,615,52.15K
8/17/2022,615,618.5,608,611,49.24K
8/16/2022,611,628.25,608,624,67.19K
8/15/2022,626.75,635.25,616.5,630.5,56.71K
8/12/2022,639.75,640.5,616,629.25,98.63K
8/11/2022,629.25,630.75,618.75,621,112.04K
8/10/2022,621.25,632.5,613,615,134.33K
8/9/2022,615.5,626,613.5,614.5,142.24K
8/8/2022,608.5,616,601.75,603,155.07K
8/5/2022,610.25,614,597,602,125.02K
8/4/2022,602.25,607,585.75,591.5,83.78K
8/3/2022,591.5,597,583,587,101.91K
8/2/2022,591.25,605.25,589.25,604,107.01K
8/1/2022,607,621.5,594.25,619.75,91.87K
7/29/2022,616.25,632,611.5,615,99.16K
7/28/2022,615,618,601.25,603.75,72.68K
7/27/2022,600.25,604.25,591.75,597,80.96K
7/26/2022,597,599.75,586.25,587.75,95.70K
7/25/2022,580,580.75,566.25,574.25,103.45K
7/22/2022,564.25,582.75,561.5,575,95.96K
7/21/2022,575.75,593.5,572.75,592.75,76.76K
7/20/2022,592.25,600.5,589,595.5,76.18K
7/19/2022,596.75,611,585.75,610.5,94.16K
7/18/2022,612.25,623.5,601.5,610.75,75.98K
7/15/2022,604.25,612,596,606.75,81.57K
7/14/2022,695,746.5,694,738.25,0.03K
7/13/2022,740,756.5,725,726,0.49K
7/12/2022,732.75,785.25,732,781,1.32K
7/11/2022,781.25,800,780.75,783.25,1.34K
7/8/2022,778.25,781,744,750.75,
7/7/2022,747,763.5,740,749.5,0.78K
7/6/2022,744.25,761,726,746,2.70K
7/5/2022,736,765,726,750.25,3.78K
7/1/2022,754.5,760,743.75,748,5.49K
6/30/2022,743.75,775.25,742.25,770,14.48K
6/29/2022,770.25,780,755.5,758.25,63.70K
6/28/2022,759.5,762.75,744.25,747.5,86.04K
6/27/2022,744.25,746.25,731,740,121.83K
6/24/2022,750.25,762.25,735,745,155.99K
6/23/2022,746.75,767.25,734.5,767.25,215.84K
6/22/2022,768,770.5,754.5,762,167.78K
6/21/2022,760.75,778.25,752.25,777.5,192.14K
6/17/2022,784.5,800,782.25,787.5,116.06K
6/16/2022,788.25,792,773,774,121.54K
6/15/2022,774,779.75,762,767,105.91K
6/14/2022,768.25,771,759,765.75,125.80K
6/13/2022,769.25,782.25,758.5,781,170.04K
6/10/2022,773.25,781,765.75,772.25,156.10K
6/9/2022,773,782.75,758,764.5,226.33K
6/8/2022,764.5,774,756,757,223.85K
6/7/2022,757,765,735,739,227.58K
6/6/2022,742.5,744.25,731.5,732.25,131.92K
6/3/2022,727,736,725.75,730.25,105.54K
6/2/2022,730.25,739.25,726.25,731.25,127.14K
6/1/2022,731.25,756.25,720.5,753.75,210.39K
5/31/2022,753.5,777.25,747.25,777,175.46K
5/30/2022,775.62,777.12,775.62,776,
5/27/2022,777.25,780.5,761,765,101.09K
5/26/2022,765,772.5,757.5,762.75,104.92K
5/25/2022,772.25,773,755,770,127.43K
5/24/2022,771.75,787,762,785,147.02K
5/23/2022,786.25,788,774.5,780.25,88.36K
5/20/2022,778.75,782,774.5,781.25,88.00K
5/19/2022,783.25,789.75,773.25,782,106.42K
5/18/2022,781.5,802.25,778,800.75,120.12K
5/17/2022,800.75,809.25,797.25,808,98.32K
5/16/2022,809.5,810.25,792.75,795,138.86K
5/13/2022,794.5,808,808,808,0.03K
5/12/2022,813.5,814,798.75,802.5,0.91K
5/11/2022,802.25,802.75,788,788,0.65K
5/10/2022,786.5,790.75,782.5,787.5,0.60K
5/9/2022,784.5,792.25,782,792.25,0.75K
5/6/2022,792.25,800,784.25,800,1.25K
5/5/2022,803.75,804.75,796,799.75,0.41K
5/4/2022,798.5,808.75,796,801,1.27K
5/3/2022,800.75,822,799.75,817.5,2.21K
5/2/2022,813,814,798,811.5,2.85K
4/29/2022,818.25,827,814,816.25,11.14K
4/28/2022,816,823.5,811,816.25,47.63K
4/27/2022,815.5,820.25,797.5,802.75,70.67K
4/26/2022,803.25,812.25,795,800.25,85.31K
4/25/2022,800.25,802,784.75,796.75,114.12K
4/22/2022,793,807.5,783.5,798.75,140.80K
4/21/2022,799.25,814.25,797.5,814,111.00K
4/20/2022,815.75,816.5,796.75,803.5,128.91K
4/19/2022,804,819.75,799.75,813.25,133.53K
4/18/2022,813.25,816.75,790.25,791,114.98K
4/15/2022,791,791,791,791,
4/14/2022,790.25,793,781,783.5,108.88K
4/13/2022,783.5,786.25,767.25,775,182.92K
4/12/2022,776.25,779,765,765.5,154.27K
4/11/2022,764.5,778,762,767,170.23K
4/8/2022,768.75,773,752.75,757,170.87K
4/7/2022,757.75,759.25,748.5,755.75,149.46K
4/6/2022,756.5,761.5,750.25,759.75,110.92K
4/5/2022,759.75,768,749.25,750.75,123.89K
4/4/2022,750.5,752.25,734.75,737,112.65K
4/1/2022,735,751.5,730.25,748.5,155.93K
3/31/2022,748.75,770,732.5,739.25,173.74K
3/30/2022,738,748.75,726.75,727,109.72K
3/29/2022,726.25,747.5,713.5,746.25,180.17K
3/28/2022,748.5,750.25,740.5,749,89.18K
3/25/2022,754,755.25,742.5,748.5,73.85K
3/24/2022,748.25,762.5,745,757,100.95K
3/23/2022,757.75,770.5,749,752.25,112.40K
3/22/2022,753,761,744,756.75,104.19K
3/21/2022,756.25,765,743,746.5,93.78K
3/18/2022,741.75,755,736.5,753.75,84.41K
3/17/2022,754.5,757.5,728.5,730,90.27K
3/16/2022,730,757,726.75,756.75,106.54K
3/15/2022,758,759,736,745.25,89.35K
3/14/2022,728.25,752,725.5,745,0.07K
3/11/2022,764.5,768.5,755,758,0.23K
3/10/2022,757.75,768,738.5,738.5,0.07K
3/9/2022,735,757.25,734,756.25,0.19K
3/8/2022,754.5,759,724,747.5,0.55K
3/7/2022,749.25,782.75,742.75,782.75,1.31K
3/4/2022,756.5,800,741,761.75,2.19K
3/3/2022,751.25,778.5,745,745,3.45K
3/2/2022,739,760,723,741.75,3.35K
3/1/2022,739.75,744.25,699.75,699.75,7.26K
2/28/2022,697.5,704.75,679,688,15.65K
2/25/2022,659.5,707,657,696.75,94.80K
2/24/2022,695,718.75,682,683.5,161.61K
2/23/2022,683.75,685,669.25,674,154.73K
2/22/2022,674.75,676.75,657.75,657.75,168.82K
2/18/2022,654.25,658,647,648.5,154.05K
2/17/2022,650,652,642.75,645.5,121.28K
2/16/2022,647,647.75,636.25,637.75,126.55K
2/15/2022,638,655.5,635.5,655,177.96K
2/14/2022,655.75,656.75,642.5,651.25,144.92K
2/11/2022,651,657.75,637.75,641,243.97K
2/10/2022,641.75,662.75,638.75,646,372.99K
2/9/2022,646.75,647.75,630.5,632.25,320.41K
2/8/2022,632.25,636.75,627.25,636.5,200.58K
2/7/2022,635.25,636.75,624.75,628.75,232.61K
2/4/2022,620.5,623.25,613.25,618.5,181.43K
2/3/2022,616.75,624.25,610.25,622.5,215.87K
2/2/2022,622.5,640.75,616.75,634.5,275.66K
2/1/2022,634.75,639.5,624.5,626,196.30K
1/31/2022,626,642.5,622.5,635.75,243.89K
1/28/2022,636,637.25,623,623.25,188.66K
1/27/2022,625.25,627.75,621.25,625,151.70K
1/26/2022,627,627.75,615,619,172.72K
1/25/2022,620,631,618.5,620,298.40K
1/24/2022,621,621.5,609.25,617.5,194.81K
1/21/2022,616.25,618.5,604.25,607.5,187.47K
1/20/2022,611,614.25,606.25,609,127.68K
1/19/2022,610.5,614.5,600,600,179.94K
1/18/2022,599.5,600.75,588.25,592.75,141.74K
1/14/2022,596.25,598.25,585.25,587.5,140.63K
1/13/2022,587.5,599.75,585.25,599,186.55K
1/12/2022,599,604,591,601,181.63K
1/11/2022,601,604.75,598,599.75,128.31K
1/10/2022,599.75,608,596.25,605.25,135.27K
1/7/2022,606.75,608.25,599,605.25,140.37K
1/6/2022,603.75,605.75,596,601.25,151.44K
1/5/2022,602.25,609.75,601.25,608.5,148.50K
1/4/2022,609.5,611.25,591.5,591.75,210.27K
1/3/2022,589.25,603.5,584.75,599,146.02K
