commodity,fold,test_week,train_size,test_size,scale_pos_weight,mae,rmse,r2,accuracy,f1,roc_auc,pr_auc,brier_score,log_loss,dir_hit_from_reg
Brent,1,2024-01-01,271,4,0.9637681159420289,0.018189908967699852,0.0220351902365649,-0.2718601281821167,0.5,0.0,0.5,0.5,0.2500265165683153,0.6932002165092884,0.5
Brent,2,2024-01-08,275,5,0.9642857142857143,0.015124118740384926,0.01826635640771398,-0.021113932506501287,0.4,0.5714285714285714,0.5,0.4,0.3084463763887847,0.8153800346534095,0.6
Brent,3,2024-01-15,280,4,0.971830985915493,0.008049469669624911,0.008842996189708848,-1.3545806678785564,0.5,0.6666666666666666,0.5,0.5,0.47433357433102685,1.8312857676805858,0.5
Brent,4,2024-01-22,284,5,0.9722222222222222,0.012521154326150568,0.014614286126196389,-1.2065217889984372,0.8,0.8888888888888888,0.5,0.8,0.19709678044518242,0.5858512168658978,0.8
Brent,5,2024-01-29,289,5,0.9527027027027027,0.015028839247326748,0.01657449311540791,-2.7843072254481998,0.2,0.3333333333333333,0.5,0.2,0.40342199935439355,1.0189479922718159,0.8
Brent,6,2024-02-05,294,5,0.9731543624161074,0.012622417527273843,0.01612256950851397,-1.5835656185227887,0.0,0.0,,1.0,0.30944190344999756,,0.0
Brent,7,2024-02-12,299,5,0.9415584415584416,0.01345747102167281,0.014473329701728578,-1.1967758117788203,0.2,0.0,0.5,0.8,0.30607294881208674,0.8063821612287168,0.2
Brent,8,2024-02-19,304,4,0.9240506329113924,0.01036687864153964,0.011726061519275669,-0.04510864315311158,0.5,0.6666666666666666,0.5,0.5,0.2704924946802407,0.7359097735489625,0.5
Brent,9,2024-02-26,308,5,0.925,0.017981582888671334,0.01898011881852876,-0.9408682153412455,0.2,0.0,0.5,0.8,0.4109578414566696,1.0367958479680115,0.2
Brent,10,2024-03-04,313,5,0.9085365853658537,0.008668708030773055,0.01065688782276084,-0.11342669246428683,0.4,0.5714285714285714,0.5,0.4,0.3406001362216216,0.8907307101120796,0.6
Brent,11,2024-03-11,318,5,0.9156626506024096,0.006670893411099612,0.007227260285066268,-0.0244370435616601,0.8,0.8888888888888888,0.5,0.8,0.22456666503908665,0.6421428519453387,0.8
Brent,12,2024-03-18,323,5,0.9,0.010600578140695344,0.012068954727679498,-0.4322720495505532,0.6,0.75,0.5,0.6,0.24002261792626314,0.6730586657654712,0.6
Brent,13,2024-03-25,328,4,0.8959537572254336,0.00879576558746799,0.009409792694273875,-0.29219114817516245,0.75,0.8571428571428571,0.5,0.75,0.1920452321460857,0.5763426404119586,0.25
Brent,14,2024-04-01,332,5,0.8863636363636364,0.012317667661397774,0.013726470046315354,-1.2863431883340244,0.8,0.8888888888888888,0.5,0.8,0.22899238117246626,0.651056192112129,0.2
Brent,15,2024-04-08,337,5,0.8722222222222222,0.006798574571694011,0.008386054715714308,-0.2570063036979269,0.6,0.75,0.5,0.6,0.24027779989816409,0.6735961750520476,0.6
Brent,16,2024-04-15,342,5,0.8688524590163934,0.008022121178798493,0.013199331201657907,-0.3772961007636546,0.6,0.0,0.5,0.4,0.24318022999855202,0.6799001690674894,0.6
Brent,17,2024-04-22,347,5,0.8756756756756757,0.0065117995086347415,0.007001873877696239,-0.0008207361475482955,0.8,0.8888888888888888,0.5,0.8,0.20224803490785134,0.5965914182139416,0.8
Brent,18,2024-04-29,352,5,0.8624338624338624,0.014113409636480594,0.01671350685245115,-1.0274687144420245,0.8,0.0,0.5,0.2,0.17148413534615772,0.5296443186031075,0.8
Brent,19,2024-05-06,357,5,0.8789473684210526,0.009280469165760266,0.010272850277746567,-0.0007682736986547312,0.4,0.0,0.5,0.6,0.3061907431658405,0.8103579579415403,0.4
Brent,20,2024-05-13,362,5,0.8756476683937824,0.005067913826919653,0.006491547308486635,-0.01693525669981888,0.8,0.8888888888888888,0.5,0.8,0.1838174555465038,0.5574780715197962,0.8
Brent,21,2024-05-20,367,5,0.8629441624365483,0.0067579791422325616,0.00819807267568285,-0.19691370603643188,0.2,0.3333333333333333,0.5,0.2,0.30029549611268747,0.794535849676052,0.8
Brent,22,2024-05-27,372,4,0.8787878787878788,0.01828769872076807,0.019815500423971764,-0.04276538374427874,0.75,0.0,0.5,0.25,0.188959419191864,0.5659943150360918,0.25
Brent,23,2024-06-03,376,5,0.8894472361809045,0.019302492833893327,0.02200938994638416,-0.08760928256670009,0.6,0.0,0.5,0.4,0.2427338387869355,0.6785774642227934,0.4
Brent,24,2024-06-10,381,5,0.8955223880597015,0.009873884736424917,0.014794158459779942,-0.4037524421410421,0.8,0.8888888888888888,0.5,0.8,0.19938049303691868,0.5906271657886705,0.2
Brent,25,2024-06-17,386,4,0.8829268292682927,0.00983331448467701,0.011694516453747656,-0.2700135636139085,0.75,0.8571428571428571,0.5,0.75,0.23326821725246205,0.6596276645496298,0.75
Brent,26,2024-06-24,390,5,0.875,0.012397895065180917,0.014540216241537904,-0.07989214909557041,0.6,0.75,0.5,0.6,0.24991994255932753,0.6954035478178826,0.6
Brent,27,2024-07-01,395,4,0.8720379146919431,0.008097379410963902,0.010056538251612498,-0.08843156491119175,0.5,0.0,0.5,0.5,0.25617657167609664,0.7056554850317044,0.5
Brent,28,2024-07-08,399,5,0.8732394366197183,0.006618906350822812,0.007293907128738392,-0.29352291107980966,0.4,0.5714285714285714,0.5,0.4,0.26779705196399634,0.7289816762595042,0.6
Brent,29,2024-07-15,404,5,0.8790697674418605,0.017301147027762323,0.01956534275247803,-1.2614277176657422,0.2,0.3333333333333333,0.5,0.2,0.3580030747522393,0.9161631078427608,0.2
Brent,30,2024-07-22,409,5,0.8935185185185185,0.009706370589597276,0.011258915950934473,-0.35297206198668474,0.4,0.5714285714285714,0.5,0.4,0.2547157477307259,0.7025846673800252,0.4
Brent,31,2024-07-29,414,5,0.8990825688073395,0.020904902577419626,0.02286916525240686,-0.15898103094112503,0.8,0.0,0.5,0.2,0.21868987010960952,0.6302612628120634,0.8
Brent,32,2024-08-05,419,5,0.91324200913242,0.010890815059374911,0.01422417044783246,-0.00145249683461679,0.6,0.75,0.5,0.6,0.24415450190723292,0.681438567242947,0.6
Brent,33,2024-08-12,424,5,0.9099099099099099,0.014939128866704019,0.018903547429922934,-0.16000670218639024,0.4,0.5714285714285714,0.5,0.4,0.2514240830011801,0.6959955295147189,0.6
Brent,34,2024-08-19,429,5,0.9151785714285714,0.01791707044127608,0.01935692194740999,-0.07015802795381387,0.4,0.5714285714285714,0.5,0.4,0.2606179538077676,0.7144419768377688,0.4
Brent,35,2024-08-26,434,5,0.9203539823008849,0.022183023136207746,0.023618697088209965,-0.18308336668332736,0.6,0.0,0.5,0.4,0.24314601157111398,0.6794087861548519,0.4
Brent,36,2024-09-02,439,4,0.9254385964912281,0.016185312321374518,0.01975640089515588,-0.462352554499633,0.75,0.0,0.5,0.25,0.19228716887650776,0.5738459947851311,0.75
Brent,37,2024-09-09,443,5,0.9344978165938864,0.015270951219429516,0.01892290614226795,-0.007574366523418696,0.6,0.75,0.5,0.6,0.29585296602817834,0.831204441140023,0.6
Brent,38,2024-09-16,448,5,0.9310344827586207,0.01237564294837081,0.0148813012045926,-0.34217495098961015,0.4,0.0,0.5,0.6,0.27354411331354356,0.7407420589642459,0.4
Brent,39,2024-09-23,453,5,0.9276595744680851,0.014756640333850213,0.016741419224913113,-0.020620338360760604,0.4,0.5714285714285714,0.5,0.4,0.290225738852255,0.7756476487616417,0.6
Brent,40,2024-09-30,458,5,0.9324894514767933,0.024609803324415442,0.03030965688222014,-1.9347565610548805,0.0,0.0,,1.0,0.3345098286234851,,0.0
Brent,41,2024-10-07,463,5,0.9132231404958677,0.028711525601622073,0.03183683414981313,-0.04796276376777642,0.4,0.5714285714285714,0.5,0.4,0.2577110113254662,0.7085933704524177,0.4
Brent,42,2024-10-14,468,5,0.9180327868852459,0.022189198496379632,0.027457976171680117,-1.8822565566101357,0.2,0.3333333333333333,0.5,0.2,0.2895969547450619,0.7727419612182185,0.2
Brent,43,2024-10-21,473,5,0.9306122448979591,0.010030731389734976,0.01469629886281565,-0.47902472639538907,0.6,0.0,0.5,0.4,0.2447802500559381,0.6826955773192397,0.6
Brent,44,2024-10-28,478,5,0.9352226720647774,0.01565399295671883,0.017797324587353024,-0.01204033556608497,0.6,0.0,0.5,0.4,0.24606427151055427,0.6864011093259001,0.6
Brent,45,2024-11-04,483,5,0.9397590361445783,0.011732631332465767,0.01436263909788813,-0.0027899814316993954,0.4,0.0,0.5,0.6,0.3203889752114179,0.8425093296436794,0.4
Brent,46,2024-11-11,488,5,0.9365079365079365,0.011566607974810844,0.013416409820481685,-0.0856266943931916,0.6,0.0,0.5,0.4,0.25377255929117953,0.7047369619813751,0.6
Brent,47,2024-11-18,493,5,0.9409448818897638,0.013518528271239652,0.017495254060612853,-1.0854774882484808,0.2,0.0,0.5,0.8,0.566620413816601,1.4899158158704482,0.2
Brent,48,2024-11-25,498,4,0.9302325581395349,0.010439416580378596,0.014248913216284765,-0.5963281065186012,0.0,0.0,,0.0,0.2504831500406368,,1.0
Brent,49,2024-12-02,502,5,0.9457364341085271,0.013027642989105637,0.016193554144583504,-0.0006180385605187855,0.6,0.0,0.5,0.4,0.26557337490355487,0.7354356545747416,0.6
Brent,50,2024-12-09,507,5,0.95,0.010409483743611555,0.012915750236232358,-1.2002822985660866,0.2,0.0,0.5,0.8,0.28638916082984994,0.7662395250491106,0.2
Brent,51,2024-12-16,512,5,0.9393939393939394,0.010192767886512622,0.010820446329037696,-7.876886139445974,0.2,0.3333333333333333,0.5,0.2,0.37727951660705583,0.9588622132450493,0.2
Brent,52,2024-12-23,517,4,0.9509433962264151,0.011649994183530112,0.013737399077861466,-1.048272590564126,0.25,0.0,0.5,0.75,0.3174127941746434,0.8304380244001073,0.25
Brent,53,2024-12-30,521,4,0.9440298507462687,0.009511569984691978,0.011064259484463934,-2.6876922442082343,0.25,0.0,0.5,0.75,0.4904599221475393,1.2643026767066134,0.25
Brent,54,2025-01-06,525,5,0.9372693726937269,0.014270643705471939,0.015803047076359898,-0.05784124550961112,0.6,0.75,0.5,0.6,0.24842173604717246,0.6918646650895501,0.6
Brent,55,2025-01-13,530,5,0.9343065693430657,0.015110168557831968,0.015676441944664755,-0.049395620256445616,0.4,0.5714285714285714,0.5,0.4,0.30659481713795744,0.8112553386592543,0.4
Brent,56,2025-01-20,535,4,0.9384057971014492,0.015435267741536949,0.018291625471689554,-1.9039854104667708,0.25,0.4,0.5,0.25,0.4077356944901709,1.035203959096195,0.25
Brent,57,2025-01-27,539,5,0.9458483754512635,0.01200143823209722,0.015121907465273508,-1.7017800354186257,0.4,0.5714285714285714,0.5,0.4,0.25820426877538977,0.709584470705535,0.4
Brent,58,2025-02-03,544,5,0.9498207885304659,0.010912689772473774,0.012759003491413243,-0.3564626933425652,0.6,0.0,0.5,0.4,0.24003529492132544,0.6730854770229135,0.4
Brent,59,2025-02-10,549,5,0.9537366548042705,0.012889957287438298,0.016205861736040446,-0.11795737406999085,0.6,0.75,0.5,0.6,0.2429207896181289,0.6793259416051448,0.6
Brent,60,2025-02-17,554,4,0.9507042253521126,0.014092913002956382,0.0199691545446351,-0.05561635540715493,0.75,0.8571428571428571,0.5,0.75,0.2216230784272284,0.6360921103990069,0.75
Brent,61,2025-02-24,558,5,0.9442508710801394,0.01364808642701601,0.014975890214101064,-0.0916795592758024,0.4,0.5714285714285714,0.5,0.4,0.2665692990845514,0.7264841184878842,0.4
Brent,62,2025-03-03,563,5,0.9480968858131488,0.012867290035665013,0.014591164260933327,-0.002552192841249079,0.8,0.0,0.5,0.2,0.24042745023390708,0.6739953052712732,0.8
Brent,63,2025-03-10,568,5,0.9586206896551724,0.01207893787723126,0.012521008391766968,-0.048447564906277885,0.6,0.75,0.5,0.6,0.24264211133319122,0.6783922916797731,0.4
Brent,64,2025-03-17,573,5,0.9556313993174061,0.008320902124787123,0.010618598144785267,-0.39534405427003305,0.6,0.75,0.5,0.6,0.24938052553158058,0.6919082153945673,0.4
Brent,65,2025-03-24,578,5,0.9527027027027027,0.006819700831487077,0.0083525567201964,-0.1911339046356595,0.8,0.8888888888888888,0.5,0.8,0.22964737834829307,0.652373288336375,0.8
Brent,66,2025-03-31,583,5,0.9433333333333334,0.030661657328069514,0.04095829607310821,-0.49277998184781246,0.8,0.0,0.5,0.2,0.24378328237458477,0.6807119467899594,0.8
Brent,67,2025-04-07,588,5,0.9534883720930233,0.03507826517137361,0.04116354958228453,-0.0026128212219180824,0.6,0.0,0.5,0.4,0.24182793768090108,0.6767455452865162,0.6
Brent,68,2025-04-14,593,4,0.9570957095709571,0.011240789368058751,0.015634428433940743,-0.8243412862112567,0.25,0.0,0.5,0.75,0.39911090652691117,1.0140548733535049,0.75
Brent,69,2025-04-21,597,5,0.9509803921568627,0.014006784131052408,0.016329514155527556,-0.07503872734338324,0.4,0.0,0.5,0.6,0.2636318900304559,0.7205278380048022,0.6
Brent,70,2025-04-28,602,5,0.948220064724919,0.03013796523640707,0.03231184131750427,-1.8309869128027123,0.2,0.3333333333333333,0.5,0.2,0.31850221901503134,0.8320797534529154,0.2
Brent,71,2025-05-05,607,5,0.9580645161290322,0.027089299055690685,0.029630678720445017,-1.3950064844542367,0.8,0.8888888888888888,0.5,0.8,0.21978116777390824,0.6324722391725397,0.2
Brent,72,2025-05-12,612,5,0.9490445859872612,0.014663508127808571,0.015623715437953609,-0.02274432373368973,0.6,0.75,0.5,0.6,0.24298156750816488,0.6790772539590121,0.6
Brent,73,2025-05-19,617,5,0.9463722397476341,0.008982334925880828,0.010919013664125926,-0.05105025438093169,0.4,0.0,0.5,0.6,0.25073391125406275,0.6946150287226713,0.6
Brent,74,2025-05-26,622,4,0.94375,0.013107891451479536,0.01439412264584397,-0.057736840954137225,0.75,0.0,0.5,0.25,0.2341662897957204,0.6614326374335403,0.75
Brent,75,2025-06-02,626,5,0.9501557632398754,0.016279381976029884,0.019122929821155477,-0.7795453683513551,0.2,0.0,0.5,0.8,0.3676595140946529,0.9373972791657792,0.2
Brent,76,2025-06-09,631,5,0.9415384615384615,0.0333567649530496,0.04879758349000656,-0.6908204953647954,0.4,0.0,0.5,0.6,0.26193537835706493,0.7170992287248741,0.4
Brent,77,2025-06-16,636,4,0.9390243902439024,0.04392441204911715,0.04622674201387825,-0.0014569717370718216,0.5,0.6666666666666666,0.5,0.5,0.2534540391177451,0.7001034244981851,0.5
Brent,78,2025-06-23,640,5,0.9393939393939394,0.03487564954630895,0.05752437839110055,-0.4791205732200352,0.8,0.0,0.5,0.2,0.20932303216830989,0.611175158173632,0.8
Brent,79,2025-06-30,645,5,0.9486404833836858,0.013867873433071953,0.015614147998159533,-0.03519211173020742,0.6,0.0,0.5,0.4,0.24018251762277504,0.673394967602942,0.4
Brent,80,2025-07-07,650,5,0.9519519519519519,0.01844550521767425,0.020924513627199916,-0.7330399291085794,0.2,0.0,0.5,0.8,0.4768360807348066,1.2054881265384907,0.2
Brent,81,2025-07-14,655,5,0.9436201780415431,0.01118663499921852,0.013038597947816352,-0.5471722943680479,0.2,0.3333333333333333,0.5,0.2,0.3622737706100111,0.9255171577231007,0.2
Brent,82,2025-07-21,660,5,0.9526627218934911,0.007563835192789446,0.008638362578194326,-0.8944567493859705,0.2,0.3333333333333333,0.5,0.2,0.3445119053020484,0.8869766559059087,0.2
Brent,83,2025-07-28,665,5,0.9616519174041298,0.026435270425857242,0.028131017830919907,-0.0071656776940294264,0.4,0.0,0.5,0.6,0.2906105640392451,0.7764681739388797,0.4
Brent,84,2025-08-04,670,5,0.9590643274853801,0.0058764073243690925,0.007623508596073207,-1.4192538632566514,1.0,0.0,,0.0,0.18073106534224337,,1.0
Brent,85,2025-08-11,675,5,0.9736842105263158,0.009678166916261716,0.012288734805563296,-0.3105844919770433,0.6,0.0,0.5,0.4,0.24624905728373792,0.6856411875449142,0.6
Brent,86,2025-08-18,680,5,0.9767441860465116,0.00725002936663518,0.008570180853805797,-0.017435475678117873,0.8,0.8888888888888888,0.5,0.8,0.22388766833636567,0.6407729741744437,0.8
Brent,87,2025-08-25,685,5,0.9683908045977011,0.012450715909567363,0.013518505872289284,-0.007940886699715044,0.4,0.0,0.5,0.6,0.2580729666172009,0.7093205665930398,0.4
Brent,88,2025-09-01,690,4,0.9658119658119658,0.01663399343748869,0.01837671218343315,-0.03338004423666341,0.75,0.0,0.5,0.25,0.2032480305288975,0.597972403815266,0.75
Brent,89,2025-09-08,694,5,0.9715909090909091,0.010367790775185163,0.014654484235165006,-0.35646317558361806,0.8,0.8888888888888888,0.5,0.8,0.2366509242133624,0.6664303248241444,0.8
Brent,90,2025-09-15,699,5,0.9634831460674157,0.008764719562414435,0.009449422251868522,-0.054836923623654554,0.4,0.5714285714285714,0.5,0.4,0.257503351874368,0.7081762683388753,0.4
Brent,91,2025-09-22,704,5,0.9664804469273743,0.010181062505291298,0.012915635674589008,-0.936381004235465,0.4,0.0,0.5,0.6,0.2531667665702583,0.6994825841396125,0.4
Brent,92,2025-09-29,709,5,0.96398891966759,0.021063838385560894,0.023917519827789176,-2.767750729686943,0.8,0.0,0.5,0.2,0.18078463777088985,0.5508060696884574,0.2
Brent,93,2025-10-06,714,5,0.9723756906077348,0.016726819455893917,0.024242875703220847,-0.7745181705118116,0.6,0.75,0.5,0.6,0.24001991883984602,0.6730530636982018,0.6
Brent,94,2025-10-13,719,5,0.9698630136986301,0.012889973332873412,0.013478340112877142,-0.0012067497460241938,0.6,0.75,0.5,0.6,0.24583288322232022,0.6848071517868592,0.4
Brent,95,2025-10-20,724,5,0.967391304347826,0.014392053997319484,0.018197275922192398,-0.1320217733365887,0.2,0.0,0.5,0.8,0.31534046114435627,0.8255134756093669,0.8
Brent,96,2025-10-27,729,5,0.9596774193548387,0.008795703728011176,0.012657908421263412,-0.8167006079947698,0.4,0.5714285714285714,0.5,0.4,0.2542605308832869,0.7016727196641364,0.4
Brent,97,2025-11-03,734,5,0.9625668449197861,0.006177619560935242,0.007793598990151052,-1.6903327441612115,0.6,0.0,0.5,0.4,0.27761041467195824,0.7702765320088669,0.4
Brent,98,2025-11-10,739,5,0.9654255319148937,0.017776871119243743,0.021263437831565934,-0.013481344401312656,0.2,0.0,0.5,0.8,0.40406343415730933,1.0204573559999512,0.2
Brent,99,2025-11-17,744,5,0.9578947368421052,0.008417081721924877,0.00985225379271806,-0.026097478028847654,0.2,0.3333333333333333,0.5,0.2,0.4296397759281696,1.0821893791659352,0.8
Brent,100,2025-11-24,749,1,0.9658792650918635,0.008354311056492082,0.008354311056492082,,1.0,0.0,,0.0,0.000814655326004084,,1.0
Henry_Hub,1,2024-01-01,271,4,1.1007751937984496,0.047334076670942055,0.05387357462477704,-3.3852446873014275,0.25,0.0,0.5,0.75,0.37772926574829,0.9633004714918755,0.25
Henry_Hub,2,2024-01-08,275,5,1.0833333333333333,0.032709542785680744,0.042873611576266346,-0.20387943432205957,0.6,0.0,0.5,0.4,0.2406023665663203,0.6742512420546168,0.6
Henry_Hub,3,2024-01-15,280,4,1.0895522388059702,0.06770879924905855,0.07701957098937488,-1.1882588471085342,0.75,0.0,0.5,0.25,0.19053639359802688,0.569770322961004,0.75
Henry_Hub,4,2024-01-22,284,5,1.1037037037037036,0.035770134704280906,0.04019680197471498,-0.6012250783250224,0.2,0.0,0.5,0.8,0.30020589570636746,0.7943525800281507,0.2
Henry_Hub,5,2024-01-29,289,5,1.079136690647482,0.0710618533196417,0.12354174995778622,-0.25892638386326294,0.4,0.0,0.5,0.6,0.2550916372376375,0.7033379460282412,0.6
Henry_Hub,6,2024-02-05,294,5,1.0704225352112675,0.01148821480405334,0.012880816902119282,-0.27428788317841013,0.0,0.0,,0.0,0.3704344692806103,,1.0
Henry_Hub,7,2024-02-12,299,5,1.1056338028169015,0.012833721680878329,0.014601759022945951,-0.5660046396318423,1.0,0.0,,0.0,0.10191838531440922,,1.0
Henry_Hub,8,2024-02-19,304,4,1.1408450704225352,0.055917983744169286,0.06957726768646746,-0.249002034785047,0.5,0.0,0.5,0.5,0.25006364027740347,0.6932744773178418,0.5
Henry_Hub,9,2024-02-26,308,5,1.1388888888888888,0.03409226376394032,0.048292946362187845,-0.062136840596566545,0.4,0.0,0.5,0.6,0.27246231017883576,0.7385190809587336,0.6
Henry_Hub,10,2024-03-04,313,5,1.129251700680272,0.024972428918319096,0.03590974390009986,-0.0856818027590176,0.4,0.0,0.5,0.6,0.27751282912013264,0.7489363195828007,0.6
Henry_Hub,11,2024-03-11,318,5,1.12,0.032566928063877315,0.03474047842327086,-0.10625469481587912,0.8,0.0,0.5,0.2,0.20462454587115247,0.6015095378300825,0.8
Henry_Hub,12,2024-03-18,323,5,1.1390728476821192,0.016342433667592603,0.018391912489643326,-0.004104863906750689,0.6,0.0,0.5,0.4,0.24313848422019052,0.6798076160396898,0.6
Henry_Hub,13,2024-03-25,328,4,1.1437908496732025,0.05096682515424251,0.060553334742601564,-0.047082356866740005,0.5,0.0,0.5,0.5,0.3221194752418661,0.8633215816378895,0.5
Henry_Hub,14,2024-04-01,332,5,1.1419354838709677,0.019047418148908486,0.027134128062445664,-0.06114436298022463,0.6,0.0,0.5,0.4,0.24000142099310268,0.6730146552489409,0.6
Henry_Hub,15,2024-04-08,337,5,1.1464968152866242,0.027009021380010923,0.034788140601846165,-0.04059940484424529,0.4,0.0,0.5,0.6,0.2872079139119511,0.7692383477691807,0.6
Henry_Hub,16,2024-04-15,342,5,1.1375,0.019646397272565796,0.02491581033713167,-0.04612175255155293,0.6,0.75,0.5,0.6,0.2450609288898228,0.6832589739226057,0.6
Henry_Hub,17,2024-04-22,347,5,1.1288343558282208,0.065964716807074,0.09117496132398706,-0.021997376090753473,0.6,0.75,0.5,0.6,0.2461118128017496,0.6853661658864666,0.6
Henry_Hub,18,2024-04-29,352,5,1.1204819277108433,0.04624185125683434,0.04828366964907685,-0.10577076424419163,0.6,0.75,0.5,0.6,0.24000002219735564,0.6730117132499221,0.6
Henry_Hub,19,2024-05-06,357,5,1.1124260355029585,0.023572763127480835,0.028235762677157956,-0.05013897453574567,0.6,0.75,0.5,0.6,0.24186558020298038,0.6768218225484481,0.6
Henry_Hub,20,2024-05-13,362,5,1.1046511627906976,0.032793580047916285,0.03679616409906508,-1.1669028566873023,0.8,0.8888888888888888,0.5,0.8,0.2201728419672236,0.6332652170192496,0.8
Henry_Hub,21,2024-05-20,367,5,1.0852272727272727,0.04329094227396783,0.046229330826691,-0.11891136247514633,0.4,0.5714285714285714,0.5,0.4,0.4716419753178712,1.329199589616469,0.4
Henry_Hub,22,2024-05-27,372,4,1.0898876404494382,0.02983721317660392,0.030441440117614516,-0.1411851758853988,0.25,0.0,0.5,0.75,0.4872975158825881,1.254457677373051,0.75
Henry_Hub,23,2024-06-03,376,5,1.0773480662983426,0.045397716938047505,0.047953129326531486,-0.2487485509511802,0.2,0.0,0.5,0.8,0.3048883320427554,0.8039484583923386,0.8
Henry_Hub,24,2024-06-10,381,5,1.0594594594594595,0.029165579273949794,0.03310968354082457,-0.11910145723226684,0.4,0.5714285714285714,0.5,0.4,0.29432228802202187,0.7844216496070375,0.4
Henry_Hub,25,2024-06-17,386,4,1.0641711229946524,0.04457763802825414,0.04782158279089684,-0.4689890091382678,0.25,0.4,0.5,0.25,0.4550022450603137,1.1594515422451945,0.25
Henry_Hub,26,2024-06-24,390,5,1.074468085106383,0.02825357411559794,0.03475595279368185,-0.040020820482990604,0.2,0.3333333333333333,0.5,0.2,0.44967952396879485,1.1329001175404732,0.8
Henry_Hub,27,2024-07-01,395,4,1.08994708994709,0.031123072677344203,0.03855950369076118,-1.8692878403834952,0.0,0.0,,0.0,0.368865324377353,,1.0
Henry_Hub,28,2024-07-08,399,5,1.1111111111111112,0.023304751641997874,0.025632589577741,-0.156680347475463,0.6,0.0,0.5,0.4,0.28508325061186024,0.7939347103260938,0.4
Henry_Hub,29,2024-07-15,404,5,1.1151832460732984,0.04019859729909247,0.05205028108683782,-1.4780211469068267,0.4,0.0,0.5,0.6,0.3164643020082768,0.8334904036501463,0.6
Henry_Hub,30,2024-07-22,409,5,1.1082474226804124,0.04767219673795078,0.04894135152424878,-0.6359054027720099,0.8,0.0,0.5,0.2,0.16369498633320462,0.5105454352665164,0.2
Henry_Hub,31,2024-07-29,414,5,1.123076923076923,0.026906800525068154,0.027596157592188638,-0.07532721282756949,0.6,0.0,0.5,0.4,0.3069862336739999,0.8743989963099882,0.4
Henry_Hub,32,2024-08-05,419,5,1.1269035532994924,0.026985737161380606,0.029925725159885074,-4.352344561149896,1.0,1.0,,1.0,0.16773604506875017,,0.0
Henry_Hub,33,2024-08-12,424,5,1.099009900990099,0.017306490369761153,0.02235978054114272,-0.048967731958496685,0.4,0.5714285714285714,0.5,0.4,0.25310349940770394,0.6993559717081309,0.4
Henry_Hub,34,2024-08-19,429,5,1.1029411764705883,0.03821801554319416,0.04238829838960171,-0.2501252676930341,0.2,0.3333333333333333,0.5,0.2,0.3252900091834171,0.8462495395361579,0.2
Henry_Hub,35,2024-08-26,434,5,1.1170731707317074,0.03011482186440818,0.042130312587043785,-0.13078981833999093,0.4,0.0,0.5,0.6,0.34552648592354956,0.9029769841560968,0.4
Henry_Hub,36,2024-09-02,439,4,1.1105769230769231,0.03100257792671738,0.03352673345016125,-0.023766935398144007,0.5,0.6666666666666666,0.5,0.5,0.25227774029190186,0.6977235404643096,0.5
Henry_Hub,37,2024-09-09,443,5,1.1095238095238096,0.031422989108195375,0.03204866882534208,-0.07944770738981699,0.6,0.75,0.5,0.6,0.24072856415684568,0.6745550549464655,0.4
Henry_Hub,38,2024-09-16,448,5,1.1032863849765258,0.03609727135805682,0.04174667769081031,-0.8811526595334902,0.4,0.0,0.5,0.6,0.25012263773990684,0.6933924859718164,0.4
Henry_Hub,39,2024-09-23,453,5,1.0972222222222223,0.03790284093030781,0.041498902781986334,-0.8752221238023712,0.8,0.8888888888888888,0.5,0.8,0.1720680259019481,0.5310127909938559,0.8
Henry_Hub,40,2024-09-30,458,5,1.0818181818181818,0.01634132233412191,0.02357782065856484,-0.025814255383525442,0.4,0.0,0.5,0.6,0.3075748795009076,0.8134360037440581,0.4
Henry_Hub,41,2024-10-07,463,5,1.0762331838565022,0.01412356295102556,0.016993058229058364,-0.006363310023639324,0.8,0.0,0.5,0.2,0.2217406269932191,0.6364365763381616,0.8
Henry_Hub,42,2024-10-14,468,5,1.0892857142857142,0.022666036346079076,0.024232939481070803,-0.0041278602035079714,0.2,0.3333333333333333,0.5,0.2,0.26985434360957256,0.7329096437523426,0.8
Henry_Hub,43,2024-10-21,473,5,1.1022222222222222,0.042268725543803176,0.05112534004103671,-1.020743556885729,0.4,0.0,0.5,0.6,0.2614877107927128,0.7161957608888702,0.4
Henry_Hub,44,2024-10-28,478,5,1.0964912280701755,0.08181530358446405,0.1291954521629617,-0.050848333066013884,0.8,0.0,0.5,0.2,0.19136257004321705,0.5737404877687728,0.8
Henry_Hub,45,2024-11-04,483,5,1.1091703056768558,0.03330746831004221,0.042923876287285806,-0.06243139128084141,0.6,0.75,0.5,0.6,0.2407383755234065,0.6745760328514219,0.6
Henry_Hub,46,2024-11-11,488,5,1.103448275862069,0.04637706697695111,0.05230858384193937,-0.0553470797321165,0.6,0.75,0.5,0.6,0.243341429251101,0.6798025406923092,0.4
Henry_Hub,47,2024-11-18,493,5,1.097872340425532,0.028974373525280855,0.03768169006775659,-0.19113159365562704,0.8,0.8888888888888888,0.5,0.8,0.20065727058503455,0.5932870300911488,0.8
Henry_Hub,48,2024-11-25,498,4,1.0836820083682008,0.034542131384389205,0.045679789019074636,-0.03494476229046284,0.5,0.0,0.5,0.5,0.2864231327121556,0.771879203602773,0.5
Henry_Hub,49,2024-12-02,502,5,1.0829875518672198,0.034119803001689354,0.03975202673335205,-0.4037962391294103,0.6,0.75,0.5,0.6,0.249076068892888,0.6912992638511921,0.4
Henry_Hub,50,2024-12-09,507,5,1.0778688524590163,0.036076622871777465,0.0443270639186697,-0.038728983602861256,0.6,0.75,0.5,0.6,0.24146038299308897,0.6759998807576784,0.6
Henry_Hub,51,2024-12-16,512,5,1.0728744939271255,0.041524456623237685,0.048549817451419314,-2.7248243435033648,0.0,0.0,,1.0,0.3061438836789456,,0.0
Henry_Hub,52,2024-12-23,517,4,1.0515873015873016,0.05370093007182957,0.057474105671591114,-0.1631999523131078,0.25,0.4,0.5,0.25,0.36981163089730273,0.9450585038418586,0.25
Henry_Hub,53,2024-12-30,521,4,1.0592885375494072,0.043003192667256634,0.05053887911608195,-0.0060837666144111235,0.5,0.6666666666666666,0.5,0.5,0.250293163920162,0.6937338524495995,0.5
Henry_Hub,54,2025-01-06,525,5,1.0588235294117647,0.082170835755774,0.09764207717326794,-0.6818314554033069,0.2,0.0,0.5,0.8,0.3434586041177572,0.884719954249725,0.2
Henry_Hub,55,2025-01-13,530,5,1.0463320463320462,0.05979236069753559,0.07373884458702085,-0.17301834638819935,0.6,0.75,0.5,0.6,0.2476406867996502,0.6884275901936145,0.6
Henry_Hub,56,2025-01-20,535,4,1.0419847328244274,0.03837608897089361,0.05183974046768441,-1.2124834428773599,0.25,0.4,0.5,0.25,0.33928976911956,0.8771371297645905,0.75
Henry_Hub,57,2025-01-27,539,5,1.049429657794677,0.0389682290700233,0.05008069141215837,-0.06441519442004351,0.8,0.0,0.5,0.2,0.1822739134268801,0.5540936163081248,0.8
Henry_Hub,58,2025-02-03,544,5,1.0606060606060606,0.0189716399267737,0.024049737752037264,-0.038195214766551855,0.2,0.0,0.5,0.8,0.39082792831383417,0.9896635768139511,0.8
Henry_Hub,59,2025-02-10,549,5,1.0485074626865671,0.018390544973328038,0.019885953333282635,-1.9298762584278526,0.2,0.0,0.5,0.8,0.5072784002122182,1.2931895435248462,0.2
Henry_Hub,60,2025-02-17,554,4,1.036764705882353,0.06683126621989487,0.07540209965089842,-0.24608793605472612,0.5,0.0,0.5,0.5,0.28547754383555857,0.7696703929442157,0.5
Henry_Hub,61,2025-02-24,558,5,1.0364963503649636,0.023318750063366152,0.028180531892581944,-0.002530993000716686,0.8,0.0,0.5,0.2,0.18222518741788435,0.5539864343430045,0.8
Henry_Hub,62,2025-03-03,563,5,1.0472727272727274,0.05831249464839048,0.06489272225809672,-1.150050312249551,0.8,0.8888888888888888,0.5,0.8,0.21696651732914915,0.6267650133224356,0.2
Henry_Hub,63,2025-03-10,568,5,1.03584229390681,0.026954932181661218,0.03322978325610311,-0.011422602655828173,0.6,0.0,0.5,0.4,0.2757249840991311,0.7645642386555658,0.6
Henry_Hub,64,2025-03-17,573,5,1.0391459074733096,0.030786904884918715,0.03454043365329544,-0.01953884570013331,0.4,0.5714285714285714,0.5,0.4,0.3735189839814872,0.976871767022927,0.6
Henry_Hub,65,2025-03-24,578,5,1.0424028268551238,0.01904736811437781,0.028434645195952533,-0.16406203697808097,0.6,0.75,0.5,0.6,0.24130825810879414,0.6758010715081036,0.6
Henry_Hub,66,2025-03-31,583,5,1.0384615384615385,0.03511566075311165,0.04285463356066319,-0.23268225066371295,0.6,0.0,0.5,0.4,0.24231172540197976,0.6777248072345069,0.4
Henry_Hub,67,2025-04-07,588,5,1.0416666666666667,0.04592949927152318,0.051638463018867785,-0.10779518829267731,0.8,0.0,0.5,0.2,0.17999646250833906,0.5490567858590676,0.8
Henry_Hub,68,2025-04-14,593,4,1.0519031141868511,0.027036483524430215,0.030364427265061156,-3.8265346500752857,0.0,0.0,,0.0,0.3851319127789452,,0.0
Henry_Hub,69,2025-04-21,597,5,1.065743944636678,0.012635030905220373,0.016700498087746752,-0.20524393708503386,1.0,0.0,,0.0,0.004189863391790283,,1.0
Henry_Hub,70,2025-04-28,602,5,1.0830449826989619,0.04301170799308051,0.06188452009502288,-0.43851732104530594,0.2,0.0,0.5,0.8,0.47037919752517066,1.187787449799337,0.8
Henry_Hub,71,2025-05-05,607,5,1.0716723549488054,0.02679515733391985,0.03152962270425575,-0.08410605550598782,0.6,0.0,0.5,0.4,0.24439210194946925,0.6819160881115778,0.6
Henry_Hub,72,2025-05-12,612,5,1.0745762711864406,0.037725157418643275,0.038832290048841776,-16.79094060988929,1.0,0.0,,0.0,0.1653794984438406,,0.0
Henry_Hub,73,2025-05-19,617,5,1.0915254237288134,0.04305896136802185,0.05089505384055755,-0.005745408893116588,0.4,0.5714285714285714,0.5,0.4,0.25993593691279104,0.7130680625878721,0.4
Henry_Hub,74,2025-05-26,622,4,1.0942760942760943,0.013921617680687162,0.01908634231788849,-0.1751353702415377,0.5,0.0,0.5,0.5,0.3343970334153116,0.8990810840116555,0.5
Henry_Hub,75,2025-06-02,626,5,1.0936454849498327,0.0238132633396501,0.03037030862960784,-0.02527333440488322,0.6,0.0,0.5,0.4,0.24653883761468806,0.6862216813261652,0.4
Henry_Hub,76,2025-06-09,631,5,1.0963455149501662,0.03588451060758239,0.039446896829316576,-1.2243159981395477,0.4,0.5714285714285714,0.5,0.4,0.37842592100574846,0.9906731749102857,0.4
Henry_Hub,77,2025-06-16,636,4,1.099009900990099,0.015047266803040416,0.017300330813974387,-0.09143291118101993,0.25,0.0,0.5,0.75,0.5217716682194596,1.3680402874015913,0.75
Henry_Hub,78,2025-06-23,640,5,1.091503267973856,0.05105192443952,0.0533318818297854,-0.14909815111281333,0.4,0.5714285714285714,0.5,0.4,0.30934903985854945,0.8173985234797202,0.4
Henry_Hub,79,2025-06-30,645,5,1.094155844155844,0.03674946717353253,0.045059524856079315,-0.8461205238146197,0.2,0.3333333333333333,0.5,0.2,0.2938952619218981,0.7814772085259764,0.2
Henry_Hub,80,2025-07-07,650,5,1.103559870550162,0.026345926293800503,0.031098403440727125,-0.005399120328024809,0.4,0.0,0.5,0.6,0.25902830156059525,0.7112413108322712,0.6
Henry_Hub,81,2025-07-14,655,5,1.0993589743589745,0.02068952222902316,0.025072022515226312,-2.134412198857826,0.4,0.0,0.5,0.6,0.2641351937728591,0.7215465379266888,0.4
Henry_Hub,82,2025-07-21,660,5,1.0952380952380953,0.023791898999659077,0.02878184652901645,-0.2770386900569557,0.8,0.0,0.5,0.2,0.16312812062291587,0.5090662479996964,0.8
Henry_Hub,83,2025-07-28,665,5,1.1044303797468353,0.028367963762652288,0.031123178363188852,-0.00565265111602864,0.6,0.0,0.5,0.4,0.24349895888658937,0.6801197581501336,0.4
Henry_Hub,84,2025-08-04,670,5,1.1069182389937107,0.03128725463206788,0.03677286444285203,-0.07190239646175423,0.6,0.0,0.5,0.4,0.2450419506547381,0.6840728810963108,0.6
Henry_Hub,85,2025-08-11,675,5,1.109375,0.029824001954758612,0.03420889711926628,-0.027834290635676107,0.2,0.0,0.5,0.8,0.2937527909899565,0.7811872418516744,0.2
Henry_Hub,86,2025-08-18,680,5,1.0987654320987654,0.029379805641599734,0.0414856734868646,-0.5048191839226233,0.6,0.75,0.5,0.6,0.24029599438407345,0.6736346695771387,0.6
Henry_Hub,87,2025-08-25,685,5,1.0948012232415902,0.03233982285500696,0.03750422585012297,-2.8995175550650516,0.2,0.0,0.5,0.8,0.33560217492122674,0.8679820210636315,0.2
Henry_Hub,88,2025-09-01,690,4,1.0845921450151057,0.007543758725948525,0.010888840849589314,-0.07093136867974259,1.0,1.0,,1.0,0.21495533840041858,,1.0
Henry_Hub,89,2025-09-08,694,5,1.0716417910447762,0.016382780837747128,0.023383837891885403,-0.5344121860503306,0.6,0.75,0.5,0.6,0.24259846894261727,0.6783041670474822,0.6
Henry_Hub,90,2025-09-15,699,5,1.0680473372781065,0.02569913609934068,0.028745475551409782,-0.07460360990388959,0.4,0.5714285714285714,0.5,0.4,0.2954463327876319,0.7868444717409869,0.4
Henry_Hub,91,2025-09-22,704,5,1.0705882352941176,0.026343097818256354,0.03741602700557825,-0.040049878097238256,0.2,0.0,0.5,0.8,0.3382854783290587,0.8736804591899109,0.8
Henry_Hub,92,2025-09-29,709,5,1.061046511627907,0.028606701413945827,0.03135633430747364,-0.1927833115369535,0.4,0.0,0.5,0.6,0.3095624866634445,0.8178765610955508,0.4
Henry_Hub,93,2025-10-06,714,5,1.057636887608069,0.03790709624496384,0.038818690603783415,-0.046357320839189864,0.4,0.5714285714285714,0.5,0.4,0.2513752842891904,0.6958979141968694,0.6
Henry_Hub,94,2025-10-13,719,5,1.0601719197707737,0.02808649782945493,0.03960256488007163,-0.005825266057487344,0.4,0.0,0.5,0.6,0.2699755075467046,0.7334256291592356,0.6
Henry_Hub,95,2025-10-20,724,5,1.0568181818181819,0.035348948762999,0.04301498512445455,-0.006732508134975168,0.6,0.75,0.5,0.6,0.24667482233861904,0.6864940029059883,0.6
Henry_Hub,96,2025-10-27,729,5,1.0535211267605633,0.05830852328035606,0.07792314475448958,-0.4301153021778803,0.2,0.0,0.5,0.8,0.26335584417397867,0.7198756200059113,0.2
Henry_Hub,97,2025-11-03,734,5,1.0445682451253482,0.02528361146054643,0.027484611014428322,-1.0433354954546346,0.8,0.8888888888888888,0.5,0.8,0.2358591960227045,0.6648432541426054,0.2
Henry_Hub,98,2025-11-10,739,5,1.0358126721763086,0.02290739272667822,0.026616117664133805,-0.6982814423355559,0.6,0.75,0.5,0.6,0.24518792189932412,0.6844037280885816,0.6
Henry_Hub,99,2025-11-17,744,5,1.0327868852459017,0.022978668149853755,0.028362976642312618,-0.008146624421377258,0.6,0.0,0.5,0.4,0.24140130902490115,0.6758799067599316,0.6
Henry_Hub,100,2025-11-24,749,1,1.0353260869565217,0.2112212837048355,0.2112212837048355,,0.0,0.0,,1.0,0.9679247056828442,,0.0
Power,1,2024-01-01,569,7,0.9895104895104895,0.5587499503894223,0.7433248254533009,-4.540506817840573e-05,0.2857142857142857,0.0,0.5,0.7142857142857143,0.30218063918454774,0.7990348055756877,0.2857142857142857
Power,2,2024-01-08,576,5,0.979381443298969,1.1150168420653608,1.4232924213863505,-0.13851132705588176,0.6,0.75,0.5,0.6,0.24094932358974858,0.6750280325015646,0.4
Power,3,2024-01-15,581,7,0.9761904761904762,0.6431102721756642,0.7112020124586733,-0.38218523108456903,0.42857142857142855,0.6,0.5,0.42857142857142855,0.3140728460760397,0.8302175860143385,0.5714285714285714
Power,4,2024-01-22,588,7,0.9797979797979798,0.407416437162705,0.5323373434253025,-0.5764510998785961,0.42857142857142855,0.6,0.5,0.42857142857142855,0.25211030088825737,0.697368852197883,0.42857142857142855
Power,5,2024-01-29,595,4,0.9833333333333333,0.6511167334566748,0.9272149253532393,-0.3325783070082735,0.75,0.0,0.5,0.25,0.19495553143196576,0.5798992872622692,0.75
Power,6,2024-02-05,599,4,0.9900332225913622,1.1117413405983014,1.21360710853602,-0.14220414950738425,0.5,0.0,0.5,0.5,0.250016465940579,0.6931801135256597,0.5
Power,7,2024-02-12,603,7,0.9900990099009901,1.0190991768354718,1.2146079624460848,-0.05655948496656782,0.5714285714285714,0.7272727272727273,0.5,0.5714285714285714,0.2492904737103697,0.6917280786857068,0.5714285714285714
Power,8,2024-02-19,610,5,0.9869706840390879,1.3066924458853655,1.712298344811075,-0.0061038204288343945,0.4,0.5714285714285714,0.5,0.4,0.270116473677556,0.7337137602043571,0.4
Power,9,2024-02-26,615,7,0.9902912621359223,0.6564265000936528,0.806439341205439,-0.019575455978175782,0.42857142857142855,0.0,0.5,0.5714285714285714,0.252660218681072,0.6984696949512098,0.5714285714285714
Power,10,2024-03-04,622,7,0.987220447284345,0.8885588400442178,1.0088259730850468,-0.005473302599713348,0.7142857142857143,0.8333333333333334,0.5,0.7142857142857143,0.2483082037292803,0.6897635167243852,0.2857142857142857
Power,11,2024-03-11,629,7,0.9779874213836478,0.9956703351794536,1.364906629991244,-0.0011098153287145696,0.5714285714285714,0.7272727272727273,0.5,0.5714285714285714,0.25831107558358773,0.7124653977323229,0.5714285714285714
Power,12,2024-03-18,636,7,0.9751552795031055,1.2865959148550572,1.452949339402912,-0.0020071189875270345,0.5714285714285714,0.7272727272727273,0.5,0.5714285714285714,0.2468992957388971,0.6869405491715036,0.5714285714285714
Power,13,2024-03-25,643,7,0.9723926380368099,0.3981569165854932,0.4718104939087888,-0.04122898233523986,0.42857142857142855,0.0,0.5,0.5714285714285714,0.25272945704242583,0.6986082995425232,0.42857142857142855
Power,14,2024-04-01,650,7,0.9696969696969697,0.6559424867902689,0.7620701325203948,-0.0464947114674743,0.5714285714285714,0.0,0.5,0.42857142857142855,0.24590765295368197,0.6849997870691039,0.5714285714285714
Power,15,2024-04-08,657,7,0.972972972972973,0.8762703426756892,1.1490063689312449,-0.016464100317344244,0.42857142857142855,0.0,0.5,0.5714285714285714,0.2591103888097287,0.7114307785075418,0.5714285714285714
Power,16,2024-04-15,664,7,0.9703264094955489,0.6571367468432132,0.7286415266310844,-0.05258357994607943,0.2857142857142857,0.0,0.5,0.7142857142857143,0.3049835831201096,0.8048799800160876,0.2857142857142857
Power,17,2024-04-22,671,7,0.9619883040935673,0.8154574605469513,1.012262753446714,-0.0054555266913145495,0.5714285714285714,0.7272727272727273,0.5,0.5714285714285714,0.2466783970386826,0.6864973658999313,0.5714285714285714
Power,18,2024-04-29,678,7,0.9595375722543352,0.8298856192706002,1.011124931450908,-0.08422363283192658,0.5714285714285714,0.7272727272727273,0.5,0.5714285714285714,0.24515098472867944,0.6834281876262829,0.5714285714285714
Power,19,2024-05-06,685,7,0.9571428571428572,0.8950528589053998,1.079465598535155,-0.21677820816510085,0.5714285714285714,0.7272727272727273,0.5,0.5714285714285714,0.2466079773325056,0.686356029332565,0.42857142857142855
Power,20,2024-05-13,692,7,0.9548022598870056,0.43685506281301384,0.587861721677634,-0.24371452949654127,0.2857142857142857,0.4444444444444444,0.5,0.2857142857142857,0.26635485573594053,0.7259133472154689,0.7142857142857143
Power,21,2024-05-20,699,7,0.9634831460674157,0.30579223120501225,0.3926864798234373,-0.08240475924914348,0.5714285714285714,0.7272727272727273,0.5,0.5714285714285714,0.24813604388298924,0.6894182785943931,0.5714285714285714
Power,22,2024-05-27,706,7,0.9611111111111111,0.2896326336130616,0.339604810211566,-0.006342206160241837,0.5714285714285714,0.7272727272727273,0.5,0.5714285714285714,0.24939838868579806,0.6919439281403991,0.42857142857142855
Power,23,2024-06-03,713,7,0.9587912087912088,0.17823346395497713,0.2654393562184691,-0.3453317715701463,0.42857142857142855,0.0,0.5,0.5714285714285714,0.2565241031261394,0.7062208560922996,0.42857142857142855
Power,24,2024-06-10,720,7,0.9565217391304348,0.2747230368134419,0.42026423412810326,-0.18069651734243175,0.2857142857142857,0.0,0.5,0.7142857142857143,0.29772991223179296,0.7897972887115439,0.7142857142857143
Power,25,2024-06-17,727,7,0.9490616621983914,0.08610293103806876,0.12526003840121888,-0.03484958957752604,0.14285714285714285,0.0,0.5,0.8571428571428571,0.2738097619995301,0.7408328939628392,0.8571428571428571
Power,26,2024-06-24,734,7,0.9366754617414248,0.19667958426237,0.26201656413743957,-0.1047514408834398,0.5714285714285714,0.0,0.5,0.42857142857142855,0.2512958030940417,0.6965789969154574,0.5714285714285714
Power,27,2024-07-01,741,7,0.9397905759162304,0.179006789457403,0.19635269996245344,-1.1815410258870997,0.2857142857142857,0.4444444444444444,0.5,0.2857142857142857,0.25696603382347966,0.7070838989521379,0.2857142857142857
Power,28,2024-07-08,748,7,0.9479166666666666,0.22379807207669694,0.2543712995588347,-0.02009161570435114,0.5714285714285714,0.7272727272727273,0.5,0.5714285714285714,0.24495046876531593,0.6830150220230363,0.42857142857142855
Power,29,2024-07-15,755,7,0.9458762886597938,0.30749112967591996,0.35463386490004867,-0.5220418874567649,0.5714285714285714,0.7272727272727273,0.5,0.5714285714285714,0.24671459950975155,0.6865700155698881,0.42857142857142855
Power,30,2024-07-22,762,7,0.9438775510204082,0.09030662884152973,0.13688026677975532,-0.3827669061718191,0.42857142857142855,0.6,0.5,0.42857142857142855,0.25312168233947624,0.699393818251961,0.42857142857142855
Power,31,2024-07-29,769,7,0.9468354430379747,0.2566083841670626,0.2978411269324535,-0.0008509329217165629,0.5714285714285714,0.7272727272727273,0.5,0.5714285714285714,0.2452817641056961,0.6836983541665554,0.5714285714285714
Power,32,2024-08-05,776,7,0.9448621553884712,0.3624502999280011,0.3876530285242743,-6.949095365729911,0.42857142857142855,0.6,0.5,0.42857142857142855,0.2748481884223674,0.7436925959338543,0.42857142857142855
Power,33,2024-08-12,783,7,0.9477611940298507,0.16233771174766293,0.19723492601787754,-0.1745323177658269,0.42857142857142855,0.0,0.5,0.5714285714285714,0.2551447389414325,0.7034499503009114,0.42857142857142855
Power,34,2024-08-19,790,7,0.9458128078817734,0.11851681512243314,0.13746362034113216,-0.3366036275830018,0.5714285714285714,0.0,0.5,0.42857142857142855,0.24493730380188186,0.6829882443010079,0.42857142857142855
Power,35,2024-08-26,797,7,0.9486552567237164,0.222002812783874,0.2642585676134864,-0.009741995950674598,0.5714285714285714,0.7272727272727273,0.5,0.5714285714285714,0.24946795908841374,0.6920830782449148,0.5714285714285714
Power,36,2024-09-02,804,7,0.9467312348668281,0.17151484655959637,0.21187968309134633,-0.0840862399887834,0.5714285714285714,0.0,0.5,0.42857142857142855,0.24581618256903173,0.684764433381669,0.5714285714285714
Power,37,2024-09-09,811,7,0.9495192307692307,0.1789939336194311,0.237657539700316,-0.03533474742367693,0.7142857142857143,0.0,0.5,0.2857142857142857,0.23338463071851226,0.6598383797217785,0.7142857142857143
Power,38,2024-09-16,818,7,0.9569377990430622,0.18727757277779997,0.22942539730490355,-0.48100710715302886,0.42857142857142855,0.0,0.5,0.5714285714285714,0.2598536463004924,0.7129318812117471,0.42857142857142855
Power,39,2024-09-23,825,7,0.9549763033175356,0.15431402416730147,0.18583593726774264,-0.005433557675790679,0.5714285714285714,0.0,0.5,0.42857142857142855,0.24498807788482832,0.6830914541659451,0.5714285714285714
Power,40,2024-09-30,832,7,0.9576470588235294,0.33461143423468676,0.35890670567911814,-6.645106934576526,0.5714285714285714,0.0,0.5,0.42857142857142855,0.24499403201974138,0.6831035173322999,0.5714285714285714
Power,41,2024-10-07,839,7,0.9602803738317757,0.21732079192062206,0.2677588052766409,-0.04549346808850707,0.7142857142857143,0.0,0.5,0.2857142857142857,0.24745482129635224,0.6880565786392597,0.2857142857142857
Power,42,2024-10-14,846,7,0.9674418604651163,0.43502081608804793,0.5323023487687932,-0.17704452240827284,0.8571428571428571,0.0,0.5,0.14285714285714285,0.20492378718221507,0.6024319207084897,0.14285714285714285
Power,43,2024-10-21,853,7,0.9791183294663574,0.6122827016183329,0.7712308496330564,-1.189241435661792e-05,0.2857142857142857,0.0,0.5,0.7142857142857143,0.33667245459803646,0.8727048454059394,0.7142857142857143
Power,44,2024-10-28,860,7,0.9724770642201835,0.31517969025279724,0.5215729005485853,-0.22526124297711636,0.7142857142857143,0.0,0.5,0.2857142857142857,0.21218380028350273,0.6162315499007758,0.7142857142857143
Power,45,2024-11-04,867,7,0.9794520547945206,0.45313349289376637,0.5556390749265491,-0.0016430414658681336,0.42857142857142855,0.0,0.5,0.5714285714285714,0.255998881499311,0.7051652180623211,0.5714285714285714
Power,46,2024-11-11,874,7,0.9773755656108597,0.9338404361648259,1.035891152206735,-0.006062988368594757,0.7142857142857143,0.0,0.5,0.2857142857142857,0.23630110039337232,0.6657070038615427,0.2857142857142857
Power,47,2024-11-18,881,7,0.9842342342342343,0.489607114658254,0.6248208262668773,-0.6050106184964856,0.7142857142857143,0.0,0.5,0.2857142857142857,0.22058930596111934,0.633812002993582,0.2857142857142857
Power,48,2024-11-25,888,7,0.9910313901345291,0.40585849548540304,0.5557004194329608,-0.3452344031331205,0.5714285714285714,0.0,0.5,0.42857142857142855,0.24555433413007366,0.6842635196274406,0.5714285714285714
Power,49,2024-12-02,895,7,0.9933184855233853,0.512839910654509,0.5777010681235045,-0.006890918130208812,0.5714285714285714,0.7272727272727273,0.5,0.5714285714285714,0.245954119722402,0.6850968866407496,0.5714285714285714
Power,50,2024-12-09,902,7,0.9911699779249448,0.35411093444260633,0.42958725653033814,-0.0005560378902664809,0.5714285714285714,0.7272727272727273,0.5,0.5714285714285714,0.24489992460627263,0.6829121152679676,0.42857142857142855
Power,51,2024-12-16,909,7,0.9890590809628009,0.3532088275264639,0.43324812411641717,-0.013922058220741329,0.5714285714285714,0.7272727272727273,0.5,0.5714285714285714,0.24756416948425905,0.6882731772672077,0.42857142857142855
Power,52,2024-12-23,916,6,0.9869848156182213,0.36917269563812716,0.6030626140525964,-0.34830395800142355,0.3333333333333333,0.5,0.5,0.3333333333333333,0.3864830177154204,0.9955196598169685,0.6666666666666666
Power,53,2024-12-30,922,6,0.9913606911447084,1.2989596251234607,1.7873043317501145,-1.9767352728239374e-05,0.5,0.6666666666666666,0.5,0.5,0.25909155946546036,0.7116691662359163,0.5
Power,54,2025-01-06,928,7,0.9914163090128756,0.17896715813338818,0.2488888224388106,-0.013516783556135836,0.42857142857142855,0.6,0.5,0.42857142857142855,0.3207748787057686,0.8461118816542157,0.42857142857142855
Power,55,2025-01-13,935,7,0.9936034115138592,0.5020856213803538,0.6625778960425447,-0.09724055355491412,0.7142857142857143,0.8333333333333334,0.5,0.7142857142857143,0.2159743711764719,0.6242330790690749,0.2857142857142857
Power,56,2025-01-20,942,7,0.9873417721518988,0.28510771835800075,0.34778394145697966,-0.018588270490953906,0.42857142857142855,0.6,0.5,0.42857142857142855,0.2668193869113057,0.7270999655133233,0.5714285714285714
Power,57,2025-01-27,949,7,0.989517819706499,0.5128126803977325,0.6062693437208112,-0.036242688797557765,0.42857142857142855,0.6,0.5,0.42857142857142855,0.3249425496877575,0.8561874845205464,0.5714285714285714
Power,58,2025-02-03,956,7,0.9916666666666667,0.6779105365845574,0.8309685963207274,-1.051340067884456,0.5714285714285714,0.7272727272727273,0.5,0.5714285714285714,0.24892356077163566,0.6909941246477704,0.42857142857142855
Power,59,2025-02-10,963,7,0.9896694214876033,0.2698204251102127,0.330455601308797,-0.06861856607516414,0.42857142857142855,0.0,0.5,0.5714285714285714,0.2802208052192197,0.7549768364205113,0.42857142857142855
Power,60,2025-02-17,970,7,0.9877049180327869,0.469183409564503,0.6132220218777745,-0.047298923902054035,0.42857142857142855,0.6,0.5,0.42857142857142855,0.2558501170909701,0.7048663110059866,0.5714285714285714
Power,61,2025-02-24,977,7,0.9898167006109979,0.34974521331199887,0.39301825983254873,-0.005337674469637399,0.42857142857142855,0.0,0.5,0.5714285714285714,0.25544180297458546,0.7040462717272623,0.42857142857142855
Power,62,2025-03-03,984,7,0.9878787878787879,0.2991617044640961,0.3575662156951237,-3.5124210426840108e-06,0.42857142857142855,0.6,0.5,0.42857142857142855,0.27705234323895567,0.748303460114801,0.42857142857142855
Power,63,2025-03-10,991,7,0.9899598393574297,0.5386758540646186,0.7173110820519583,-0.058498000593764976,0.42857142857142855,0.0,0.5,0.5714285714285714,0.28535144869250717,0.7659020056571746,0.5714285714285714
Power,64,2025-03-17,998,7,0.9880478087649402,0.573310265458183,0.6058885551904027,-0.011194956099406461,0.5714285714285714,0.7272727272727273,0.5,0.5714285714285714,0.24513807908421523,0.683401567974695,0.42857142857142855
Power,65,2025-03-24,1005,7,0.9861660079051383,0.2793679755428799,0.35878236908894445,-0.0028265587888700594,0.42857142857142855,0.6,0.5,0.42857142857142855,0.29820584392986554,0.7939809924042248,0.42857142857142855
Power,66,2025-03-31,1012,7,0.9882121807465619,0.4215769694521506,0.5109987455836523,-0.006511528382915133,0.7142857142857143,0.0,0.5,0.2857142857142857,0.24369772122687847,0.6805387561785905,0.2857142857142857
Power,67,2025-04-07,1019,7,0.9941291585127201,0.4003472329377538,0.49120916496281236,-0.12333156287432989,0.7142857142857143,0.0,0.5,0.2857142857142857,0.24711199159936767,0.6873708351161395,0.2857142857142857
Power,68,2025-04-14,1026,7,1.0,0.32612599775914664,0.3852357556335151,-0.10246092425461084,0.2857142857142857,0.0,0.5,0.7142857142857143,0.2663625310094225,0.7259287745183534,0.2857142857142857
Power,69,2025-04-21,1033,7,0.9942084942084942,0.2681017280912389,0.36578904473637,-0.006079815483408746,0.2857142857142857,0.4444444444444444,0.5,0.2857142857142857,0.31778328106612463,0.8318676918013752,0.7142857142857143
Power,70,2025-04-28,1040,7,1.0,0.38101241698641136,0.4382051953295351,-0.007794026904440976,0.42857142857142855,0.0,0.5,0.5714285714285714,0.2530136967041174,0.6991775360288097,0.42857142857142855
Power,71,2025-05-05,1047,7,0.9980916030534351,0.25801423915248056,0.3768865843886088,-0.046910674169241995,0.2857142857142857,0.4444444444444444,0.5,0.2857142857142857,0.26400914650335444,0.7212014978936802,0.7142857142857143
Power,72,2025-05-12,1054,7,1.0038022813688212,0.30529256043248115,0.34111500237719616,-0.1152137006716023,0.42857142857142855,0.0,0.5,0.5714285714285714,0.25027607920011513,0.6936993118364506,0.42857142857142855
Power,73,2025-05-19,1061,7,1.0018867924528303,0.16808543981369564,0.1837953246542478,-0.1720604690067944,0.5714285714285714,0.7272727272727273,0.5,0.5714285714285714,0.2477296369573208,0.6886045910604898,0.42857142857142855
Power,74,2025-05-26,1068,7,1.0,0.2569858557138659,0.30190242031252207,-0.01650112909079282,0.5714285714285714,0.7272727272727273,0.5,0.5714285714285714,0.24694458537874198,0.6871799605543912,0.42857142857142855
Power,75,2025-06-02,1075,7,0.9981412639405205,0.18103569552817572,0.20946725388925544,-0.030722207562985826,0.42857142857142855,0.0,0.5,0.5714285714285714,0.25554406450561373,0.704251609960631,0.42857142857142855
Power,76,2025-06-09,1082,7,0.996309963099631,0.15637066849091316,0.20029740538585109,-0.07880895932065446,0.42857142857142855,0.6,0.5,0.42857142857142855,0.26107539884587283,0.7154035246876518,0.5714285714285714
Power,77,2025-06-16,1089,7,0.998165137614679,0.18816346558818933,0.2183429340137037,-0.3313925401132114,0.7142857142857143,0.0,0.5,0.2857142857142857,0.2051995129351103,0.6008933671355406,0.2857142857142857
Power,78,2025-06-23,1096,7,1.0036563071297988,0.09915995457942818,0.12007659369702055,-0.11066191866727859,0.42857142857142855,0.6,0.5,0.42857142857142855,0.27180985882802944,0.7373772374705759,0.5714285714285714
Power,79,2025-06-30,1103,7,1.0054545454545454,0.18519374364042812,0.22027837189422042,-0.05986561048121386,0.5714285714285714,0.0,0.5,0.42857142857142855,0.24491384575865588,0.6829404906513162,0.5714285714285714
Power,80,2025-07-07,1110,7,1.0072332730560578,0.19466457921532407,0.24074625502262662,-0.0003358129133312904,0.42857142857142855,0.6,0.5,0.42857142857142855,0.2591701510577385,0.711551380217997,0.5714285714285714
Power,81,2025-07-14,1117,7,1.0089928057553956,0.07200161654622832,0.08990991458955515,-0.03388792332803936,0.5714285714285714,0.7272727272727273,0.5,0.5714285714285714,0.24649001509815857,0.6861192061850082,0.42857142857142855
Power,82,2025-07-21,1124,7,1.0071428571428571,0.11737308654805899,0.14629238290716257,-0.7027631033039119,0.42857142857142855,0.6,0.5,0.42857142857142855,0.25084122236153356,0.6948296986264807,0.42857142857142855
Power,83,2025-07-28,1131,7,1.0088809946714032,0.12354570055587266,0.1664800428840091,-0.0005863744658349823,0.42857142857142855,0.0,0.5,0.5714285714285714,0.2565065548207111,0.7061856032162349,0.42857142857142855
Power,84,2025-08-04,1138,7,1.0070546737213404,0.09714651044959768,0.10173979459508184,-0.02766872323415548,0.42857142857142855,0.6,0.5,0.42857142857142855,0.25009960396272746,0.6933463886135847,0.42857142857142855
Power,85,2025-08-11,1145,7,1.0087719298245614,0.165603254578705,0.18737289761152956,-0.023958906472303587,0.7142857142857143,0.8333333333333334,0.5,0.7142857142857143,0.2370995241297906,0.6673111327014208,0.2857142857142857
Power,86,2025-08-18,1152,7,1.0034782608695652,0.23833570568093881,0.27735186106560633,-0.014157562432304038,0.42857142857142855,0.6,0.5,0.42857142857142855,0.259696148674858,0.7126136340287282,0.42857142857142855
Power,87,2025-08-25,1159,7,1.005190311418685,0.12775582777954672,0.1328836293916747,-0.10818448414833215,0.42857142857142855,0.0,0.5,0.5714285714285714,0.2608608708459431,0.7149691475492757,0.5714285714285714
Power,88,2025-09-01,1166,7,1.0034364261168385,0.21669672020901354,0.2555607551497811,-0.06685688475584284,0.5714285714285714,0.0,0.5,0.42857142857142855,0.2485691997660681,0.6902851799343362,0.42857142857142855
Power,89,2025-09-08,1173,7,1.005128205128205,0.09793194049318897,0.11844761994509777,-0.21882964970998509,0.42857142857142855,0.0,0.5,0.5714285714285714,0.2646247030575895,0.7226152428070726,0.42857142857142855
Power,90,2025-09-15,1180,7,1.00339558573854,0.10365415208497468,0.11426218362060753,-0.15957915492103436,0.7142857142857143,0.0,0.5,0.2857142857142857,0.2417815715453873,0.6767016904705249,0.7142857142857143
Power,91,2025-09-22,1187,7,1.0084602368866329,0.14075989011585424,0.18671013618699564,-0.022187758094093457,0.5714285714285714,0.0,0.5,0.42857142857142855,0.2450169708903402,0.6831500897217451,0.42857142857142855
Power,92,2025-09-29,1194,7,1.0101010101010102,0.1641340554010296,0.201706020250795,-0.0005722784646129409,0.5714285714285714,0.0,0.5,0.42857142857142855,0.2451414174935747,0.6834084531439417,0.5714285714285714
Power,93,2025-10-06,1201,7,1.0117252931323284,0.24869179816679327,0.27712754348573576,-0.570135734312494,0.2857142857142857,0.0,0.5,0.7142857142857143,0.2664541873878642,0.7261129782202504,0.2857142857142857
Power,94,2025-10-13,1208,7,1.0066445182724253,0.2690952886023829,0.326343943529635,-0.25068280636799933,0.5714285714285714,0.0,0.5,0.42857142857142855,0.24712437633038162,0.6875606482287225,0.42857142857142855
Power,95,2025-10-20,1215,7,1.0082644628099173,0.514588805696156,0.5542992502402511,-0.06822163581936613,0.2857142857142857,0.0,0.5,0.7142857142857143,0.27616841642778767,0.7457021171897518,0.2857142857142857
Power,96,2025-10-27,1222,7,1.0032786885245901,0.519924668889389,0.6155908027657174,-0.020591526180388398,0.7142857142857143,0.0,0.5,0.2857142857142857,0.2419518071298892,0.6770426432633014,0.2857142857142857
Power,97,2025-11-03,1229,5,1.0081699346405228,0.4916398200242217,0.5403856551362258,-0.033529918085751564,0.6,0.0,0.5,0.4,0.24007001629824246,0.6731568807834934,0.4
Copper,1,2024-01-01,271,4,1.037593984962406,0.009631639751621906,0.01104697564669839,-2.1797577206585186,0.25,0.4,0.5,0.25,0.3224548117087842,0.8410743013027672,0.25
Copper,2,2024-01-08,275,5,1.0522388059701493,0.0055209380680343355,0.006272156108450066,-0.09216238313993164,0.8,0.0,0.5,0.2,0.19280007559613893,0.5767940521774229,0.2
Copper,3,2024-01-15,280,4,1.0740740740740742,0.006833514225084216,0.007409076031596392,-0.49202377742051007,0.75,0.0,0.5,0.25,0.18804969645157144,0.563867503242348,0.25
Copper,4,2024-01-22,284,5,1.088235294117647,0.00680969466237624,0.008669032718437155,-0.29078120956024933,0.2,0.0,0.5,0.8,0.49110090836389403,1.245667826292573,0.2
Copper,5,2024-01-29,289,5,1.0642857142857143,0.01012911692514957,0.011596340615205796,-0.4963961072498573,0.4,0.5714285714285714,0.5,0.4,0.5063595436073776,1.521931869498807,0.4
Copper,6,2024-02-05,294,5,1.0704225352112675,0.008122080736635801,0.009201207513555777,-0.4986032377614973,0.4,0.5714285714285714,0.5,0.4,0.33763172422874277,0.883449735836575,0.4
Copper,7,2024-02-12,299,5,1.0763888888888888,0.009082734799329271,0.011414553639629222,-0.08177816335773946,0.8,0.8888888888888888,0.5,0.8,0.171712697049535,0.5301807741048818,0.8
Copper,8,2024-02-19,304,4,1.054054054054054,0.008473787441346452,0.008861753142096666,-0.47788875549343124,0.25,0.4,0.5,0.25,0.5715784179249255,1.5635606715027102,0.25
Copper,9,2024-02-26,308,5,1.0671140939597314,0.002467808846824755,0.0038722697358667024,-0.6332513130676307,0.4,0.0,0.5,0.6,0.2556170676287962,0.7043911870716094,0.6
Copper,10,2024-03-04,313,5,1.0592105263157894,0.00609492188874219,0.007015165004968779,-0.013071318687045252,0.6,0.75,0.5,0.6,0.24667073243848847,0.686485812118163,0.6
Copper,11,2024-03-11,318,5,1.0516129032258064,0.013224345490847436,0.017756020551584192,-0.7761190688977029,0.6,0.75,0.5,0.6,0.2486465335706761,0.6904400733828399,0.4
Copper,12,2024-03-18,323,5,1.0443037974683544,0.011730036831792318,0.014278357730002782,-2.0760178854037576,0.6,0.0,0.5,0.4,0.24894033457065817,0.6910277372982696,0.4
Copper,13,2024-03-25,328,4,1.05,0.006030978197312417,0.007023376919060222,-0.15327403311630672,0.25,0.0,0.5,0.75,0.29391391173180637,0.7817106377881868,0.75
Copper,14,2024-04-01,332,5,1.0368098159509203,0.012939265677404948,0.018027886254859647,-0.14770483928512168,0.4,0.0,0.5,0.6,0.25967602842851295,0.7125447419807307,0.4
Copper,15,2024-04-08,337,5,1.0301204819277108,0.01321563440101495,0.016023010206995182,-2.1277384522778866,0.4,0.0,0.5,0.6,0.28576603294241537,0.766191634732851,0.4
Copper,16,2024-04-15,342,5,1.0236686390532543,0.0063337341498848985,0.007069975334721976,-0.9530327201533728,0.2,0.0,0.5,0.8,0.3251416893353422,0.8459388109893906,0.2
Copper,17,2024-04-22,347,5,1.0057803468208093,0.010454673665571134,0.01304284481166942,-0.18282757930349502,0.6,0.75,0.5,0.6,0.24572553815837636,0.6856268607256171,0.4
Copper,18,2024-04-29,352,5,1.0,0.018744454667399414,0.019786105483897455,-0.0188097520764845,0.6,0.75,0.5,0.6,0.24161857375769175,0.6763210061109214,0.4
Copper,19,2024-05-06,357,5,0.994413407821229,0.01156857542280597,0.014330168099641764,-0.8757585382828805,0.4,0.0,0.5,0.6,0.2558437321391108,0.7048457212250122,0.4
Copper,20,2024-05-13,362,5,0.989010989010989,0.03293138965558084,0.03785321843493498,-0.3822834803341959,0.2,0.0,0.5,0.8,0.3020188403481058,0.7980634215143367,0.8
Copper,21,2024-05-20,367,5,0.9731182795698925,0.01898928624153648,0.026847088076182708,-0.27776609180650635,0.6,0.75,0.5,0.6,0.24480943630948104,0.6827542010673745,0.4
Copper,22,2024-05-27,372,4,0.9682539682539683,0.014602577263245792,0.017211522894508963,-0.5161407946596166,0.75,0.0,0.5,0.25,0.24066570115377006,0.674469344595708,0.25
Copper,23,2024-06-03,376,5,0.9789473684210527,0.020171563913411777,0.022965277179017987,-0.2134883844071538,0.6,0.0,0.5,0.4,0.27006433843701316,0.747993720966623,0.4
Copper,24,2024-06-10,381,5,0.984375,0.015367450411251612,0.01728252869512588,-3.776888826549313,0.6,0.0,0.5,0.4,0.24969452081323668,0.6948678153836819,0.6
Copper,25,2024-06-17,386,4,0.9896907216494846,0.016773940969741313,0.02160154931198048,-7.575828628381132e-05,0.75,0.0,0.5,0.25,0.1997073605182358,0.5903610572115212,0.25
Copper,26,2024-06-24,390,5,1.0,0.012586216334173613,0.016817359162556514,-0.05845515138891,0.6,0.0,0.5,0.4,0.2930655112090693,0.8211675038821109,0.6
Copper,27,2024-07-01,395,4,1.0050761421319796,0.01428747447396157,0.01530832085315325,-6.756480489459857,0.0,0.0,,1.0,0.6384754425609646,,0.0
Copper,28,2024-07-08,399,5,0.9850746268656716,0.008447352859241095,0.01030146415296881,-0.04553046661595084,0.6,0.75,0.5,0.6,0.2405982533930569,0.6742428533453062,0.6
Copper,29,2024-07-15,404,5,0.9803921568627451,0.016431216246716573,0.019259606001889463,-2.674506229174477,0.0,0.0,,0.0,0.6763997565935966,,0.0
Copper,30,2024-07-22,409,5,1.0049019607843137,0.012648155050873803,0.013735441234702593,-0.4478195542946677,0.8,0.0,0.5,0.2,0.16647648793334965,0.5175859923277694,0.2
Copper,31,2024-07-29,414,5,1.0195121951219512,0.0031462023530861986,0.004327377092586105,-0.23407260250037454,0.6,0.0,0.5,0.4,0.282824149932294,0.7866052578861288,0.6
Copper,32,2024-08-05,419,5,1.0241545893719808,0.016118742200701232,0.019581069815980436,-0.04478136412455669,0.6,0.75,0.5,0.6,0.26777685854930555,0.7415342232209745,0.6
Copper,33,2024-08-12,424,5,1.019047619047619,0.009330680592080313,0.01117262445366977,-0.6981441506057504,0.8,0.8888888888888888,0.5,0.8,0.23513724371467576,0.6633956625572016,0.2
Copper,34,2024-08-19,429,5,1.0046728971962617,0.002096291727504027,0.0027742357528205827,-0.37499058419652975,0.6,0.75,0.5,0.6,0.24021674119072997,0.673467146721764,0.6
Copper,35,2024-08-26,434,5,1.0,0.010022050606954118,0.010896818376966383,-0.05696266423250029,0.4,0.5714285714285714,0.5,0.4,0.29066451664721527,0.7765833096349676,0.4
Copper,36,2024-09-02,439,4,1.004566210045662,0.012603561435234733,0.016236899616180005,-0.16385131481173776,0.75,0.0,0.5,0.25,0.19180276866525903,0.5727281345020381,0.75
Copper,37,2024-09-09,443,5,1.0136363636363637,0.012621373742201158,0.014144219005631568,-3.441134327079201,0.2,0.0,0.5,0.8,0.34751308152964855,0.8934235844961871,0.2
Copper,38,2024-09-16,448,5,1.0,0.011866123542180237,0.014439912459077438,-0.011787399865407222,0.4,0.0,0.5,0.6,0.25931332178502087,0.7118147744571385,0.6
Copper,39,2024-09-23,453,5,0.9955947136563876,0.017183738061824824,0.020078197192044338,-2.7378046660880058,0.0,0.0,,1.0,0.4775910570020163,,0.0
Copper,40,2024-09-30,458,5,0.9741379310344828,0.013354525619012184,0.01670107294917771,-0.18038455934383957,0.6,0.75,0.5,0.6,0.24029575283326493,0.6736223658896233,0.6
Copper,41,2024-10-07,463,5,0.9702127659574468,0.010362119576258383,0.011844702882071987,-0.842309024785151,0.2,0.3333333333333333,0.5,0.2,0.2749833469567108,0.7432191894100486,0.2
Copper,42,2024-10-14,468,5,0.9830508474576272,0.0058423350302286665,0.006262294346053294,-0.22931938908425376,0.4,0.0,0.5,0.6,0.2724599583480864,0.7385143163203928,0.4
Copper,43,2024-10-21,473,5,0.9790794979079498,0.008899690780260879,0.010069355345873483,-0.045515014831081224,0.6,0.75,0.5,0.6,0.2417837090414686,0.676655902252048,0.6
Copper,44,2024-10-28,478,5,0.9752066115702479,0.0030498590698150594,0.004032099561267903,-0.9237618561979444,0.6,0.75,0.5,0.6,0.24015782363059443,0.6733382956787144,0.6
Copper,45,2024-11-04,483,5,0.9714285714285714,0.020507016899374703,0.02360602615702181,-0.004644587855157312,0.4,0.5714285714285714,0.5,0.4,0.3308858964446159,0.8671659114609156,0.6
Copper,46,2024-11-11,488,5,0.9757085020242915,0.01899334130059209,0.02070333810538197,-0.7850379130205172,0.2,0.3333333333333333,0.5,0.2,0.35397546396237445,0.907393438962011,0.2
Copper,47,2024-11-18,493,5,0.9879032258064516,0.008598922141330139,0.00878550492020622,-0.07467627959826317,0.6,0.75,0.5,0.6,0.24732465315134106,0.689305955617867,0.4
Copper,48,2024-11-25,498,4,0.9840637450199203,0.00827925099289948,0.011729967444287037,-0.9927564054604578,0.5,0.6666666666666666,0.5,0.5,0.27950115729676384,0.7559314163102052,0.5
Copper,49,2024-12-02,502,5,0.9841897233201581,0.0034276194445356178,0.004497038499805099,-0.11226674295062167,0.2,0.0,0.5,0.8,0.2750129788584424,0.7432788181146497,0.8
Copper,50,2024-12-09,507,5,0.9727626459143969,0.013791815952069764,0.015160412719478066,-0.00022697114904013382,0.4,0.0,0.5,0.6,0.29528016921563915,0.7864858900096227,0.4
Copper,51,2024-12-16,512,5,0.9692307692307692,0.00603782305300369,0.008599379212252779,-0.7527609763525052,0.2,0.3333333333333333,0.5,0.2,0.46284162505229814,1.1674832810563496,0.2
Copper,52,2024-12-23,517,4,0.9808429118773946,0.004938403990872541,0.005123610371907285,-0.8275219063986843,0.75,0.8571428571428571,0.5,0.75,0.20986759767231788,0.6119160117487363,0.75
Copper,53,2024-12-30,521,4,0.9734848484848485,0.013587137553646135,0.01506367566734797,-0.1501278627798326,0.5,0.6666666666666666,0.5,0.5,0.2863429628592371,0.7716915898645588,0.5
Copper,54,2025-01-06,525,5,0.9736842105263158,0.010143704414880782,0.011803256929336689,-0.7190961052921134,0.2,0.0,0.5,0.8,0.3669762148752206,0.9358847585661494,0.8
Copper,55,2025-01-13,530,5,0.9629629629629629,0.010981793138377573,0.013887116130859316,-1.0143913471474457,0.4,0.0,0.5,0.6,0.4076208355634745,1.0791722805400816,0.4
Copper,56,2025-01-20,535,4,0.9597069597069597,0.013692838812593913,0.016360698738316026,-0.019665135110969567,0.75,0.0,0.5,0.25,0.2054608054099849,0.6026696034791272,0.75
Copper,57,2025-01-27,539,5,0.9671532846715328,0.0032120513710097234,0.004014090711410978,-0.12394891736429514,0.6,0.0,0.5,0.4,0.28123977664872657,0.7815582501091114,0.6
Copper,58,2025-02-03,544,5,0.9710144927536232,0.02018841025101061,0.0215194756903831,-7.3415313642410265,1.0,1.0,,1.0,0.11683973180283047,,0.0
Copper,59,2025-02-10,549,5,0.9537366548042705,0.021106116535827432,0.022661070414395097,-0.0006013848260879584,0.6,0.0,0.5,0.4,0.2520953012737358,0.7006325178029256,0.6
Copper,60,2025-02-17,554,4,0.9575971731448764,0.002317691296317029,0.003254180151083763,-1.029455263812547,1.0,0.0,,0.0,0.11834821848363974,,1.0
Copper,61,2025-02-24,558,5,0.9717314487632509,0.004330582384873026,0.0047711467565125665,-0.0005434251062479412,0.4,0.5714285714285714,0.5,0.4,0.38213678260584916,1.0012985342303633,0.4
Copper,62,2025-03-03,563,5,0.9754385964912281,0.0176288349874126,0.02640002737068724,-0.09012867869193131,0.6,0.0,0.5,0.4,0.24571613796510522,0.6845730919834535,0.6
Copper,63,2025-03-10,568,5,0.9790940766550522,0.014275907974129259,0.015990632206343093,-0.12261937362397846,0.6,0.75,0.5,0.6,0.24677268883127965,0.686689989961089,0.6
Copper,64,2025-03-17,573,5,0.9758620689655172,0.009451344746579044,0.011114286962283653,-0.6456725486460719,0.8,0.8888888888888888,0.5,0.8,0.1814347816616305,0.5522440317700783,0.8
Copper,65,2025-03-24,578,5,0.9659863945578231,0.014660038193018008,0.017685458137537975,-0.02672971708274896,0.2,0.3333333333333333,0.5,0.2,0.30571925529140176,0.8056552739361494,0.2
Copper,66,2025-03-31,583,5,0.976271186440678,0.0379620260452446,0.05206338671464278,-1.135200630626748,0.0,0.0,,0.0,0.2582592934263772,,0.0
Copper,67,2025-04-07,588,5,0.9932203389830508,0.03003062871471352,0.03588006834136002,-0.29922894043506565,0.4,0.0,0.5,0.6,0.5200870750664361,1.6183720154963783,0.4
Copper,68,2025-04-14,593,4,0.9899328859060402,0.006242978879242195,0.007263877936513875,-0.4607827200158965,0.75,0.8571428571428571,0.5,0.75,0.1935022296125375,0.5766225542890742,0.75
Copper,69,2025-04-21,597,5,0.9833887043189369,0.011242231457436646,0.012380317250091638,-0.12479869958940526,0.6,0.75,0.5,0.6,0.25136667581879524,0.6988692064977516,0.6
Copper,70,2025-04-28,602,5,0.9802631578947368,0.014912110237466353,0.022482909036168158,-0.0755972558482132,0.6,0.75,0.5,0.6,0.24323538426436145,0.68002248147701,0.4
Copper,71,2025-05-05,607,5,0.9771986970684039,0.020988633882133498,0.023953234079387993,-0.00015733616186031085,0.6,0.75,0.5,0.6,0.2409350975209783,0.6749309655305951,0.6
Copper,72,2025-05-12,612,5,0.9741935483870968,0.011549242302297768,0.01258802035210567,-0.05206562736803777,0.4,0.5714285714285714,0.5,0.4,0.25593122352803804,0.705021149921202,0.6
Copper,73,2025-05-19,617,5,0.9775641025641025,0.021301409416762004,0.02383243839668556,-1.438367279262284,0.8,0.8888888888888888,0.5,0.8,0.24475802715091177,0.6826621436836465,0.2
Copper,74,2025-05-26,622,4,0.9683544303797469,0.020375900350520816,0.02450247851408175,-0.0005501195575956519,0.25,0.4,0.5,0.25,0.3296559020573717,0.856392344940904,0.25
Copper,75,2025-06-02,626,5,0.9747634069400631,0.006242860440117607,0.006609804035995054,-0.031245662914727523,0.6,0.75,0.5,0.6,0.2421576961739312,0.6774132543352747,0.4
Copper,76,2025-06-09,631,5,0.971875,0.005967480515021981,0.006173439689617475,-0.0889988778321531,0.4,0.5714285714285714,0.5,0.4,0.28211518314146816,0.7585211424704855,0.6
Copper,77,2025-06-16,636,4,0.9751552795031055,0.003306661093792085,0.003792583993985716,-0.20412946395132248,0.5,0.6666666666666666,0.5,0.5,0.2782926489774269,0.7531985026939074,0.5
Copper,78,2025-06-23,640,5,0.9753086419753086,0.01008201981236668,0.014705580281087541,-0.8869192279812439,0.0,0.0,,1.0,0.30413868231490726,,1.0
Copper,79,2025-06-30,645,5,0.9604863221884499,0.011486275423188474,0.013398688152506904,-0.0021716380221512566,0.4,0.5714285714285714,0.5,0.4,0.32903972655208236,0.8627707696331655,0.6
Copper,80,2025-07-07,650,5,0.9637462235649547,0.03187732232192611,0.0495787549613144,-0.4655917219447785,0.4,0.0,0.5,0.6,0.349194822121823,0.9122325799791648,0.4
Copper,81,2025-07-14,655,5,0.9610778443113772,0.0038154860183155365,0.0049460505711668235,-0.0001584566091135109,0.2,0.0,0.5,0.8,0.5135771618171456,1.3123058292424257,0.8
Copper,82,2025-07-21,660,5,0.9526627218934911,0.014463353747013139,0.015057925423402329,-0.15236296023036489,0.4,0.0,0.5,0.6,0.31623701155546086,0.8329712319874794,0.6
Copper,83,2025-07-28,665,5,0.9501466275659824,0.05662884419602732,0.09344247817330777,-0.45221946813789193,0.4,0.5714285714285714,0.5,0.4,0.2608273813242228,0.714864093923462,0.6
Copper,84,2025-08-04,670,5,0.9533527696793003,0.008272539211487854,0.010469482023284286,-1.2151890896370423,0.6,0.0,0.5,0.4,0.24003729919244562,0.6730891169979442,0.6
Copper,85,2025-08-11,675,5,0.9565217391304348,0.009206442650722913,0.010540540332634182,-0.07983628118454122,0.6,0.0,0.5,0.4,0.24103986810811806,0.6752226161799377,0.6
Copper,86,2025-08-18,680,5,0.9596541786743515,0.00406922287708011,0.004903746413778259,-0.11921727458980769,0.4,0.0,0.5,0.6,0.25007399547472364,0.693295141729587,0.6
Copper,87,2025-08-25,685,5,0.9571428571428572,0.021264418972619634,0.022688390678185566,-7.224687039797036,0.4,0.0,0.5,0.6,0.37717549258761585,0.9871297410882889,0.4
Copper,88,2025-09-01,690,4,0.9546742209631728,0.010406776463341486,0.011369389559235513,-0.06916488704520551,0.5,0.0,0.5,0.5,0.25026352664622564,0.6936745118329343,0.5
Copper,89,2025-09-08,694,5,0.9549295774647887,0.0041074696755829965,0.004504186611111669,-0.07167688671681183,0.8,0.8888888888888888,0.5,0.8,0.2365713718144093,0.6662708763596452,0.8
Copper,90,2025-09-15,699,5,0.947075208913649,0.006459743510140792,0.008080746226720429,-0.06799947020635178,0.4,0.5714285714285714,0.5,0.4,0.2638101486373422,0.720888565309714,0.6
Copper,91,2025-09-22,704,5,0.9501385041551247,0.011232059876045048,0.0163337923062958,-0.05085413868189881,0.6,0.75,0.5,0.6,0.2409099699430648,0.6748797165684802,0.6
Copper,92,2025-09-29,709,5,0.9478021978021978,0.008737625782817527,0.011414082165646468,-1.3922533309398304,1.0,1.0,,1.0,0.1941002939924239,,1.0
Copper,93,2025-10-06,714,5,0.9349593495934959,0.012016218525003796,0.014871773454180174,-1.8732728176455606,0.6,0.75,0.5,0.6,0.24649748412382805,0.6861388217601417,0.4
Copper,94,2025-10-13,719,5,0.9327956989247311,0.014543500788051328,0.016606397474712792,-0.0025367858738809534,0.4,0.0,0.5,0.6,0.2808736269256511,0.7559264414092741,0.4
Copper,95,2025-10-20,724,5,0.9306666666666666,0.014803652053656727,0.016999249792837432,-0.536938922256893,0.4,0.0,0.5,0.6,0.2538972314638073,0.7009451075390836,0.4
Copper,96,2025-10-27,729,5,0.9285714285714286,0.014037606840501673,0.017221729072228572,-0.15716359782469214,0.6,0.0,0.5,0.4,0.24324729665294526,0.6796128985774496,0.6
Copper,97,2025-11-03,734,5,0.9315789473684211,0.011934811653668187,0.01697569535393717,-0.0461124910355053,0.4,0.0,0.5,0.6,0.28423329345376913,0.7629638724596426,0.6
Copper,98,2025-11-10,739,5,0.9295039164490861,0.007840842241678558,0.008595462774157688,-0.04972664496879453,0.4,0.0,0.5,0.6,0.26469573107129707,0.7226820170113593,0.4
Copper,99,2025-11-17,744,5,0.927461139896373,0.010377626450384769,0.011405976310543032,-0.029649349154907467,0.6,0.0,0.5,0.4,0.25002274076097536,0.6956482059795348,0.6
Copper,100,2025-11-24,749,1,0.9304123711340206,0.03821691143914671,0.03821691143914671,,0.0,0.0,,1.0,0.2645011524037604,,0.0
Corn,1,2024-01-01,505,4,1.069672131147541,0.009068491301161125,0.011483159528598613,-1.657165568161298,0.5,0.6666666666666666,0.5,0.5,0.28713353066956415,0.77354510720574,0.5
Corn,2,2024-01-08,509,5,1.0691056910569106,0.010537375677439034,0.012799588266580382,-0.5170204744735867,0.2,0.3333333333333333,0.5,0.2,0.2946328979378826,0.7829789825174333,0.2
Corn,3,2024-01-15,514,4,1.0809716599190284,0.005203130924072201,0.007127079880936159,-0.5896484676318257,0.5,0.0,0.5,0.5,0.25063184890615675,0.6944125078780855,0.5
Corn,4,2024-01-22,518,5,1.0803212851405624,0.005096854982954335,0.006967138632953881,-0.011614392135416818,0.4,0.0,0.5,0.6,0.2587706210841678,0.7107230991599733,0.4
Corn,5,2024-01-29,523,5,1.0753968253968254,0.008631651845754807,0.011195315958919786,-0.09161960715831552,0.4,0.5714285714285714,0.5,0.4,0.3886045438918451,1.0202243199936394,0.6
Corn,6,2024-02-05,528,5,1.078740157480315,0.0039403059493765885,0.004545398079805646,-0.5764879498858293,1.0,0.0,,0.0,0.1753451255182097,,1.0
Corn,7,2024-02-12,533,5,1.0984251968503937,0.007045075168004232,0.009867733787666609,-0.7412138209605299,0.8,0.0,0.5,0.2,0.2296249411159576,0.6523282072072354,0.8
Corn,8,2024-02-19,538,4,1.1098039215686275,0.013126495972337369,0.01449330928285803,-1.2232057508718808,0.75,0.0,0.5,0.25,0.2260422609948063,0.6450575386765232,0.25
Corn,9,2024-02-26,542,5,1.1171875,0.02333653672130355,0.029638279252244295,-0.14362107736970087,0.4,0.0,0.5,0.6,0.2881865481536948,0.7713118516808445,0.4
Corn,10,2024-03-04,547,5,1.111969111969112,0.012046609575411458,0.014633254992609758,-1.034861637949854,0.6,0.75,0.5,0.6,0.24818781794819317,0.6895223899196263,0.4
Corn,11,2024-03-11,552,5,1.1068702290076335,0.009187941282404442,0.010059448912209857,-0.22956257180794548,0.8,0.8888888888888888,0.5,0.8,0.23332462486173783,0.659759372948523,0.8
Corn,12,2024-03-18,557,5,1.093984962406015,0.0027876274379538156,0.0030688430109234136,-0.025332092697768926,0.4,0.5714285714285714,0.5,0.4,0.368547665132386,0.9631658519513276,0.4
Corn,13,2024-03-25,562,5,1.0970149253731343,0.015116656536714634,0.017904429985846616,-0.015935801657427362,0.2,0.3333333333333333,0.5,0.2,0.32472306118575955,0.8450620617194385,0.2
Corn,14,2024-04-01,567,5,1.1078066914498141,0.010527052111200183,0.012517989954839144,-0.40771824636321363,0.4,0.5714285714285714,0.5,0.4,0.28316934955387296,0.7607296776361663,0.4
Corn,15,2024-04-08,572,5,1.1107011070110702,0.008858413902799775,0.010526664711114828,-0.04745935895322262,0.4,0.0,0.5,0.6,0.26246948592001873,0.7181777439900296,0.6
Corn,16,2024-04-15,577,5,1.1058394160583942,0.018566185823609676,0.02043078714555967,-0.016007076563650857,0.6,0.0,0.5,0.4,0.2409191558802033,0.6749633121052985,0.4
Corn,17,2024-04-22,582,5,1.108695652173913,0.02202638149964877,0.026220722172844088,-0.037736566011382644,0.6,0.75,0.5,0.6,0.24037780357872407,0.6737909647872657,0.6
Corn,18,2024-04-29,587,5,1.103942652329749,0.014024148554006317,0.01699228903946562,-0.13595581453012762,0.6,0.0,0.5,0.4,0.24542759469870604,0.683994546243438,0.6
Corn,19,2024-05-06,592,5,1.106761565836299,0.013937629721254247,0.018272025949404292,-0.29621311391853555,0.6,0.0,0.5,0.4,0.24100960748762335,0.6751575599954178,0.6
Corn,20,2024-05-13,597,5,1.1095406360424027,0.012029702615305764,0.01328456726355346,-0.05576079650177079,0.4,0.5714285714285714,0.5,0.4,0.2968808166107834,0.7899462788156019,0.6
Corn,21,2024-05-20,602,5,1.1122807017543859,0.005625504336565615,0.006743730447191584,-0.23012395734002866,0.8,0.8888888888888888,0.5,0.8,0.16126603164273448,0.5040515306495057,0.8
Corn,22,2024-05-27,607,4,1.1003460207612457,0.012147143944029298,0.012602188702926469,-13.101793384444537,1.0,0.0,,0.0,0.2049310470827237,,0.0
Corn,23,2024-06-03,611,5,1.1141868512110726,0.012746035509346009,0.014258895727271289,-0.0483477885159207,0.2,0.3333333333333333,0.5,0.2,0.3426640184330587,0.883019634081613,0.2
Corn,24,2024-06-10,616,5,1.1241379310344828,0.006723237646225068,0.008649695011759936,-0.6497127478003177,0.6,0.75,0.5,0.6,0.3453765787765725,1.0810975471305369,0.6
Corn,25,2024-06-17,621,4,1.1194539249146758,0.013058743144535926,0.014463350489296352,-1.0807205393685377,0.25,0.4,0.5,0.25,0.504196129047628,1.3083440675549318,0.25
Corn,26,2024-06-24,625,5,1.1258503401360545,0.014410713474951615,0.018395333567611038,-1.5886570071719608,0.0,0.0,,0.0,0.396582376726883,,1.0
Corn,27,2024-07-01,630,4,1.1428571428571428,0.005338602023446938,0.006788225370343185,-0.5002525538280158,0.5,0.6666666666666666,0.5,0.5,0.25398675430189144,0.7011849500990361,0.5
Corn,28,2024-07-08,634,5,1.1418918918918919,0.01994611472570239,0.025842946277868293,-0.03232743714164377,0.2,0.0,0.5,0.8,0.2525675486354807,0.6982824018920659,0.2
Corn,29,2024-07-15,639,5,1.13,0.015864169941259446,0.016982122582654552,-0.05086203439987358,0.6,0.75,0.5,0.6,0.24896081275825283,0.6910687281790459,0.4
Corn,30,2024-07-22,644,5,1.1254125412541254,0.015742650757388364,0.018359110533499392,-0.044062602229282266,0.8,0.8888888888888888,0.5,0.8,0.1600737538146319,0.5006281228160144,0.2
Corn,31,2024-07-29,649,5,1.1140065146579805,0.010444642564443139,0.01218450362537483,-0.194117980087676,0.4,0.5714285714285714,0.5,0.4,0.4377289154420055,1.184836237718257,0.4
Corn,32,2024-08-05,654,5,1.116504854368932,0.012215553132561558,0.012802442048087968,-1.583913977051063,0.2,0.3333333333333333,0.5,0.2,0.4566741459910645,1.1511445606759108,0.2
Corn,33,2024-08-12,659,5,1.1258064516129032,0.010567156793432978,0.011962034266571735,-0.0660467136388394,0.4,0.5714285714285714,0.5,0.4,0.3286138416320433,0.8617605142175272,0.6
Corn,34,2024-08-19,664,5,1.1282051282051282,0.010819839767003245,0.012195708659954578,-0.13015516276625294,0.6,0.0,0.5,0.4,0.2670166206653158,0.739416537645117,0.4
Corn,35,2024-08-26,669,5,1.1305732484076434,0.012279386865789702,0.01271044851554616,-0.13742272115740373,0.4,0.0,0.5,0.6,0.276744903338781,0.7473458412725676,0.6
Corn,36,2024-09-02,674,4,1.1261829652996846,0.025744775047663433,0.0348651173577104,-0.08608931510045448,0.5,0.6666666666666666,0.5,0.5,0.25029930683537316,0.6937461528552838,0.5
Corn,37,2024-09-09,678,5,1.1253918495297806,0.01903354160494118,0.03630163926793717,-0.22107650463297368,0.4,0.0,0.5,0.6,0.28474038567183274,0.7640305508083488,0.4
Corn,38,2024-09-16,683,5,1.1211180124223603,0.008616647525885767,0.010445425988880722,-0.9815741495689463,0.4,0.5714285714285714,0.5,0.4,0.27952461710692444,0.7531147967330435,0.4
Corn,39,2024-09-23,688,5,1.123456790123457,0.010145294716780297,0.013527764278932628,-0.3467496858454955,0.6,0.75,0.5,0.6,0.24744875851702092,0.6880434681732287,0.6
Corn,40,2024-09-30,693,5,1.1192660550458715,0.010476097966929202,0.010962601581500475,-0.08299560703521247,0.6,0.75,0.5,0.6,0.24578987164175956,0.684720933804827,0.6
Corn,41,2024-10-07,698,5,1.1151515151515152,0.006727530917697527,0.007550462506141284,-0.27284979442392276,0.6,0.0,0.5,0.4,0.24000334133321816,0.673018621107404,0.6
Corn,42,2024-10-14,703,5,1.1174698795180722,0.010814146325417866,0.01170648052854556,-0.20788007153661003,0.6,0.0,0.5,0.4,0.24093805093779724,0.6750038028513389,0.6
Corn,43,2024-10-21,708,5,1.1197604790419162,0.01159161366325373,0.01278200167650681,-0.15057094307570762,0.2,0.0,0.5,0.8,0.27409102111234107,0.7414239607898788,0.8
Corn,44,2024-10-28,713,5,1.1094674556213018,0.00588764655363151,0.006475846170751568,-0.01064987307646681,0.6,0.0,0.5,0.4,0.24555235286874194,0.6842447638463374,0.6
Corn,45,2024-11-04,718,5,1.111764705882353,0.008534922898881843,0.010118740817932362,-2.4656408068866007,0.0,0.0,,1.0,0.4466762609019992,,0.0
Corn,46,2024-11-11,723,5,1.0956521739130434,0.012433909151973508,0.018766260501827562,-0.023995291699701493,0.8,0.0,0.5,0.2,0.17287773851525873,0.5328999722820941,0.8
Corn,47,2024-11-18,728,5,1.1040462427745665,0.006059435473450231,0.0066391939844515245,-0.007214079567510412,0.6,0.0,0.5,0.4,0.24006808031979618,0.6731541449677404,0.6
Corn,48,2024-11-25,733,4,1.1063218390804597,0.007107763923069119,0.008369453033029536,-0.0004943650061941529,0.5,0.0,0.5,0.5,0.2500035102000915,0.6931542010094147,0.5
Corn,49,2024-12-02,737,5,1.1057142857142856,0.006300162077326287,0.008083897705864047,-0.2844157917706289,0.6,0.0,0.5,0.4,0.24909042113947394,0.6913279411250421,0.6
Corn,50,2024-12-09,742,5,1.1079545454545454,0.013021640274683308,0.01563439700337874,-0.0031187611980698637,0.4,0.0,0.5,0.6,0.26973309659914835,0.7329303114130759,0.6
Corn,51,2024-12-16,747,5,1.1042253521126761,0.009649134343249027,0.010842405394279485,-0.10888984680451586,0.4,0.0,0.5,0.6,0.29747881394223913,0.791242673455909,0.4
Corn,52,2024-12-23,752,5,1.100558659217877,0.007330928404345319,0.008211986171898734,-3.9244708871397904,0.2,0.0,0.5,0.8,0.33927238252587133,0.8757809832066105,0.2
Corn,53,2024-12-30,757,5,1.091160220994475,0.008653354283992238,0.01055753079346625,-0.007855985096219875,0.6,0.0,0.5,0.4,0.24198352196948933,0.6772674569668065,0.6
Corn,54,2025-01-06,762,5,1.0934065934065933,0.011234248501696045,0.014731319671516535,-0.41184750313676455,0.2,0.0,0.5,0.8,0.28856844652760855,0.7706556160549186,0.2
Corn,55,2025-01-13,767,5,1.0842391304347827,0.010720886536075733,0.011828169868735543,-0.13482049620751013,0.4,0.0,0.5,0.6,0.3214001585529755,0.8448501126762273,0.6
Corn,56,2025-01-20,772,4,1.0808625336927224,0.00809395797854324,0.008580816278585875,-0.01195423050555422,0.5,0.6666666666666666,0.5,0.5,0.30850241648773036,0.8264400445879688,0.5
Corn,57,2025-01-27,776,5,1.0804289544235925,0.01487426519966901,0.017028422287781588,-0.06599087526587888,0.4,0.5714285714285714,0.5,0.4,0.35191488835866735,0.9191735512452827,0.4
Corn,58,2025-02-03,781,5,1.0826666666666667,0.012349369281656997,0.014975457879062378,-0.07682940496536128,0.4,0.0,0.5,0.6,0.272478463866057,0.7385522413910779,0.4
Corn,59,2025-02-10,786,5,1.0793650793650793,0.011897018633267479,0.015200539958575187,-0.038367737429614746,0.2,0.0,0.5,0.8,0.3756660695196764,0.9552395299541493,0.8
Corn,60,2025-02-17,791,4,1.0706806282722514,0.010212857368246283,0.011656594129151442,-0.1775731912142431,0.5,0.6666666666666666,0.5,0.5,0.25573113748973597,0.704742882398177,0.5
Corn,61,2025-02-24,795,5,1.0703125,0.013281335888892595,0.016185921925906115,-2.060912495530657,1.0,0.0,,0.0,0.1335393335173909,,1.0
Corn,62,2025-03-03,800,5,1.0833333333333333,0.01388217669832006,0.01670427004906758,-0.07984682791267605,0.6,0.0,0.5,0.4,0.24446537901011967,0.6827710573521507,0.6
Corn,63,2025-03-10,805,5,1.0854922279792747,0.013862620866628844,0.01884343699552018,-0.005440648400247605,0.8,0.0,0.5,0.2,0.23508418618009513,0.6632892611784706,0.8
Corn,64,2025-03-17,810,5,1.0930232558139534,0.006135956562870049,0.0068624102375135065,-0.003930676506259445,0.6,0.75,0.5,0.6,0.24197312403703108,0.6770396615783199,0.6
Corn,65,2025-03-24,815,5,1.0897435897435896,0.010619581843350136,0.012803716113175427,-1.6947629854809185,0.2,0.3333333333333333,0.5,0.2,0.3211932316768277,0.8376851615399671,0.2
Corn,66,2025-03-31,820,5,1.0971867007672633,0.012164606931911326,0.014025037988124826,-0.04267162262988955,0.6,0.75,0.5,0.6,0.2543694387634474,0.7062129243232403,0.4
Corn,67,2025-04-07,825,5,1.0939086294416243,0.013682175854326887,0.014318309295982375,-10.50985084804214,0.0,0.0,,1.0,0.36250779380809606,,1.0
Corn,68,2025-04-14,830,4,1.0802005012531328,0.009135470363588801,0.010456362412889721,-0.06870040282147194,0.5,0.6666666666666666,0.5,0.5,0.2503762212753742,0.6939001898491414,0.5
Corn,69,2025-04-21,834,5,1.0798004987531171,0.006592766160516591,0.007517433848093041,-0.07204360232787965,0.4,0.5714285714285714,0.5,0.4,0.252033920059003,0.6972155428394762,0.6
Corn,70,2025-04-28,839,5,1.0818858560794045,0.008315342683875154,0.011422289199737036,-0.07239170879258361,0.8,0.0,0.5,0.2,0.20104574172769746,0.594094934839541,0.8
Corn,71,2025-05-05,844,5,1.0891089108910892,0.012977062016997137,0.01645388477845835,-0.8172907392586755,0.2,0.3333333333333333,0.5,0.2,0.25888881992176777,0.7109298415947902,0.2
Corn,72,2025-05-12,849,5,1.0962962962962963,0.01442349511658545,0.015220381604065738,-0.0010941329394971167,0.4,0.0,0.5,0.6,0.2624118275699381,0.7180613024732085,0.4
Corn,73,2025-05-19,854,5,1.0931372549019607,0.012229548377050734,0.01340130655938638,-1.7300254337705194,0.8,0.8888888888888888,0.5,0.8,0.18575959243812576,0.5617061646846835,0.2
Corn,74,2025-05-26,859,5,1.0849514563106797,0.012722099196317671,0.01426377267390401,-3.890350225101046,0.2,0.3333333333333333,0.5,0.2,0.3886941155387639,0.9847658900619368,0.2
Corn,75,2025-06-02,864,5,1.0920096852300243,0.005071736344089728,0.007313869773751971,-0.06987378134135502,0.4,0.5714285714285714,0.5,0.4,0.2542857676479947,0.7017232698463978,0.4
Corn,76,2025-06-09,869,5,1.0939759036144578,0.012842968910888514,0.01455458355334824,-0.3689586479357878,0.4,0.0,0.5,0.6,0.2976180833702256,0.7915448680444921,0.4
Corn,77,2025-06-16,874,5,1.0909090909090908,0.012409861008612359,0.015146183864575504,-2.0424414398714714,0.4,0.5714285714285714,0.5,0.4,0.2556338316757468,0.7044247992079838,0.4
Corn,78,2025-06-23,879,5,1.0928571428571427,0.02054753163482529,0.028158121256930787,-0.011904770431701461,0.2,0.3333333333333333,0.5,0.2,0.29660260762068236,0.7869932337792579,0.8
Corn,79,2025-06-30,884,4,1.0997624703087887,0.008749792762121992,0.015000406763049994,-0.2207661231609479,0.75,0.0,0.5,0.25,0.24642290547506507,0.6859924628411248,0.75
Corn,80,2025-07-07,888,5,1.1042654028436019,0.018039239907134002,0.023899638345215142,-0.3811905552257726,0.6,0.0,0.5,0.4,0.24099414289029158,0.6751242660892971,0.6
Corn,81,2025-07-14,893,5,1.1061320754716981,0.018039331619415937,0.027660498078717205,-0.6047654045821025,0.8,0.8888888888888888,0.5,0.8,0.1910372687920244,0.5730477116493907,0.2
Corn,82,2025-07-21,898,5,1.0981308411214954,0.005588858174877814,0.006824218557196028,-0.17689490476529146,0.8,0.0,0.5,0.2,0.20123450904284254,0.5944872878303064,0.8
Corn,83,2025-07-28,903,5,1.1048951048951048,0.014471973029252854,0.015971655075556753,-4.587329001260467,0.6,0.0,0.5,0.4,0.24388063122572817,0.6808878416914597,0.4
Corn,84,2025-08-04,908,5,1.1067285382830627,0.006881334213055918,0.00907033707331359,-0.045356172279915175,0.8,0.0,0.5,0.2,0.19295446159584956,0.5771212045056107,0.8
Corn,85,2025-08-11,913,5,1.1134259259259258,0.01214300210137774,0.017974611235354265,-0.031242547046289593,0.2,0.0,0.5,0.8,0.3213787351656845,0.8380721137716988,0.8
Corn,86,2025-08-18,918,5,1.1055045871559632,0.0075633115109469285,0.010464254066829366,-0.4250492669478203,0.6,0.75,0.5,0.6,0.24022226066244912,0.6734711206491053,0.4
Corn,87,2025-08-25,923,5,1.10250569476082,0.011711451285545647,0.016565851596967777,-0.9991895007368452,0.4,0.5714285714285714,0.5,0.4,0.33854389355152537,0.8856794343471878,0.6
Corn,88,2025-09-01,928,5,1.1043083900226758,0.017023922298685174,0.025020829239934556,-0.1769775402831646,0.4,0.5714285714285714,0.5,0.4,0.301606778413808,0.8002456217815525,0.6
Corn,89,2025-09-08,933,5,1.1060948081264108,0.021727146929396153,0.031537096072457214,-0.9034474314302929,0.6,0.75,0.5,0.6,0.24972569934654132,0.6925985778627638,0.4
Corn,90,2025-09-15,938,5,1.1031390134529149,0.0209717633909386,0.02234546460634591,-7.3912341209332,0.2,0.3333333333333333,0.5,0.2,0.2775733970079365,0.7484343725505436,0.2
Corn,91,2025-09-22,943,5,1.109619686800895,0.008839319890661116,0.010722516265732826,-1.8857598912974067,0.4,0.5714285714285714,0.5,0.4,0.2623648806603661,0.7179664744544269,0.4
Corn,92,2025-09-29,948,5,1.111358574610245,0.007505850556295388,0.009669385239657489,-0.7400749123843269,0.6,0.75,0.5,0.6,0.24636035174245663,0.6870801169098775,0.6
Corn,93,2025-10-06,953,5,1.1084070796460177,0.008788231130942537,0.01077362885301631,-0.9065005168626712,0.4,0.5714285714285714,0.5,0.4,0.2829533428218042,0.7602767214615153,0.4
Corn,94,2025-10-13,958,5,1.1101321585903083,0.009104722401997622,0.010280300273947642,-2.1615789381569965,0.2,0.0,0.5,0.8,0.2795996747767141,0.7525190963022524,0.2
Corn,95,2025-10-20,963,5,1.1026200873362446,0.008937385279482835,0.010249036275837462,-1.5079148910034075,0.4,0.0,0.5,0.6,0.27782753350640493,0.7495888020894517,0.4
Corn,96,2025-10-27,968,5,1.0997830802603037,0.008591074974266005,0.00880948673694513,-0.7371083210379796,0.2,0.0,0.5,0.8,0.25443872360412173,0.7020252639556734,0.2
Corn,97,2025-11-03,973,5,1.09247311827957,0.007990805050810783,0.00883480754080686,-0.0015173865233724104,0.6,0.0,0.5,0.4,0.3139198052158137,0.9041820906907461,0.6
Corn,98,2025-11-10,978,5,1.094218415417559,0.01077850656755262,0.011488774229490642,-7.3456114718771275,0.0,0.0,,1.0,0.5278126059959085,,0.0
Corn,99,2025-11-17,983,5,1.0826271186440677,0.0072718336474182094,0.009153232976750905,-0.10860571629915916,0.6,0.75,0.5,0.6,0.24554013911612457,0.6842202429293449,0.6
Corn,100,2025-11-24,988,5,1.08,0.006946039012557722,0.009639144217978502,-0.9952002283573549,0.4,0.0,0.5,0.6,0.3949597779907802,1.039352314215003,0.4
Corn,101,2025-12-01,993,3,1.0774058577405858,0.011604671382012292,0.013645887899011768,-1.0715590661988097,0.3333333333333333,0.5,0.5,0.3333333333333333,0.3709103258360263,0.9561063155618129,0.3333333333333333
