commodity,fold,test_week,train_size,test_size,best_alpha_reg,best_C_clf,mae,rmse,r2,accuracy,f1,roc_auc,pr_auc,dir_hit_from_reg
Brent,1,2024-01-01,271,4,100.0,100.0,0.018189908967699852,0.019626123020523342,-0.008961925211870225,0.5,0.0,0.5,0.5,0.5
Brent,2,2024-01-08,275,5,100.0,100.0,0.016290030394689656,0.01835808558055113,-0.031395251672026614,0.6,0.0,0.6666666666666667,0.5,0.4
Brent,3,2024-01-15,280,4,100.0,10.0,0.05247123222776696,0.05278675466078744,-82.90051426314821,0.5,0.6666666666666666,0.5,0.5,0.5
Brent,4,2024-01-22,284,5,100.0,1.0,0.02192481048872725,0.024031042272654533,-4.966205708604366,0.2,0.0,0.375,0.7625,0.2
Brent,5,2024-01-29,289,5,100.0,10.0,0.01617907004792353,0.018245494068104644,-3.585821350271538,0.8,0.0,0.5,0.2,0.2
Brent,6,2024-02-05,294,5,100.0,0.01,0.021610706647656852,0.023825080590317307,-4.641826640065638,0.0,0.0,,1.0,0.0
Brent,7,2024-02-12,299,5,100.0,10.0,0.010160775305785305,0.011057776828925203,-0.2822847237798767,0.2,0.0,0.5,0.8,0.2
Brent,8,2024-02-19,304,4,100.0,0.01,0.01036687864153964,0.011803104960464009,-0.058887059946110876,0.5,0.6666666666666666,0.5,0.5,0.5
Brent,9,2024-02-26,308,5,100.0,0.01,0.014273938660100854,0.015333263033124822,-0.26668131941205653,0.8,0.8888888888888888,0.5,0.8,0.2
Brent,10,2024-03-04,313,5,100.0,10.0,0.009655040203791368,0.01021997751163078,-0.024001800531251227,0.6,0.0,0.5,0.4,0.6
Brent,11,2024-03-11,318,5,100.0,10.0,0.010698074301733028,0.012862196773006634,-2.2446524269785844,0.2,0.0,0.625,0.8500000000000001,0.2
Brent,12,2024-03-18,323,5,100.0,10.0,0.00849583772413979,0.010260924546287745,-0.03528325234220375,0.6,0.75,0.5,0.6,0.6
Brent,13,2024-03-25,328,4,100.0,10.0,0.010164850929184465,0.010979343683748557,-0.7592169881218029,0.25,0.0,0.5,0.75,0.25
Brent,14,2024-04-01,332,5,100.0,10.0,0.010778021316786745,0.011923099733536842,-0.7250514009615752,0.8,0.8888888888888888,0.5,0.8,0.2
Brent,15,2024-04-08,337,5,100.0,0.01,0.006178359021825374,0.007676493914579881,-0.05328983319871572,0.6,0.75,0.5,0.6,0.4
Brent,16,2024-04-15,342,5,100.0,0.01,0.007740260938848975,0.01251943903601093,-0.23906247462832075,0.4,0.5714285714285714,0.5,0.4,0.6
Brent,17,2024-04-22,347,5,100.0,0.01,0.008173626604543996,0.010358759315654024,-1.190499772481338,0.8,0.8888888888888888,0.5,0.8,0.2
Brent,18,2024-04-29,352,5,100.0,1.0,0.014031432398112364,0.01661652054855953,-1.0040067121193257,0.2,0.3333333333333333,0.375,0.2,0.8
Brent,19,2024-05-06,357,5,100.0,0.01,0.009517221839243981,0.010308194656228911,-0.007666530882708411,0.6,0.75,0.5,0.6,0.4
Brent,20,2024-05-13,362,5,100.0,100.0,0.006050429120977564,0.006786952480603244,-0.11159470248404646,0.8,0.8888888888888888,0.625,0.8500000000000001,0.8
Brent,21,2024-05-20,367,5,100.0,100.0,0.009273925845985308,0.010615012169025266,-1.0066900853642076,0.2,0.3333333333333333,0.0,0.2,0.2
Brent,22,2024-05-27,372,4,100.0,0.1,0.017555742205914326,0.019571613021951966,-0.017254821059345282,0.25,0.4,0.5,0.25,0.75
Brent,23,2024-06-03,376,5,100.0,100.0,0.018348974492966887,0.021156093677385107,-0.004911597363145281,0.4,0.5714285714285714,0.6666666666666667,0.5,0.6
Brent,24,2024-06-10,381,5,100.0,0.1,0.00899448234690146,0.014062627662872872,-0.26836120159801546,0.8,0.8888888888888888,0.5,0.8,0.8
Brent,25,2024-06-17,386,4,100.0,0.01,0.011209521033040962,0.01319170007325746,-0.6160148895278792,0.75,0.8571428571428571,0.5,0.75,0.25
Brent,26,2024-06-24,390,5,100.0,0.01,0.01234984442569794,0.01460739376205636,-0.08989365909129976,0.6,0.75,0.5,0.6,0.6
Brent,27,2024-07-01,395,4,100.0,0.01,0.008097379410963902,0.010699459943526106,-0.23204855198696528,0.5,0.6666666666666666,0.5,0.5,0.5
Brent,28,2024-07-08,399,5,100.0,0.01,0.006590017201694223,0.007226215330702136,-0.2696249969640627,0.4,0.5714285714285714,0.5,0.4,0.6
Brent,29,2024-07-15,404,5,100.0,0.01,0.013137874657696247,0.015105034136533324,-0.34787994715301784,0.2,0.3333333333333333,0.5,0.2,0.2
Brent,30,2024-07-22,409,5,100.0,0.01,0.009011933008524913,0.010458483482658204,-0.1674360614871333,0.6,0.0,0.5,0.4,0.6
Brent,31,2024-07-29,414,5,100.0,0.01,0.020462526295091026,0.022606470852388844,-0.1325079004770391,0.8,0.0,0.5,0.2,0.8
Brent,32,2024-08-05,419,5,100.0,0.01,0.012404099591517002,0.01585497132411252,-0.24424922770009205,0.4,0.0,0.5,0.6,0.4
Brent,33,2024-08-12,424,5,100.0,0.01,0.017497035021520183,0.018475187918476195,-0.10803021864544138,0.4,0.5714285714285714,0.33333333333333337,0.4,0.4
Brent,34,2024-08-19,429,5,100.0,0.01,0.018395740445185733,0.0201032961175202,-0.15427650442092244,0.4,0.5714285714285714,0.5,0.4,0.4
Brent,35,2024-08-26,434,5,100.0,0.01,0.022596498859331772,0.02450579201617754,-0.27362320279201446,0.4,0.5714285714285714,0.5,0.4,0.4
Brent,36,2024-09-02,439,4,100.0,0.01,0.018588219766428615,0.02280756931337685,-0.9489218935848325,0.75,0.0,0.5,0.25,0.75
Brent,37,2024-09-09,443,5,100.0,0.01,0.01597739662749675,0.018946306626603845,-0.010067884841781227,0.4,0.0,0.5,0.6,0.4
Brent,38,2024-09-16,448,5,100.0,0.01,0.013489780947560783,0.016533246086415418,-0.656698866379456,0.4,0.0,0.5,0.6,0.4
Brent,39,2024-09-23,453,5,100.0,0.01,0.015456553892113964,0.017583440860768428,-0.12586781723891183,0.6,0.0,0.5,0.4,0.6
Brent,40,2024-09-30,458,5,100.0,0.01,0.017538399538281922,0.02491241335189975,-0.9826298685435819,1.0,1.0,,1.0,0.0
Brent,41,2024-10-07,463,5,100.0,1.0,0.027416877071260726,0.03110158740995099,-0.00011792934215715256,0.4,0.5714285714285714,0.5,0.4,0.4
Brent,42,2024-10-14,468,5,100.0,0.01,0.018900312687589092,0.02487572602400698,-1.365631628501344,0.2,0.3333333333333333,0.5,0.2,0.2
Brent,43,2024-10-21,473,5,100.0,0.01,0.01131535499676078,0.012183978008152973,-0.016570955155169154,0.6,0.0,0.5,0.4,0.4
Brent,44,2024-10-28,478,5,100.0,0.01,0.015419231351381018,0.01796329119743241,-0.031003643252080382,0.6,0.0,0.5,0.4,0.6
Brent,45,2024-11-04,483,5,100.0,0.01,0.011282933350640692,0.014419926341526184,-0.010805450056097232,0.4,0.0,0.5,0.6,0.6
Brent,46,2024-11-11,488,5,100.0,0.01,0.011632999959582982,0.013326989866207872,-0.07120358357477863,0.6,0.0,0.33333333333333337,0.4,0.6
Brent,47,2024-11-18,493,5,100.0,0.01,0.015389292247349579,0.019585697354081277,-1.6136238092188098,0.2,0.0,0.5,0.8,0.2
Brent,48,2024-11-25,498,4,100.0,0.01,0.010439416580378596,0.014385782094567156,-0.6271426651733798,1.0,0.0,,0.0,1.0
Brent,49,2024-12-02,502,5,100.0,100.0,0.013098277609996562,0.016206177792404658,-0.002178705603494091,0.6,0.0,0.33333333333333337,0.4,0.6
Brent,50,2024-12-09,507,5,100.0,0.01,0.009342036106225918,0.011161737121210697,-0.6432464717870907,0.8,0.8888888888888888,0.5,0.8,0.8
Brent,51,2024-12-16,512,5,100.0,10.0,0.0065832869983682984,0.007518590910147157,-3.285911604184517,0.2,0.3333333333333333,0.0,0.2,0.2
Brent,52,2024-12-23,517,4,100.0,10.0,0.010013238389319043,0.011622841513016227,-0.4662342343767798,0.75,0.8571428571428571,0.5,0.75,0.25
Brent,53,2024-12-30,521,4,100.0,100.0,0.012050789156044892,0.013357314339780362,-4.374626111418154,0.25,0.0,0.5,0.75,0.25
Brent,54,2025-01-06,525,5,100.0,100.0,0.014270864841468228,0.017774577231009482,-0.3382504195478715,0.6,0.75,0.5,0.6,0.6
Brent,55,2025-01-13,530,5,100.0,100.0,0.014885334926298777,0.015471513241956558,-0.02213871262895828,0.4,0.5714285714285714,0.33333333333333337,0.4,0.4
Brent,56,2025-01-20,535,4,100.0,100.0,0.01482002927782801,0.01731035058956379,-1.600767664247424,0.75,0.0,0.5,0.25,0.25
Brent,57,2025-01-27,539,5,100.0,100.0,0.00991753672667001,0.01268495346584612,-0.9011421584005981,0.4,0.5714285714285714,0.33333333333333337,0.4,0.4
Brent,58,2025-02-03,544,5,100.0,100.0,0.010413408062474046,0.011677672485232781,-0.13628408227996291,0.6,0.0,0.75,0.7,0.6
Brent,59,2025-02-10,549,5,100.0,100.0,0.013015565307442611,0.016420611716637907,-0.14778263512372813,0.4,0.0,0.5,0.6,0.6
Brent,60,2025-02-17,554,4,100.0,100.0,0.015368725478893763,0.01954191913757438,-0.010930217309049528,0.25,0.0,0.5,0.75,0.25
Brent,61,2025-02-24,558,5,100.0,100.0,0.013698746801457324,0.015051248028127196,-0.10269373798251524,0.6,0.0,0.5,0.4,0.4
Brent,62,2025-03-03,563,5,100.0,100.0,0.013266263752752121,0.016216505978002133,-0.23834504594622996,0.2,0.3333333333333333,0.0,0.2,0.8
Brent,63,2025-03-10,568,5,100.0,100.0,0.01090514508988415,0.012634366124341987,-0.06751753623327783,0.6,0.75,0.5,0.6,0.6
Brent,64,2025-03-17,573,5,100.0,100.0,0.009996864188721852,0.012334219923101087,-0.8826531303211609,0.4,0.0,0.25,0.6,0.4
Brent,65,2025-03-24,578,5,100.0,10.0,0.009278599842012947,0.010676326536813137,-0.9461011808704316,0.2,0.0,1.0,1.0,0.2
Brent,66,2025-03-31,583,5,100.0,10.0,0.032583444623788635,0.04287878422167863,-0.6360514849198577,0.2,0.3333333333333333,0.5,0.2,0.2
Brent,67,2025-04-07,588,5,100.0,10.0,0.03496805908821683,0.04119535505802815,-0.004162779746972323,0.4,0.5714285714285714,0.5,0.4,0.6
Brent,68,2025-04-14,593,4,100.0,10.0,0.012130282893628844,0.01676691095946436,-1.0982062917542161,0.25,0.0,0.5,0.75,0.25
Brent,69,2025-04-21,597,5,100.0,10.0,0.014621256306477644,0.015798185074845157,-0.006217756592071577,0.4,0.0,0.5,0.6,0.4
Brent,70,2025-04-28,602,5,100.0,100.0,0.028086794450198953,0.029632267487806715,-1.3809167903127508,0.2,0.3333333333333333,0.5,0.2,0.8
Brent,71,2025-05-05,607,5,100.0,100.0,0.025676136372326908,0.02787472818082035,-1.1195554205323432,0.8,0.8888888888888888,0.5,0.8,0.2
Brent,72,2025-05-12,612,5,100.0,100.0,0.015707174821433485,0.01719441419068,-0.2387201589215191,0.4,0.0,0.5,0.6,0.4
Brent,73,2025-05-19,617,5,100.0,100.0,0.009167181796186707,0.010655677571943469,-0.0009647976716276041,0.4,0.0,0.5,0.6,0.4
Brent,74,2025-05-26,622,4,100.0,100.0,0.013402354515253912,0.014542994244838823,-0.07972932801644173,0.75,0.0,0.5,0.25,0.75
Brent,75,2025-06-02,626,5,100.0,100.0,0.015760914307034725,0.01856231391260838,-0.6767349922049704,0.8,0.8888888888888888,0.5,0.8,0.2
Brent,76,2025-06-09,631,5,100.0,100.0,0.03290863993677433,0.04832359786573732,-0.6581331239133354,0.4,0.0,0.3333333333333333,0.5333333333333333,0.4
Brent,77,2025-06-16,636,4,100.0,100.0,0.04392441204911715,0.04626677857152124,-0.003192428355329513,0.5,0.6666666666666666,0.5,0.5,0.5
Brent,78,2025-06-23,640,5,100.0,100.0,0.03454732880980407,0.05689417035858326,-0.44688910580126184,0.8,0.0,0.5,0.2,0.8
Brent,79,2025-06-30,645,5,100.0,100.0,0.013150165708767477,0.015362843291051899,-0.0021380961158776746,0.6,0.0,0.5,0.4,0.4
Brent,80,2025-07-07,650,5,100.0,100.0,0.019567650199643898,0.022186391897809504,-0.9483688837471207,0.2,0.0,0.375,0.7625,0.2
Brent,81,2025-07-14,655,5,100.0,100.0,0.012739875695804505,0.014725911670539146,-0.9735188296295993,0.2,0.3333333333333333,0.375,0.2,0.2
Brent,82,2025-07-21,660,5,100.0,100.0,0.0048200223004091405,0.00628188329124224,-0.0018473743879974247,0.8,0.0,0.375,0.2,0.8
Brent,83,2025-07-28,665,5,100.0,0.01,0.026088486086635315,0.028038047412373337,-0.0005194990895664997,0.4,0.0,0.5,0.6,0.6
Brent,84,2025-08-04,670,5,100.0,0.01,0.0054308212888676665,0.007070834346830412,-1.0811959892610203,1.0,0.0,,0.0,1.0
Brent,85,2025-08-11,675,5,100.0,0.01,0.010241686411874241,0.010918668293134997,-0.034641812248005444,0.6,0.0,0.33333333333333337,0.4,0.4
Brent,86,2025-08-18,680,5,100.0,0.01,0.008766564779440888,0.00961616399873844,-0.2809454211626603,0.8,0.8888888888888888,0.5,0.8,0.8
Brent,87,2025-08-25,685,5,100.0,0.01,0.012873767651287024,0.013496225970760988,-0.004621242010393933,0.4,0.0,0.5,0.6,0.4
Brent,88,2025-09-01,690,4,100.0,0.01,0.014880914891431136,0.018078619211772454,-0.00012655432591102134,0.75,0.0,0.5,0.25,0.75
Brent,89,2025-09-08,694,5,100.0,0.01,0.010265068078803577,0.014397946140459627,-0.3093869900036319,0.8,0.8888888888888888,0.5,0.8,0.8
Brent,90,2025-09-15,699,5,100.0,0.01,0.008958335982360182,0.009715979361081706,-0.1151877200329312,0.4,0.5714285714285714,0.5,0.4,0.4
Brent,91,2025-09-22,704,5,100.0,0.01,0.01104970969271438,0.014185316302267185,-1.3358087982243005,0.4,0.0,0.5,0.6,0.4
Brent,92,2025-09-29,709,5,100.0,0.01,0.017610354795694276,0.019214508384116893,-1.4316912482426631,0.8,0.0,0.5,0.2,0.2
Brent,93,2025-10-06,714,5,100.0,1.0,0.014813165477022869,0.018932188009776477,-0.08221562126059889,0.4,0.0,0.25,0.6,0.4
Brent,94,2025-10-13,719,5,100.0,0.01,0.011956252983131814,0.014110007592714734,-0.09724962563895789,0.4,0.0,0.3333333333333333,0.5333333333333333,0.6
Brent,95,2025-10-20,724,5,100.0,0.1,0.014962464894410596,0.01935776046214169,-0.2810091817593363,0.8,0.8888888888888888,0.5,0.8,0.8
Brent,96,2025-10-27,729,5,100.0,0.1,0.007840432918342714,0.009402060967839581,-0.002318137197407699,0.6,0.0,0.75,0.7,0.6
Brent,97,2025-11-03,734,5,100.0,0.1,0.004839549473205232,0.0059563468102023865,-0.5714111814960112,0.6,0.0,0.5,0.4,0.6
Brent,98,2025-11-10,739,5,100.0,0.1,0.018352493538946833,0.021395319854537145,-0.02609214327592113,0.2,0.0,0.5,0.8,0.2
Brent,99,2025-11-17,744,5,100.0,0.1,0.008650494460149701,0.010104276326316922,-0.07926443988788878,0.2,0.3333333333333333,0.5,0.2,0.8
Brent,100,2025-11-24,749,1,100.0,0.01,0.006138202009081502,0.006138202009081502,,1.0,0.0,,0.0,1.0
Henry_Hub,1,2024-01-01,271,4,100.0,100.0,0.049288690671751,0.05559876128742756,-3.670597871080126,0.25,0.0,0.5,0.75,0.25
Henry_Hub,2,2024-01-08,275,5,100.0,10.0,0.033326407605738594,0.043306840902561684,-0.2283322838138655,0.4,0.5714285714285714,0.5,0.4,0.6
Henry_Hub,3,2024-01-15,280,4,100.0,100.0,0.06452452110586782,0.07245462551808997,-0.9365500904869801,0.25,0.4,0.5,0.25,0.75
Henry_Hub,4,2024-01-22,284,5,100.0,100.0,0.028123327740968672,0.03391723389814471,-0.1400141226321301,0.8,0.8888888888888888,0.5,0.8,0.8
Henry_Hub,5,2024-01-29,289,5,100.0,100.0,0.0707861112578065,0.12417309041297536,-0.2718263473894702,0.4,0.0,0.3333333333333333,0.5333333333333333,0.6
Henry_Hub,6,2024-02-05,294,5,100.0,100.0,0.021739458694245314,0.02455211896049957,-3.6297623533046997,0.0,0.0,,0.0,1.0
Henry_Hub,7,2024-02-12,299,5,100.0,100.0,0.020505477164389073,0.02359289063039756,-3.088321111833455,1.0,0.0,,0.0,1.0
Henry_Hub,8,2024-02-19,304,4,100.0,100.0,0.05591798374416929,0.07172296861896665,-0.32722611840287996,0.5,0.0,0.5,0.5,0.5
Henry_Hub,9,2024-02-26,308,5,100.0,100.0,0.039830615155451506,0.05914079020762676,-0.5928956036922648,0.4,0.0,0.6666666666666666,0.7333333333333334,0.4
Henry_Hub,10,2024-03-04,313,5,100.0,100.0,0.026463033597754315,0.03456421526892608,-0.005845658017969324,0.4,0.0,0.3333333333333333,0.5333333333333333,0.4
Henry_Hub,11,2024-03-11,318,5,100.0,100.0,0.03384051074487275,0.035455803584818,-0.15228047389185906,0.8,0.0,0.375,0.2,0.8
Henry_Hub,12,2024-03-18,323,5,100.0,1.0,0.017043377680680687,0.018501426886860062,-0.01609832335561001,0.4,0.5714285714285714,0.5,0.4,0.6
Henry_Hub,13,2024-03-25,328,4,10.0,10.0,0.05096682515424251,0.06148072849063698,-0.07940076394287154,0.5,0.0,0.5,0.5,0.5
Henry_Hub,14,2024-04-01,332,5,10.0,10.0,0.020665348694138684,0.02646303072301929,-0.009303763411139254,0.4,0.5714285714285714,0.33333333333333337,0.4,0.4
Henry_Hub,15,2024-04-08,337,5,10.0,100.0,0.02740957927361713,0.035238474468886,-0.06771498387400032,0.6,0.75,0.5,0.6,0.6
Henry_Hub,16,2024-04-15,342,5,10.0,100.0,0.0206757950197115,0.024360518135473484,-1.2071720792761198e-05,0.4,0.0,0.6666666666666666,0.7333333333333334,0.4
Henry_Hub,17,2024-04-22,347,5,100.0,100.0,0.06569421229532021,0.09098636921697084,-0.017773819596531792,0.6,0.75,0.6666666666666666,0.7333333333333334,0.6
Henry_Hub,18,2024-04-29,352,5,100.0,100.0,0.04207811041101643,0.04629205985875156,-0.016430236000857912,0.6,0.75,0.6666666666666666,0.7333333333333334,0.6
Henry_Hub,19,2024-05-06,357,5,100.0,1.0,0.022446711619832756,0.027746724606445564,-0.014077573912982144,0.4,0.0,0.5,0.6,0.6
Henry_Hub,20,2024-05-13,362,5,100.0,0.01,0.031145236335504072,0.03483018294966654,-0.9415378407767396,0.8,0.8888888888888888,0.5,0.8,0.8
Henry_Hub,21,2024-05-20,367,5,100.0,0.01,0.043893404045935905,0.047297143943569826,-0.17119794854234338,0.4,0.5714285714285714,0.5,0.4,0.4
Henry_Hub,22,2024-05-27,372,4,100.0,100.0,0.022805478720543254,0.028693164443148768,-0.013870829404275087,0.25,0.0,0.5,0.75,0.75
Henry_Hub,23,2024-06-03,376,5,100.0,10.0,0.04164089639615652,0.04550486173521501,-0.12449282384511506,0.8,0.8888888888888888,0.625,0.8500000000000001,0.8
Henry_Hub,24,2024-06-10,381,5,100.0,0.01,0.03606924167914479,0.038464162988008026,-0.5103304353244111,0.4,0.5714285714285714,0.5,0.4,0.4
Henry_Hub,25,2024-06-17,386,4,100.0,1.0,0.04463350007580545,0.04788479906200287,-0.47287534586700253,0.25,0.4,0.5,0.25,0.25
Henry_Hub,26,2024-06-24,390,5,100.0,0.01,0.03427269453139005,0.03801851295271974,-0.24443978810013012,0.2,0.3333333333333333,0.375,0.2,0.2
Henry_Hub,27,2024-07-01,395,4,100.0,0.01,0.04150090481289819,0.04733407622725738,-3.3237349051101317,0.0,0.0,,0.0,0.0
Henry_Hub,28,2024-07-08,399,5,100.0,10.0,0.029462869367560495,0.030919584610006625,-0.6830448556879436,0.4,0.5714285714285714,0.75,0.7,0.4
Henry_Hub,29,2024-07-15,404,5,100.0,0.1,0.03188859604574252,0.044183206869346396,-0.7855553546680776,0.6,0.75,0.5,0.6,0.6
Henry_Hub,30,2024-07-22,409,5,100.0,0.1,0.03777773811460984,0.04075311987514417,-0.13430016189403693,0.8,0.0,0.625,0.25,0.2
Henry_Hub,31,2024-07-29,414,5,100.0,1.0,0.02397136663255607,0.027614603802207052,-0.07676526382956705,0.6,0.0,0.33333333333333337,0.4,0.6
Henry_Hub,32,2024-08-05,419,5,100.0,1.0,0.025965705615573494,0.029009255149287875,-4.02953521613599,0.0,0.0,,1.0,0.0
Henry_Hub,33,2024-08-12,424,5,100.0,0.1,0.016043257397212626,0.02209803375046314,-0.024552743225133344,0.6,0.0,0.5,0.4,0.6
Henry_Hub,34,2024-08-19,429,5,100.0,0.1,0.03347027859871985,0.039488201941964625,-0.08491642834886703,0.8,0.0,0.5,0.2,0.8
Henry_Hub,35,2024-08-26,434,5,100.0,0.01,0.02997332503435775,0.04164505998420771,-0.10489118971143285,0.4,0.0,0.5,0.6,0.6
Henry_Hub,36,2024-09-02,439,4,100.0,0.1,0.031002577926717376,0.033777410356136815,-0.03913342779005324,0.5,0.0,0.5,0.5,0.5
Henry_Hub,37,2024-09-09,443,5,100.0,0.01,0.030037891480828787,0.030897423622218163,-0.0032892346133173156,0.4,0.0,0.5,0.6,0.6
Henry_Hub,38,2024-09-16,448,5,100.0,100.0,0.030355492774553648,0.03161900643128899,-0.07913714312924958,0.6,0.75,0.3333333333333333,0.5333333333333333,0.6
Henry_Hub,39,2024-09-23,453,5,100.0,100.0,0.04008042253466178,0.04405814308415061,-1.1136441292534665,0.8,0.8888888888888888,0.625,0.8500000000000001,0.8
Henry_Hub,40,2024-09-30,458,5,100.0,100.0,0.018053205655483698,0.02328146989971916,-0.000189297346397721,0.4,0.0,0.75,0.75,0.4
Henry_Hub,41,2024-10-07,463,5,100.0,100.0,0.017314680316757793,0.01914588676350273,-0.27750519743620705,0.8,0.0,0.625,0.25,0.8
Henry_Hub,42,2024-10-14,468,5,100.0,100.0,0.03485236866586776,0.041874301847467287,-1.9982785667667757,0.2,0.3333333333333333,0.5,0.2,0.2
Henry_Hub,43,2024-10-21,473,5,100.0,100.0,0.040043573253558576,0.04614951943002945,-0.6465432749523243,0.4,0.0,0.25,0.6,0.4
Henry_Hub,44,2024-10-28,478,5,100.0,100.0,0.10449429733275498,0.1263794424909891,-0.005537930602355301,0.2,0.3333333333333333,0.5,0.2,0.2
Henry_Hub,45,2024-11-04,483,5,100.0,100.0,0.03344580204389645,0.043096768419749194,-0.07100731578729991,0.4,0.0,0.3333333333333333,0.5333333333333333,0.6
Henry_Hub,46,2024-11-11,488,5,100.0,100.0,0.04467875564469063,0.05103775838892056,-0.004691136962126974,0.6,0.75,0.6666666666666666,0.7333333333333334,0.6
Henry_Hub,47,2024-11-18,493,5,100.0,100.0,0.02863687939780505,0.0401541768786007,-0.3525721882055679,0.2,0.0,1.0,1.0,0.8
Henry_Hub,48,2024-11-25,498,4,100.0,0.01,0.034542131384389205,0.047412773114269835,-0.11496107831532432,0.5,0.6666666666666666,0.5,0.5,0.5
Henry_Hub,49,2024-12-02,502,5,100.0,0.1,0.024173480501441774,0.03357256624938464,-0.0012778339633396918,0.4,0.0,0.5,0.6,0.6
Henry_Hub,50,2024-12-09,507,5,100.0,0.1,0.03537339367683856,0.043784251831486966,-0.013444999169270888,0.6,0.75,0.75,0.75,0.6
Henry_Hub,51,2024-12-16,512,5,100.0,0.01,0.03557825553144459,0.043573117209717266,-2.000321921400159,1.0,1.0,,1.0,1.0
Henry_Hub,52,2024-12-23,517,4,100.0,0.1,0.04976818750681857,0.05501346460869769,-0.06573179966461584,0.75,0.0,0.5,0.25,0.75
Henry_Hub,53,2024-12-30,521,4,100.0,0.1,0.04308578518788422,0.05154229954151626,-0.0464307940342743,0.5,0.6666666666666666,0.5,0.5,0.5
Henry_Hub,54,2025-01-06,525,5,100.0,0.01,0.0884075935309239,0.10456814600008707,-0.9288891376824875,0.2,0.0,0.625,0.8500000000000001,0.2
Henry_Hub,55,2025-01-13,530,5,100.0,0.1,0.0612720909835718,0.07122570292870332,-0.09442406970681216,0.4,0.0,0.5,0.6,0.4
Henry_Hub,56,2025-01-20,535,4,100.0,0.1,0.025775508554612882,0.03760286105131134,-0.16411576841739883,0.25,0.4,0.5,0.25,0.75
Henry_Hub,57,2025-01-27,539,5,100.0,0.1,0.04938831338336759,0.056899894866371994,-0.3740209708375284,0.2,0.3333333333333333,0.5,0.2,0.8
Henry_Hub,58,2025-02-03,544,5,100.0,0.01,0.028040711239437837,0.03076208991338469,-0.6985956486091991,0.2,0.0,0.5,0.8,0.2
Henry_Hub,59,2025-02-10,549,5,100.0,0.01,0.020137684867488258,0.022314182547909883,-2.6890828604120776,0.2,0.0,1.0,1.0,0.2
Henry_Hub,60,2025-02-17,554,4,100.0,0.01,0.06683126621989487,0.0741775421107497,-0.20594274786142686,0.5,0.0,0.5,0.5,0.5
Henry_Hub,61,2025-02-24,558,5,100.0,0.01,0.026753802442564485,0.030354876346030308,-0.16320529880436618,0.8,0.0,0.5,0.2,0.8
Henry_Hub,62,2025-03-03,563,5,100.0,0.01,0.045378711769100404,0.05127966526848152,-0.34260110259125276,0.2,0.0,0.375,0.7625,0.8
Henry_Hub,63,2025-03-10,568,5,100.0,0.01,0.026874102109940918,0.03884148091306279,-0.3818763923216153,0.6,0.0,0.5,0.4,0.4
Henry_Hub,64,2025-03-17,573,5,100.0,0.01,0.03296517272504848,0.03762737549470411,-0.20991834252178432,0.4,0.5714285714285714,0.5,0.4,0.4
Henry_Hub,65,2025-03-24,578,5,100.0,0.01,0.01868182772572003,0.027800152377665168,-0.11269170813406704,0.6,0.75,0.5,0.6,0.6
Henry_Hub,66,2025-03-31,583,5,100.0,0.01,0.03397017054154046,0.04069454168652836,-0.11154716211034943,0.6,0.0,0.5,0.4,0.6
Henry_Hub,67,2025-04-07,588,5,100.0,0.01,0.045174657266094716,0.051259959685172496,-0.09161471256182718,0.8,0.0,0.625,0.25,0.8
Henry_Hub,68,2025-04-14,593,4,100.0,0.01,0.03480994967054468,0.0374534323905601,-6.343252968682053,0.0,0.0,,0.0,0.0
Henry_Hub,69,2025-04-21,597,5,100.0,0.01,0.024608244735755312,0.028930548772321558,-2.6168412796645226,1.0,0.0,,0.0,0.0
Henry_Hub,70,2025-04-28,602,5,100.0,0.01,0.04871395692617779,0.06759778583644267,-0.7163900272734081,0.2,0.0,0.5,0.8,0.8
Henry_Hub,71,2025-05-05,607,5,100.0,0.01,0.027341085094120077,0.030819094946407295,-0.035795414806945036,0.6,0.0,0.5,0.4,0.6
Henry_Hub,72,2025-05-12,612,5,100.0,0.1,0.02438751270938363,0.026067413073151472,-7.016942563195524,1.0,0.0,,0.0,1.0
Henry_Hub,73,2025-05-19,617,5,100.0,1.0,0.044811196930695976,0.050986870095104886,-0.009377473898085853,0.4,0.5714285714285714,0.5,0.4,0.4
Henry_Hub,74,2025-05-26,622,4,100.0,1.0,0.01392161768068716,0.01766437787136023,-0.006558854686212534,0.5,0.0,0.5,0.5,0.5
Henry_Hub,75,2025-06-02,626,5,100.0,1.0,0.025065950246874764,0.030030897272544748,-0.0024849660358710057,0.4,0.5714285714285714,0.25,0.325,0.4
Henry_Hub,76,2025-06-09,631,5,100.0,1.0,0.034464360452582096,0.03772426570773653,-1.0342877657006841,0.4,0.5714285714285714,0.75,0.7,0.4
Henry_Hub,77,2025-06-16,636,4,100.0,1.0,0.023505392247196166,0.02747493148596878,-1.752716373947154,0.25,0.0,0.5,0.75,0.25
Henry_Hub,78,2025-06-23,640,5,100.0,1.0,0.050781002892514714,0.05285904371143169,-0.12881276885217408,0.4,0.5714285714285714,0.5,0.4,0.4
Henry_Hub,79,2025-06-30,645,5,100.0,1.0,0.03515852816467755,0.04330841689997561,-0.705420394806362,0.8,0.0,0.5,0.2,0.2
Henry_Hub,80,2025-07-07,650,5,100.0,1.0,0.02652943412013937,0.031044654384774086,-0.0019267520959171947,0.4,0.0,0.5,0.6,0.6
Henry_Hub,81,2025-07-14,655,5,100.0,1.0,0.01461720099812693,0.015427718410636525,-0.18680885368391875,0.4,0.0,0.75,0.75,0.4
Henry_Hub,82,2025-07-21,660,5,100.0,10.0,0.024791548610426147,0.030950115760480713,-0.4766967000907216,0.8,0.0,0.625,0.25,0.8
Henry_Hub,83,2025-07-28,665,5,100.0,100.0,0.02783599863630435,0.03103730207269695,-0.00011063533095412303,0.6,0.0,0.6666666666666667,0.5,0.6
Henry_Hub,84,2025-08-04,670,5,100.0,1.0,0.03089165373257895,0.03617669857189227,-0.037428519673186944,0.6,0.0,0.6666666666666667,0.5,0.6
Henry_Hub,85,2025-08-11,675,5,100.0,1.0,0.028643704986521284,0.033940686611928665,-0.011780265014566194,0.2,0.0,0.5,0.8,0.2
Henry_Hub,86,2025-08-18,680,5,100.0,1.0,0.02925218160593591,0.04111936714959081,-0.4783622805788059,0.6,0.75,0.5,0.6,0.6
Henry_Hub,87,2025-08-25,685,5,100.0,1.0,0.022891917619974483,0.027148023970056768,-1.0432754506239097,0.2,0.0,0.5,0.8,0.8
Henry_Hub,88,2025-09-01,690,4,100.0,1.0,0.021530725184149394,0.02396426302602371,-4.187122380891571,0.0,0.0,,1.0,0.0
Henry_Hub,89,2025-09-08,694,5,100.0,0.01,0.018789291268084204,0.025953636782858516,-0.890196264733023,0.6,0.75,0.5,0.6,0.6
Henry_Hub,90,2025-09-15,699,5,100.0,0.01,0.025859635046027424,0.02896726690379943,-0.09125021284220791,0.4,0.5714285714285714,0.5,0.4,0.4
Henry_Hub,91,2025-09-22,704,5,100.0,0.01,0.02668378769062808,0.037787236403252863,-0.06078919635445068,0.8,0.8888888888888888,0.5,0.8,0.8
Henry_Hub,92,2025-09-29,709,5,100.0,10.0,0.02894991224675238,0.03208472989404972,-0.24884275052663463,0.4,0.0,0.5,0.6,0.4
Henry_Hub,93,2025-10-06,714,5,100.0,10.0,0.040585345809827665,0.04364685996788672,-0.322830694415321,0.4,0.5714285714285714,0.33333333333333337,0.4,0.4
Henry_Hub,94,2025-10-13,719,5,100.0,10.0,0.02922105975090209,0.04043189055672463,-0.048392753691309354,0.4,0.0,0.3333333333333333,0.5333333333333333,0.4
Henry_Hub,95,2025-10-20,724,5,100.0,10.0,0.0370330390084201,0.043150350422718746,-0.013078718536471579,0.6,0.75,0.5,0.6,0.6
Henry_Hub,96,2025-10-27,729,5,100.0,10.0,0.06381104339628568,0.08330628221973871,-0.6345327171997615,0.2,0.0,0.5,0.8,0.2
Henry_Hub,97,2025-11-03,734,5,100.0,10.0,0.024767585967906257,0.026876789320348156,-0.9539581767462193,0.2,0.0,0.375,0.7625,0.2
Henry_Hub,98,2025-11-10,739,5,100.0,10.0,0.01815551725178268,0.020983042075927365,-0.0554973599436297,0.6,0.75,0.5,0.6,0.6
Henry_Hub,99,2025-11-17,744,5,100.0,10.0,0.025591341871090894,0.030713284909079066,-0.18215009814508965,0.4,0.5714285714285714,0.5,0.4,0.4
Henry_Hub,100,2025-11-24,749,1,100.0,10.0,0.21421488397630667,0.21421488397630667,,0.0,0.0,,1.0,0.0
Power,1,2024-01-01,569,7,100.0,100.0,0.6364954073940366,0.7639520645740392,-0.05631795397203576,0.2857142857142857,0.0,0.55,0.7357142857142858,0.2857142857142857
Power,2,2024-01-08,576,5,100.0,100.0,1.1466096911073869,1.4857839823528713,-0.2406818420994934,0.6,0.75,0.3333333333333333,0.5333333333333333,0.4
Power,3,2024-01-15,581,7,100.0,100.0,0.9193094043985732,1.0280725796890129,-1.8882038753074997,0.42857142857142855,0.6,0.5,0.42857142857142855,0.5714285714285714
Power,4,2024-01-22,588,7,100.0,100.0,0.41324124793340555,0.45917284310861906,-0.17289470913055505,0.5714285714285714,0.0,0.29166666666666663,0.36904761904761907,0.5714285714285714
Power,5,2024-01-29,595,4,100.0,10.0,0.7091698291881781,1.0023350982220138,-0.5572480209036752,0.75,0.0,0.5,0.25,0.25
Power,6,2024-02-05,599,4,100.0,10.0,1.1117413405983014,1.1366893523327086,-0.0020077811704648507,0.5,0.6666666666666666,0.5,0.5,0.5
Power,7,2024-02-12,603,7,100.0,100.0,1.0489221858027702,1.1816915013553375,-6.891803602382396e-05,0.5714285714285714,0.7272727272727273,0.41666666666666663,0.5357142857142857,0.5714285714285714
Power,8,2024-02-19,610,5,100.0,0.01,1.2970405788221986,1.709216740917879,-0.0024857318288717956,0.6,0.0,0.5,0.4,0.6
Power,9,2024-02-26,615,7,100.0,0.01,0.6466718279800602,0.7996079849472325,-0.002374949577693908,0.42857142857142855,0.0,0.5,0.5714285714285714,0.5714285714285714
Power,10,2024-03-04,622,7,100.0,0.01,0.8545014820466392,1.0060890530009736,-2.5054377422728535e-05,0.2857142857142857,0.0,0.5,0.7142857142857143,0.7142857142857143
Power,11,2024-03-11,629,7,100.0,0.01,0.9934639395495862,1.3645377913936811,-0.0005688288007561493,0.5714285714285714,0.7272727272727273,0.5,0.5714285714285714,0.42857142857142855
Power,12,2024-03-18,636,7,100.0,0.01,1.2951719114918643,1.4515020083380392,-1.1848158598670722e-05,0.5714285714285714,0.7272727272727273,0.5,0.5714285714285714,0.42857142857142855
Power,13,2024-03-25,643,7,100.0,0.01,0.37274354815973937,0.4699449153086523,-0.03301104679322431,0.42857142857142855,0.0,0.5,0.5714285714285714,0.42857142857142855
Power,14,2024-04-01,650,7,100.0,0.01,0.6612366632021739,0.7551281889366055,-0.02751583103671007,0.42857142857142855,0.6,0.5,0.42857142857142855,0.5714285714285714
Power,15,2024-04-08,657,7,100.0,0.01,0.8838415904857246,1.143470232612092,-0.0066926537869844704,0.5714285714285714,0.7272727272727273,0.5,0.5714285714285714,0.42857142857142855
Power,16,2024-04-15,664,7,100.0,100.0,0.6482417645514971,0.7242851617923856,-0.04003493884196674,0.2857142857142857,0.0,0.44999999999999996,0.6952380952380952,0.2857142857142857
Power,17,2024-04-22,671,7,100.0,10.0,0.8228135850838146,1.0186921384251113,-0.018268386084881127,0.5714285714285714,0.7272727272727273,0.5,0.5714285714285714,0.42857142857142855
Power,18,2024-04-29,678,7,100.0,0.01,0.8322328518596043,1.0066691783460224,-0.07468892917006253,0.5714285714285714,0.7272727272727273,0.7083333333333334,0.7053571428571428,0.5714285714285714
Power,19,2024-05-06,685,7,100.0,0.01,0.8757897867477508,1.0298315093659862,-0.10745518721035352,0.5714285714285714,0.7272727272727273,0.5,0.5714285714285714,0.5714285714285714
Power,20,2024-05-13,692,7,100.0,0.01,0.4501955601918473,0.6022881921441811,-0.3055065084189137,0.2857142857142857,0.4444444444444444,0.5,0.2857142857142857,0.2857142857142857
Power,21,2024-05-20,699,7,100.0,0.01,0.29736012363876096,0.38013396320219506,-0.014311017012087479,0.5714285714285714,0.7272727272727273,0.5,0.5714285714285714,0.5714285714285714
Power,22,2024-05-27,706,7,100.0,0.01,0.29093019879738924,0.34044629776119656,-0.011335501666331238,0.5714285714285714,0.7272727272727273,0.5,0.5714285714285714,0.42857142857142855
Power,23,2024-06-03,713,7,100.0,0.01,0.20504905504183535,0.2959205531753896,-0.6720491070412027,0.42857142857142855,0.0,0.5,0.5714285714285714,0.42857142857142855
Power,24,2024-06-10,720,7,100.0,100.0,0.29978183622183974,0.40101689663422396,-0.07502549107757317,0.7142857142857143,0.8333333333333334,0.44999999999999996,0.6952380952380952,0.2857142857142857
Power,25,2024-06-17,727,7,100.0,100.0,0.08697506426384716,0.12384811718182696,-0.011651588615441355,0.8571428571428571,0.9230769230769231,0.5,0.8571428571428571,0.8571428571428571
Power,26,2024-06-24,734,7,100.0,100.0,0.20925750061058895,0.2501796302171735,-0.007189001089644931,0.42857142857142855,0.6,0.5,0.42857142857142855,0.42857142857142855
Power,27,2024-07-01,741,7,100.0,100.0,0.13886903394639682,0.15959901353164718,-0.44128555885166665,0.2857142857142857,0.4444444444444444,0.45000000000000007,0.26785714285714285,0.2857142857142857
Power,28,2024-07-08,748,7,100.0,100.0,0.23609367726477196,0.2797460301824913,-0.2337603956382326,0.5714285714285714,0.7272727272727273,0.41666666666666663,0.5357142857142857,0.42857142857142855
Power,29,2024-07-15,755,7,100.0,100.0,0.2793195189409809,0.32059532994160345,-0.24388599439432967,0.42857142857142855,0.0,0.5833333333333334,0.6190476190476191,0.42857142857142855
Power,30,2024-07-22,762,7,100.0,100.0,0.08068978425173896,0.11649838466346508,-0.0016294800113756391,0.5714285714285714,0.0,0.5833333333333333,0.47619047619047616,0.5714285714285714
Power,31,2024-07-29,769,7,100.0,100.0,0.25768178955586585,0.29771678816889086,-1.5463401052073777e-05,0.42857142857142855,0.0,0.5,0.5714285714285714,0.5714285714285714
Power,32,2024-08-05,776,7,100.0,100.0,0.11664185861758276,0.13929879626290473,-0.026422283307789396,0.5714285714285714,0.0,0.875,0.75,0.5714285714285714
Power,33,2024-08-12,783,7,100.0,100.0,0.15762784595900864,0.18701671133404457,-0.05598599752484401,0.42857142857142855,0.0,0.7083333333333334,0.7053571428571428,0.5714285714285714
Power,34,2024-08-19,790,7,100.0,100.0,0.10608481534007026,0.12026207131213469,-0.023020742348280443,0.5714285714285714,0.0,0.7083333333333334,0.5873015873015873,0.5714285714285714
Power,35,2024-08-26,797,7,100.0,100.0,0.2332825390970974,0.28313589804395795,-0.15915666806379392,0.5714285714285714,0.7272727272727273,0.41666666666666663,0.5357142857142857,0.42857142857142855
Power,36,2024-09-02,804,7,100.0,100.0,0.18257830466119213,0.20533067959181628,-0.01810575369274936,0.42857142857142855,0.6,0.5833333333333333,0.47619047619047616,0.5714285714285714
Power,37,2024-09-09,811,7,100.0,100.0,0.23116340280518552,0.24619895500552827,-0.11109196402412613,0.7142857142857143,0.0,0.5499999999999999,0.30952380952380953,0.2857142857142857
Power,38,2024-09-16,818,7,100.0,100.0,0.16944363220690245,0.19084172994123885,-0.024756890275615895,0.42857142857142855,0.0,0.41666666666666663,0.5357142857142857,0.42857142857142855
Power,39,2024-09-23,825,7,100.0,100.0,0.15732277866724984,0.2009725171270108,-0.17589167438221032,0.5714285714285714,0.0,0.5,0.42857142857142855,0.5714285714285714
Power,40,2024-09-30,832,7,100.0,100.0,0.13429505956112198,0.1813263905362733,-0.9513827089964058,0.5714285714285714,0.0,0.29166666666666663,0.36904761904761907,0.5714285714285714
Power,41,2024-10-07,839,7,100.0,100.0,0.25755760937284466,0.29273924070532803,-0.24967098026318402,0.2857142857142857,0.4444444444444444,0.5499999999999999,0.30952380952380953,0.2857142857142857
Power,42,2024-10-14,846,7,100.0,1.0,0.4191938425163929,0.5241069195798254,-0.1410795252238224,0.8571428571428571,0.0,0.5,0.14285714285714285,0.14285714285714285
Power,43,2024-10-21,853,7,100.0,100.0,0.6364049393286947,0.7734755602222675,-0.00584154511072521,0.2857142857142857,0.0,0.44999999999999996,0.6952380952380952,0.2857142857142857
Power,44,2024-10-28,860,7,100.0,100.0,0.29927546988075,0.47688247080163737,-0.024286330751911223,0.7142857142857143,0.0,0.8,0.5,0.2857142857142857
Power,45,2024-11-04,867,7,100.0,100.0,0.4560196500924291,0.5551879357150641,-1.7176673465124637e-05,0.42857142857142855,0.0,0.5,0.5714285714285714,0.5714285714285714
Power,46,2024-11-11,874,7,100.0,100.0,0.9038886584055829,1.0328187318031286,-0.00010393664735075525,0.7142857142857143,0.0,0.5499999999999999,0.30952380952380953,0.2857142857142857
Power,47,2024-11-18,881,7,100.0,100.0,0.4079477692079287,0.5296397965511435,-0.15326240944353997,0.2857142857142857,0.4444444444444444,0.5,0.2857142857142857,0.7142857142857143
Power,48,2024-11-25,888,7,100.0,100.0,0.41728997534032597,0.4893553209431013,-0.04319415765051482,0.42857142857142855,0.6,0.41666666666666663,0.39682539682539686,0.42857142857142855
Power,49,2024-12-02,895,7,100.0,100.0,0.5273027832945876,0.5781965530034046,-0.008618846991996554,0.42857142857142855,0.0,0.41666666666666663,0.5357142857142857,0.42857142857142855
Power,50,2024-12-09,902,7,100.0,10.0,0.3578322579546795,0.4297629240005175,-0.0013745029743743586,0.42857142857142855,0.0,0.5833333333333334,0.6190476190476191,0.42857142857142855
Power,51,2024-12-16,909,7,100.0,10.0,0.3512924642183019,0.4350240611248167,-0.022251475811204458,0.5714285714285714,0.7272727272727273,0.5,0.5714285714285714,0.42857142857142855
Power,52,2024-12-23,916,6,100.0,10.0,0.37545019166543175,0.5887684339905254,-0.2851447113624821,0.6666666666666666,0.0,0.375,0.29166666666666663,0.6666666666666666
Power,53,2024-12-30,922,6,100.0,10.0,1.2989596251234607,1.7876016157102919,-0.0003524634198248666,0.5,0.6666666666666666,0.5,0.5,0.5
Power,54,2025-01-06,928,7,100.0,1.0,0.1783153287413493,0.25676167093723345,-0.07864999448238308,0.42857142857142855,0.6,0.5,0.42857142857142855,0.5714285714285714
Power,55,2025-01-13,935,7,100.0,10.0,0.5497742628336963,0.7037669484777305,-0.23790038319026574,0.2857142857142857,0.0,0.55,0.7357142857142858,0.2857142857142857
Power,56,2025-01-20,942,7,100.0,1.0,0.28043204195544985,0.34647880377638357,-0.010957650776412864,0.5714285714285714,0.0,0.5833333333333333,0.47619047619047616,0.5714285714285714
Power,57,2025-01-27,949,7,100.0,10.0,0.4844503696980235,0.6016295979789822,-0.020442763084146165,0.5714285714285714,0.0,0.5,0.42857142857142855,0.5714285714285714
Power,58,2025-02-03,956,7,100.0,10.0,0.5901213144693856,0.6193376884202796,-0.13952395124147676,0.42857142857142855,0.0,0.2916666666666667,0.5119047619047619,0.42857142857142855
Power,59,2025-02-10,963,7,100.0,1.0,0.23441592679503506,0.32536073876073907,-0.035921319303460875,0.5714285714285714,0.7272727272727273,0.5,0.5714285714285714,0.5714285714285714
Power,60,2025-02-17,970,7,100.0,1.0,0.4941332363018051,0.6008521485115224,-0.005472990172398662,0.42857142857142855,0.6,0.5,0.42857142857142855,0.42857142857142855
Power,61,2025-02-24,977,7,100.0,10.0,0.35615660211853134,0.39880824258909864,-0.03517732996703127,0.5714285714285714,0.7272727272727273,0.41666666666666663,0.5357142857142857,0.42857142857142855
Power,62,2025-03-03,984,7,100.0,10.0,0.28826533673808435,0.3653837550109545,-0.044208053646986656,0.42857142857142855,0.6,0.29166666666666663,0.36904761904761907,0.42857142857142855
Power,63,2025-03-10,991,7,100.0,10.0,0.5398642542516213,0.707192332322218,-0.02884522779148435,0.5714285714285714,0.7272727272727273,0.5,0.5714285714285714,0.5714285714285714
Power,64,2025-03-17,998,7,100.0,10.0,0.5650509239561131,0.6025545546227524,-9.704412435551646e-05,0.5714285714285714,0.7272727272727273,0.5,0.5714285714285714,0.5714285714285714
Power,65,2025-03-24,1005,7,100.0,10.0,0.2764445583620089,0.36157363592927155,-0.018490901560926032,0.42857142857142855,0.6,0.5,0.42857142857142855,0.5714285714285714
Power,66,2025-03-31,1012,7,100.0,1.0,0.4210965416429117,0.5110901317994614,-0.006871566466907453,0.2857142857142857,0.4444444444444444,0.5499999999999999,0.30952380952380953,0.2857142857142857
Power,67,2025-04-07,1019,7,100.0,1.0,0.37540275988629335,0.47510793264393114,-0.05089566974441295,0.7142857142857143,0.0,0.5,0.2857142857142857,0.7142857142857143
Power,68,2025-04-14,1026,7,100.0,10.0,0.3146731781133319,0.377946883229491,-0.061137256930796635,0.7142857142857143,0.8333333333333334,0.5,0.7142857142857143,0.7142857142857143
Power,69,2025-04-21,1033,7,100.0,1.0,0.26993368979111915,0.3836696200340441,-0.10684261386385074,0.2857142857142857,0.4444444444444444,0.5,0.2857142857142857,0.2857142857142857
Power,70,2025-04-28,1040,7,100.0,10.0,0.36990516317910344,0.4389115347231648,-0.011045555356140158,0.42857142857142855,0.0,0.5,0.5714285714285714,0.5714285714285714
Power,71,2025-05-05,1047,7,100.0,10.0,0.2529923736958102,0.3810720021317307,-0.07029218438413443,0.2857142857142857,0.4444444444444444,0.5,0.2857142857142857,0.7142857142857143
Power,72,2025-05-12,1054,7,100.0,10.0,0.28554219753855253,0.3346217669885633,-0.07316087781789982,0.42857142857142855,0.0,0.41666666666666663,0.5357142857142857,0.5714285714285714
Power,73,2025-05-19,1061,7,100.0,10.0,0.16369157568391116,0.174341202663854,-0.054583990645399094,0.42857142857142855,0.0,0.41666666666666663,0.5357142857142857,0.5714285714285714
Power,74,2025-05-26,1068,7,100.0,1.0,0.24802134490267985,0.2999557080926047,-0.0034342894536745217,0.42857142857142855,0.0,0.7083333333333334,0.7053571428571428,0.42857142857142855
Power,75,2025-06-02,1075,7,100.0,1.0,0.1772045091387058,0.21058435201874945,-0.041745296946371635,0.5714285714285714,0.7272727272727273,0.5,0.5714285714285714,0.5714285714285714
Power,76,2025-06-09,1082,7,100.0,1.0,0.16988535195932267,0.22047423490176993,-0.30710232078738864,0.42857142857142855,0.6,0.29166666666666663,0.36904761904761907,0.5714285714285714
Power,77,2025-06-16,1089,7,100.0,1.0,0.18682169581500083,0.2174118464918021,-0.32006174198445403,0.2857142857142857,0.4444444444444444,0.5,0.2857142857142857,0.2857142857142857
Power,78,2025-06-23,1096,7,100.0,1.0,0.10079890460875354,0.1285717560909674,-0.27337498486943335,0.42857142857142855,0.6,0.41666666666666663,0.39682539682539686,0.5714285714285714
Power,79,2025-06-30,1103,7,100.0,1.0,0.18914234655333642,0.2153891563961673,-0.013338995531946507,0.42857142857142855,0.6,0.5,0.42857142857142855,0.42857142857142855
Power,80,2025-07-07,1110,7,100.0,1.0,0.19417908521963304,0.24070797192285875,-1.7694479119256812e-05,0.5714285714285714,0.0,0.29166666666666663,0.36904761904761907,0.5714285714285714
Power,81,2025-07-14,1117,7,100.0,1.0,0.10342678689353464,0.12929827090884383,-1.1381773589908084,0.42857142857142855,0.0,0.5,0.5714285714285714,0.5714285714285714
Power,82,2025-07-21,1124,7,100.0,0.1,0.10458707551294648,0.11602967313508017,-0.07114666637529687,0.5714285714285714,0.0,0.5,0.42857142857142855,0.42857142857142855
Power,83,2025-07-28,1131,7,100.0,1.0,0.1292858285613912,0.16768372411638113,-0.015107526538221894,0.42857142857142855,0.0,0.5,0.5714285714285714,0.42857142857142855
Power,84,2025-08-04,1138,7,100.0,0.1,0.09429584073914654,0.10041379711736152,-0.0010556158679091432,0.5714285714285714,0.0,0.5,0.42857142857142855,0.42857142857142855
Power,85,2025-08-11,1145,7,100.0,0.1,0.16533587333106875,0.18727847919046964,-0.022927207380019965,0.2857142857142857,0.0,0.5,0.7142857142857143,0.2857142857142857
Power,86,2025-08-18,1152,7,100.0,0.1,0.2331708750648343,0.27542994215909805,-0.00015098385457346097,0.42857142857142855,0.6,0.5833333333333333,0.47619047619047616,0.5714285714285714
Power,87,2025-08-25,1159,7,100.0,0.01,0.12917429549549306,0.13631272316797335,-0.16611636594292656,0.42857142857142855,0.0,0.5,0.5714285714285714,0.42857142857142855
Power,88,2025-09-01,1166,7,100.0,0.1,0.21803903726650445,0.25807333348139816,-0.08793788862120455,0.5714285714285714,0.0,0.5,0.42857142857142855,0.42857142857142855
Power,89,2025-09-08,1173,7,100.0,1.0,0.09327593646527697,0.1087224037964448,-0.026900641381752077,0.42857142857142855,0.0,0.5,0.5714285714285714,0.5714285714285714
Power,90,2025-09-15,1180,7,100.0,1.0,0.10247559328169566,0.11327082058904836,-0.1395449329327927,0.7142857142857143,0.0,0.5,0.2857142857142857,0.7142857142857143
Power,91,2025-09-22,1187,7,100.0,1.0,0.1354542912268488,0.18492361547991348,-0.002719903762103071,0.5714285714285714,0.0,0.5,0.42857142857142855,0.5714285714285714
Power,92,2025-09-29,1194,7,100.0,0.1,0.16379725832891162,0.20177616867163814,-0.0012683486177957892,0.5714285714285714,0.0,0.5,0.42857142857142855,0.5714285714285714
Power,93,2025-10-06,1201,7,100.0,0.01,0.20545101876514552,0.23082847948935561,-0.08932280347998423,0.2857142857142857,0.0,0.5,0.7142857142857143,0.2857142857142857
Power,94,2025-10-13,1208,7,100.0,1.0,0.24458235221382688,0.30505473201796857,-0.09282745533274794,0.5714285714285714,0.0,0.5,0.42857142857142855,0.42857142857142855
Power,95,2025-10-20,1215,7,100.0,100.0,0.5296278979498125,0.5641898385867818,-0.10668317551938822,0.2857142857142857,0.0,0.5,0.7142857142857143,0.2857142857142857
Power,96,2025-10-27,1222,7,100.0,0.01,0.5254581238929407,0.6175570311285027,-0.027121580798177947,0.7142857142857143,0.0,0.5,0.2857142857142857,0.2857142857142857
Power,97,2025-11-03,1229,5,100.0,0.01,0.4741401552764833,0.5627659369084325,-0.12091075002811524,0.6,0.0,0.5,0.4,0.4
Copper,1,2024-01-01,271,4,100.0,0.01,0.008229713674979261,0.008866054103278436,-1.0481793896618528,0.25,0.4,0.5,0.25,0.25
Copper,2,2024-01-08,275,5,100.0,1.0,0.005796279341667736,0.006420496818271471,-0.14443403849671843,0.8,0.0,0.375,0.2,0.2
Copper,3,2024-01-15,280,4,100.0,10.0,0.0048702865980880024,0.006074508910625371,-0.0029285355919626,0.75,0.0,0.5,0.25,0.25
Copper,4,2024-01-22,284,5,100.0,1.0,0.0064748928435012145,0.008418525907733518,-0.21726029413653558,0.2,0.0,0.0,0.8,0.8
Copper,5,2024-01-29,289,5,10.0,0.01,0.009622999684755695,0.010347723379214411,-0.19150059641542017,0.4,0.5714285714285714,0.5,0.4,0.4
Copper,6,2024-02-05,294,5,100.0,0.01,0.008079673410203067,0.009080554344825893,-0.45955928348187713,0.6,0.0,0.5,0.4,0.4
Copper,7,2024-02-12,299,5,100.0,0.01,0.010962895778910159,0.013245065900029891,-0.45656070995640663,0.2,0.0,0.5,0.8,0.8
Copper,8,2024-02-19,304,4,100.0,0.01,0.007038475565534327,0.007605249240611265,-0.08850230187407804,0.75,0.0,0.5,0.25,0.25
Copper,9,2024-02-26,308,5,100.0,100.0,0.0025970301629516567,0.003030707540729408,-0.000483363234450751,0.4,0.0,0.5,0.6,0.6
Copper,10,2024-03-04,313,5,100.0,100.0,0.005914335769257132,0.007215181338864766,-0.07166424276064531,0.6,0.75,0.5,0.6,0.6
Copper,11,2024-03-11,318,5,100.0,100.0,0.0129974227631452,0.017027291941703725,-0.6333225705905499,0.6,0.75,0.5,0.6,0.6
Copper,12,2024-03-18,323,5,100.0,100.0,0.00830936382001107,0.009989554743613342,-0.5056519868603044,0.4,0.5714285714285714,0.5,0.4,0.4
Copper,13,2024-03-25,328,4,100.0,100.0,0.006853377426663027,0.007775344968388706,-0.41344819139157085,0.25,0.0,0.5,0.75,0.75
Copper,14,2024-04-01,332,5,100.0,10.0,0.012592550004984548,0.017481036140802552,-0.07913290597111433,0.4,0.0,0.5,0.6,0.6
Copper,15,2024-04-08,337,5,100.0,100.0,0.00971658077114011,0.012649004127709109,-0.9491931623932981,0.6,0.75,0.5,0.6,0.6
Copper,16,2024-04-15,342,5,100.0,1.0,0.005540190126612663,0.006218523378959703,-0.5109436396485127,0.8,0.8888888888888888,0.5,0.8,0.8
Copper,17,2024-04-22,347,5,100.0,0.1,0.010107379583747035,0.012462845888883809,-0.07996887148553622,0.6,0.75,0.5,0.6,0.6
Copper,18,2024-04-29,352,5,100.0,0.01,0.018224925501680887,0.019602814711934556,-2.1467531748031732e-05,0.6,0.75,0.5,0.6,0.6
Copper,19,2024-05-06,357,5,100.0,10.0,0.01007603006009122,0.01098611728991727,-0.10245995859348356,0.6,0.75,0.5,0.6,0.6
Copper,20,2024-05-13,362,5,100.0,10.0,0.03283498275624781,0.037768966791268,-0.37613710466286765,0.8,0.8888888888888888,0.5,0.8,0.8
Copper,21,2024-05-20,367,5,100.0,10.0,0.01868616340252182,0.02758633828508333,-0.3491029719694405,0.6,0.75,0.5,0.6,0.6
Copper,22,2024-05-27,372,4,100.0,10.0,0.014469192494505704,0.017057248357426627,-0.4890829175394409,0.25,0.4,0.5,0.25,0.25
Copper,23,2024-06-03,376,5,100.0,1.0,0.02002370089756493,0.022725552838197997,-0.18828647644373442,0.4,0.5714285714285714,0.5,0.4,0.6
Copper,24,2024-06-10,381,5,10.0,10.0,0.0062600464567433515,0.007925849406059277,-0.004667129571369388,0.6,0.0,0.5,0.4,0.6
Copper,25,2024-06-17,386,4,10.0,0.01,0.01622939829381216,0.021638450958448203,-0.003495509641114891,0.75,0.0,0.5,0.25,0.75
Copper,26,2024-06-24,390,5,10.0,0.01,0.01244748912659934,0.016607268818275185,-0.03217489867168788,0.6,0.0,0.5,0.4,0.6
Copper,27,2024-07-01,395,4,10.0,0.1,0.013630024011928903,0.014696608964817075,-6.148976508519,0.0,0.0,,1.0,0.0
Copper,28,2024-07-08,399,5,10.0,1.0,0.008579237947641741,0.010184294135269533,-0.021881763942985133,0.4,0.0,0.5,0.6,0.4
Copper,29,2024-07-15,404,5,10.0,10.0,0.015480581109184552,0.018455241734523436,-2.373989039161239,1.0,0.0,,0.0,1.0
Copper,30,2024-07-22,409,5,10.0,0.1,0.01216383225322629,0.013303437176836188,-0.35817875782359354,0.8,0.0,0.5,0.2,0.8
Copper,31,2024-07-29,414,5,10.0,1.0,0.0033826665551895735,0.005090007609726861,-0.7073717463056548,0.6,0.0,0.33333333333333337,0.4,0.6
Copper,32,2024-08-05,419,5,10.0,10.0,0.01645055073171552,0.019305946032865832,-0.015628224177325123,0.4,0.0,0.5,0.6,0.4
Copper,33,2024-08-12,424,5,10.0,1.0,0.01037093762804619,0.012356129700310584,-1.0769644743510551,0.2,0.0,0.5,0.8,0.2
Copper,34,2024-08-19,429,5,10.0,10.0,0.0031476263472131017,0.0039376338253619865,-1.7700247506612983,0.4,0.0,0.5,0.6,0.4
Copper,35,2024-08-26,434,5,10.0,100.0,0.009785547712211021,0.010684391999002582,-0.01615474373248671,0.6,0.0,0.5,0.4,0.6
Copper,36,2024-09-02,439,4,10.0,100.0,0.012473770931777133,0.01614129533176963,-0.15018594846363453,0.75,0.0,0.5,0.25,0.75
Copper,37,2024-09-09,443,5,10.0,100.0,0.010041590536075668,0.010558479912706531,-1.474792326109926,0.2,0.0,0.5,0.8,0.2
Copper,38,2024-09-16,448,5,10.0,100.0,0.012117753677550577,0.014629281268622153,-0.03849910310624982,0.4,0.0,0.5,0.6,0.4
Copper,39,2024-09-23,453,5,0.1,100.0,0.017618718974497436,0.020451709146365394,-2.878165932371347,0.0,0.0,,1.0,0.0
Copper,40,2024-09-30,458,5,100.0,0.01,0.013654916660019025,0.016045735824322532,-0.08956727129732833,0.6,0.75,0.5,0.6,0.6
Copper,41,2024-10-07,463,5,100.0,0.01,0.010229081029725409,0.01169591647749628,-0.7963156506177371,0.2,0.3333333333333333,0.5,0.2,0.2
Copper,42,2024-10-14,468,5,100.0,0.01,0.004184445651593316,0.005674135404220387,-0.009246305749941675,0.6,0.75,0.5,0.6,0.6
Copper,43,2024-10-21,473,5,100.0,0.01,0.00901918532725596,0.009961846250342039,-0.023308564154677747,0.6,0.75,0.5,0.6,0.6
Copper,44,2024-10-28,478,5,100.0,0.1,0.003025629434190242,0.0031518905725286513,-0.17552285529603906,0.6,0.75,0.5,0.6,0.6
Copper,45,2024-11-04,483,5,100.0,0.1,0.0209272247299441,0.02384121239357095,-0.024762806553999317,0.4,0.5714285714285714,0.5,0.4,0.4
Copper,46,2024-11-11,488,5,100.0,0.1,0.018229654806277668,0.01988209145220364,-0.646231204829594,0.2,0.3333333333333333,0.5,0.2,0.2
Copper,47,2024-11-18,493,5,100.0,10.0,0.00846380948278894,0.008632057259057854,-0.03746352204456027,0.4,0.0,0.5,0.6,0.6
Copper,48,2024-11-25,498,4,100.0,1.0,0.006608188187087947,0.008582709948463049,-0.06686501040632664,0.5,0.0,0.5,0.5,0.5
Copper,49,2024-12-02,502,5,100.0,0.01,0.0038338243170350493,0.005189844606160292,-0.4813730842676902,0.8,0.8888888888888888,0.5,0.8,0.8
Copper,50,2024-12-09,507,5,100.0,0.01,0.013540708705053703,0.015193453223424642,-0.00459149817089366,0.6,0.75,0.5,0.6,0.6
Copper,51,2024-12-16,512,5,100.0,0.1,0.006074852322832709,0.008639949619376976,-0.7693384449380221,0.2,0.3333333333333333,0.5,0.2,0.2
Copper,52,2024-12-23,517,4,100.0,10.0,0.0045697929484884246,0.004659547081644168,-0.5114640011246567,0.75,0.8571428571428571,0.5,0.75,0.75
Copper,53,2024-12-30,521,4,100.0,10.0,0.013587137553646137,0.014079682736938971,-0.004777611343219634,0.5,0.6666666666666666,0.5,0.5,0.5
Copper,54,2025-01-06,525,5,100.0,10.0,0.010548649787063361,0.01225058048880037,-0.8518669071157579,0.2,0.0,0.0,0.8,0.8
Copper,55,2025-01-13,530,5,100.0,100.0,0.009054114180489823,0.009786924304292956,-0.0004886618779198493,0.4,0.0,0.5,0.6,0.6
Copper,56,2025-01-20,535,4,100.0,10.0,0.015115641184698814,0.016991196268329067,-0.09976979466189295,0.25,0.4,0.5,0.25,0.25
Copper,57,2025-01-27,539,5,100.0,10.0,0.003260400761751757,0.0037866069848961526,-0.00016734644250893105,0.6,0.0,0.5,0.4,0.4
Copper,58,2025-02-03,544,5,100.0,1.0,0.018043031048800583,0.019520934786886126,-5.864100550322708,1.0,1.0,,1.0,1.0
Copper,59,2025-02-10,549,5,1.0,10.0,0.022566736604279727,0.023637784519662683,-0.08871397517074975,0.4,0.5714285714285714,0.5,0.4,0.4
Copper,60,2025-02-17,554,4,1.0,100.0,0.003728302112132037,0.004372440068201282,-2.6639035259550345,0.0,0.0,,0.0,0.0
Copper,61,2025-02-24,558,5,10.0,1.0,0.004564410886492141,0.004938697685569605,-0.07205058092439409,0.4,0.5714285714285714,0.5,0.4,0.4
Copper,62,2025-03-03,563,5,10.0,0.01,0.018696112451472218,0.02538546463263189,-0.007950592032625936,0.4,0.5714285714285714,0.5,0.4,0.4
Copper,63,2025-03-10,568,5,1.0,0.01,0.014155215917115622,0.015801460172505864,-0.09621491248604985,0.6,0.75,0.5,0.6,0.6
Copper,64,2025-03-17,573,5,0.01,0.01,0.009592292884888633,0.011262919702610542,-0.6899824283535891,0.8,0.8888888888888888,0.5,0.8,0.8
Copper,65,2025-03-24,578,5,0.01,0.01,0.01426045634829432,0.01759028680325922,-0.01570910147190152,0.2,0.3333333333333333,0.5,0.2,0.2
Copper,66,2025-03-31,583,5,0.01,0.1,0.03449859892240108,0.04959469873229703,-0.9375118661038975,0.0,0.0,,0.0,0.0
Copper,67,2025-04-07,588,5,0.01,0.1,0.027246049256375183,0.03276017466293013,-0.08310754187331248,0.6,0.75,0.5,0.6,0.6
Copper,68,2025-04-14,593,4,0.01,100.0,0.008328423372967488,0.010207440601520203,-1.8845778900757146,0.25,0.0,0.5,0.75,0.25
Copper,69,2025-04-21,597,5,0.01,0.01,0.011259632901419226,0.012409570065133685,-0.13012043742224977,0.6,0.75,0.5,0.6,0.6
Copper,70,2025-04-28,602,5,0.01,100.0,0.014537627717613513,0.023050120490843182,-0.13055339549874057,0.6,0.75,0.5,0.6,0.4
Copper,71,2025-05-05,607,5,0.01,100.0,0.02080230585514831,0.02398301821602257,-0.0026461310189400677,0.6,0.75,0.5,0.6,0.6
Copper,72,2025-05-12,612,5,0.01,0.1,0.01190429575925927,0.013097807176305033,-0.13900372397561855,0.4,0.5714285714285714,0.5,0.4,0.4
Copper,73,2025-05-19,617,5,0.01,0.1,0.01769561364384136,0.01959835589139207,-0.6489270532864497,0.8,0.8888888888888888,0.5,0.8,0.2
Copper,74,2025-05-26,622,4,0.01,0.1,0.019461223165162165,0.024613412192855164,-0.009630504371120452,0.25,0.4,0.5,0.25,0.75
Copper,75,2025-06-02,626,5,0.01,10.0,0.005854005196597129,0.006557116548118101,-0.014870837611882903,0.6,0.75,0.5,0.6,0.6
Copper,76,2025-06-09,631,5,0.01,100.0,0.0059513075228166,0.006150810436946482,-0.08102987963875252,0.4,0.5714285714285714,0.5,0.4,0.6
Copper,77,2025-06-16,636,4,0.01,100.0,0.0031387136565494017,0.0038832680264502565,-0.26240149894678066,0.5,0.6666666666666666,0.5,0.5,0.5
Copper,78,2025-06-23,640,5,0.01,100.0,0.010517911327245649,0.015007778869451628,-0.9652681744272338,1.0,1.0,,1.0,0.0
Copper,79,2025-06-30,645,5,0.01,10.0,0.012106479898397051,0.013611498327918112,-0.03425925918619366,0.4,0.5714285714285714,0.5,0.4,0.6
Copper,80,2025-07-07,650,5,0.01,100.0,0.02876187711953384,0.044766655193444145,-0.1948986315963166,0.6,0.75,0.5,0.6,0.4
Copper,81,2025-07-14,655,5,0.01,10.0,0.004212089338782256,0.005560477094824277,-0.2640836630403822,0.8,0.8888888888888888,0.5,0.8,0.8
Copper,82,2025-07-21,660,5,0.01,1.0,0.014898533538191757,0.015978209486614214,-0.2975234881811717,0.6,0.75,0.5,0.6,0.4
Copper,83,2025-07-28,665,5,0.01,10.0,0.05671809589989196,0.09369223618889296,-0.4599929815586905,0.4,0.5714285714285714,0.5,0.4,0.4
Copper,84,2025-08-04,670,5,0.01,1.0,0.005591936684726667,0.007436565711214425,-0.11764853275613163,0.4,0.5714285714285714,0.5,0.4,0.6
Copper,85,2025-08-11,675,5,0.01,1.0,0.008959619394546639,0.010273847897358844,-0.025884409683795573,0.6,0.0,0.5,0.4,0.6
Copper,86,2025-08-18,680,5,0.01,1.0,0.004569176835771299,0.0053173518781564665,-0.3159797284914425,0.4,0.0,0.5,0.6,0.4
Copper,87,2025-08-25,685,5,0.01,1.0,0.007461983597134089,0.008305886114126191,-0.10225973167391245,0.4,0.0,0.5,0.6,0.4
Copper,88,2025-09-01,690,4,0.01,0.1,0.010406776463341486,0.011171599341736081,-0.03228851686522516,0.5,0.6666666666666666,0.5,0.5,0.5
Copper,89,2025-09-08,694,5,0.01,10.0,0.005457667867592634,0.006243467927954094,-1.0591258176642189,0.8,0.8888888888888888,0.5,0.8,0.8
Copper,90,2025-09-15,699,5,0.01,100.0,0.0066862160773842,0.007879123526141495,-0.015369045898130818,0.4,0.5714285714285714,0.5,0.4,0.6
Copper,91,2025-09-22,704,5,0.01,100.0,0.01220741636685444,0.017442262467247834,-0.19832333317873507,0.4,0.0,0.5,0.6,0.4
Copper,92,2025-09-29,709,5,0.01,100.0,0.012337056994406856,0.01437576509884973,-2.794784468201102,1.0,1.0,,1.0,0.0
Copper,93,2025-10-06,714,5,0.01,0.01,0.008234011778809983,0.009213068127056226,-0.10270643082165809,0.6,0.75,0.5,0.6,0.4
Copper,94,2025-10-13,719,5,100.0,0.01,0.013995802511287927,0.016966053046906363,-0.04643221465238967,0.6,0.75,0.5,0.6,0.6
Copper,95,2025-10-20,724,5,100.0,0.01,0.01426130753576405,0.015551049152771128,-0.286223635720098,0.6,0.75,0.5,0.6,0.6
Copper,96,2025-10-27,729,5,0.01,0.01,0.014015780185345213,0.01658869432631812,-0.07365726441435205,0.4,0.5714285714285714,0.5,0.4,0.4
Copper,97,2025-11-03,734,5,0.1,10.0,0.012164717414006949,0.017253685945981825,-0.08065488157136169,0.6,0.75,0.5,0.6,0.6
Copper,98,2025-11-10,739,5,1.0,10.0,0.007434065303914547,0.008517780769313716,-0.03083845031304433,0.6,0.75,0.5,0.6,0.6
Copper,99,2025-11-17,744,5,1.0,10.0,0.01076801132204464,0.011240567907354431,-2.132471547122705e-06,0.6,0.0,0.5,0.4,0.6
Copper,100,2025-11-24,749,1,10.0,10.0,0.03760592650997397,0.03760592650997397,,1.0,1.0,,1.0,0.0
Corn,1,2024-01-01,505,4,10.0,10.0,0.007067121464598948,0.009133988693622261,-0.6811898488083097,0.5,0.0,0.5,0.5,0.5
Corn,2,2024-01-08,509,5,10.0,10.0,0.009421588612451157,0.011608257266136856,-0.24776699005163283,0.8,0.0,0.5,0.2,0.8
Corn,3,2024-01-15,514,4,10.0,10.0,0.005203130924072201,0.005746929085815687,-0.033592904444854854,0.5,0.0,0.5,0.5,0.5
Corn,4,2024-01-22,518,5,10.0,10.0,0.005334436587896761,0.00713044749961142,-0.05959443332003489,0.6,0.75,0.5,0.6,0.6
Corn,5,2024-01-29,523,5,10.0,1.0,0.009741429385042974,0.011406860400415705,-0.13326342091042753,0.4,0.5714285714285714,0.5,0.4,0.4
Corn,6,2024-02-05,528,5,10.0,1.0,0.00768054226616528,0.008490949144354576,-4.501223463713896,0.0,0.0,,0.0,0.0
Corn,7,2024-02-12,533,5,10.0,1.0,0.007235439900751275,0.010157490912306668,-0.8449735378027712,0.8,0.0,0.375,0.2,0.2
Corn,8,2024-02-19,538,4,100.0,1.0,0.013282168815478609,0.014725731750731746,-1.2950825293397763,0.25,0.4,0.5,0.25,0.25
Corn,9,2024-02-26,542,5,100.0,1.0,0.022392268863655012,0.028311489630617213,-0.04352202786082948,0.4,0.0,0.5,0.6,0.6
Corn,10,2024-03-04,547,5,100.0,1.0,0.010806371229755758,0.011097812700458788,-0.17038240763752643,0.4,0.0,0.5,0.6,0.6
Corn,11,2024-03-11,552,5,100.0,1.0,0.010443680987431118,0.011125049382540107,-0.503855646431665,0.2,0.0,0.5,0.8,0.8
Corn,12,2024-03-18,557,5,100.0,0.1,0.002661850975042795,0.003034235614171444,-0.002337109153944361,0.6,0.0,0.5,0.4,0.4
Corn,13,2024-03-25,562,5,100.0,1.0,0.013504951743970789,0.01776899425725009,-0.0006241050944499893,0.8,0.0,0.5,0.2,0.2
Corn,14,2024-04-01,567,5,100.0,1.0,0.01003325304092547,0.011381103357586806,-0.1636309854103799,0.6,0.0,0.6666666666666667,0.5,0.4
Corn,15,2024-04-08,572,5,100.0,1.0,0.009300245603147766,0.010285472354482602,-9.40237836366542e-06,0.4,0.0,0.5,0.6,0.6
Corn,16,2024-04-15,577,5,100.0,1.0,0.018203367190688262,0.020283089679079498,-0.0013704147437250125,0.6,0.0,0.5,0.4,0.6
Corn,17,2024-04-22,582,5,100.0,1.0,0.02264673413350254,0.026984545841852673,-0.09907681992247519,0.4,0.0,0.5,0.6,0.4
Corn,18,2024-04-29,587,5,100.0,1.0,0.01247739244177358,0.015960964700722405,-0.0022497104141439017,0.6,0.0,0.5,0.4,0.6
Corn,19,2024-05-06,592,5,100.0,1.0,0.014982295442227936,0.016428667672152984,-0.04787069123840815,0.6,0.0,0.5,0.4,0.6
Corn,20,2024-05-13,597,5,100.0,1.0,0.012598697531219883,0.01293066509879979,-0.00025892370282032395,0.6,0.0,0.5,0.4,0.6
Corn,21,2024-05-20,602,5,100.0,1.0,0.00850219729682732,0.009938063845314428,-1.6714806691327957,0.2,0.0,0.5,0.8,0.2
Corn,22,2024-05-27,607,4,100.0,10.0,0.010122152455500008,0.010663959135311082,-9.09762724962253,1.0,0.0,,0.0,1.0
Corn,23,2024-06-03,611,5,100.0,1.0,0.009694693651542026,0.014332246778856462,-0.05916141717432666,0.8,0.0,0.625,0.25,0.8
Corn,24,2024-06-10,616,5,100.0,1.0,0.00724427430002095,0.00832358380402708,-0.5276626276033414,0.4,0.0,0.5,0.6,0.4
Corn,25,2024-06-17,621,4,100.0,10.0,0.010775797338024817,0.011612476007327292,-0.34129897443866053,0.75,0.0,0.5,0.25,0.75
Corn,26,2024-06-24,625,5,100.0,10.0,0.0128466421019594,0.017197553532475516,-1.2625204644857964,0.0,0.0,,0.0,1.0
Corn,27,2024-07-01,630,4,100.0,10.0,0.005646412801253109,0.007161373738394354,-0.6697234566292258,0.5,0.0,0.5,0.5,0.5
Corn,28,2024-07-08,634,5,100.0,10.0,0.020512245043242172,0.026026490837266415,-0.04704332505945796,0.2,0.0,0.5,0.8,0.2
Corn,29,2024-07-15,639,5,100.0,10.0,0.014561083366085905,0.016797589606265692,-0.028148135371387495,0.6,0.75,0.3333333333333333,0.5333333333333333,0.4
Corn,30,2024-07-22,644,5,100.0,1.0,0.015197980851290807,0.01819432478381999,-0.025404343229503912,0.8,0.8888888888888888,0.5,0.8,0.2
Corn,31,2024-07-29,649,5,100.0,1.0,0.01002163118671112,0.01115082169586456,-0.00010430666290561774,0.4,0.5714285714285714,0.5,0.4,0.6
Corn,32,2024-08-05,654,5,100.0,10.0,0.00668452669078806,0.00800500531034069,-0.01021930296656226,0.8,0.0,0.375,0.2,0.8
Corn,33,2024-08-12,659,5,100.0,100.0,0.010801693391895087,0.01172528338854017,-0.024266213561531913,0.4,0.5714285714285714,0.5,0.4,0.6
Corn,34,2024-08-19,664,5,100.0,1.0,0.00881167535382035,0.01177853594290581,-0.0541601974457091,0.6,0.0,0.6666666666666667,0.5,0.6
Corn,35,2024-08-26,669,5,100.0,1.0,0.01282472496109314,0.013895451518099556,-0.35939439323390676,0.4,0.0,0.5,0.6,0.4
Corn,36,2024-09-02,674,4,100.0,1.0,0.025744775047663433,0.034963459185827016,-0.09222488269025875,0.5,0.6666666666666666,0.5,0.5,0.5
Corn,37,2024-09-09,678,5,100.0,1.0,0.01900355484106834,0.03623809640159671,-0.21680546923086275,0.6,0.75,0.5,0.6,0.4
Corn,38,2024-09-16,683,5,0.1,1.0,0.0073248285400383945,0.00803661387608568,-0.17301677100034785,0.6,0.0,0.5,0.4,0.6
Corn,39,2024-09-23,688,5,0.1,1.0,0.010781750675468632,0.0153887943284536,-0.742785826947465,0.4,0.0,0.6666666666666666,0.7333333333333334,0.4
Corn,40,2024-09-30,693,5,1.0,1.0,0.010198396367168948,0.010662032789479187,-0.024423332032133427,0.4,0.0,0.5,0.6,0.6
Corn,41,2024-10-07,698,5,1.0,1.0,0.006905803347226685,0.008002253507743301,-0.4297320645094349,0.6,0.0,0.5,0.4,0.4
Corn,42,2024-10-14,703,5,1.0,1.0,0.011229586279671811,0.012709530649167883,-0.4237382318568026,0.6,0.0,0.5,0.4,0.4
Corn,43,2024-10-21,708,5,0.1,1.0,0.009260306437297649,0.011939178149533243,-0.0038400686727400046,0.2,0.0,0.5,0.8,0.8
Corn,44,2024-10-28,713,5,0.1,100.0,0.0057802057087234055,0.007180202899106443,-0.24245626879159232,0.6,0.0,0.25,0.325,0.6
Corn,45,2024-11-04,718,5,1.0,10.0,0.0061792405232813374,0.00822964278053398,-1.2924114740971335,0.0,0.0,,1.0,1.0
Corn,46,2024-11-11,723,5,0.1,10.0,0.014852296013434924,0.018585205626765,-0.004331812864220241,0.2,0.3333333333333333,0.5,0.2,0.2
Corn,47,2024-11-18,728,5,1.0,10.0,0.006313729243461033,0.006653322441390789,-0.011505420408127298,0.6,0.0,0.5,0.4,0.4
Corn,48,2024-11-25,733,4,1.0,10.0,0.007107763923069118,0.008440162961100525,-0.017471276385372603,0.5,0.0,0.5,0.5,0.5
Corn,49,2024-12-02,737,5,1.0,100.0,0.006437185255010422,0.007240466642020105,-0.030379315960334052,0.6,0.0,0.75,0.7,0.4
Corn,50,2024-12-09,742,5,0.1,10.0,0.013416811956657263,0.015649071689335263,-0.005002730399621402,0.4,0.0,0.6666666666666666,0.7333333333333334,0.4
Corn,51,2024-12-16,747,5,1.0,10.0,0.009639526739600415,0.010827448096220776,-0.10583248914140309,0.4,0.0,0.5,0.6,0.4
Corn,52,2024-12-23,752,5,0.1,100.0,0.0028166763132291433,0.0037007065836878734,-7.474699594078871e-05,0.8,0.8888888888888888,0.5,0.8,0.8
Corn,53,2024-12-30,757,5,0.1,100.0,0.008404951911147296,0.010520869090786825,-0.0008684494572637202,0.6,0.0,0.5,0.4,0.6
Corn,54,2025-01-06,762,5,0.1,10.0,0.010639169170243564,0.014220167717848394,-0.31556987379173296,0.2,0.0,0.625,0.8500000000000001,0.8
Corn,55,2025-01-13,767,5,0.01,100.0,0.011481960704694616,0.013616710910154069,-0.5039607409161821,0.4,0.0,0.3333333333333333,0.5333333333333333,0.4
Corn,56,2025-01-20,772,4,1.0,10.0,0.00809395797854324,0.008620824798062922,-0.02141281233451897,0.5,0.6666666666666666,0.5,0.5,0.5
Corn,57,2025-01-27,776,5,1.0,10.0,0.014650463579175394,0.01678503147701526,-0.03573579051588016,0.4,0.5714285714285714,0.5,0.4,0.6
Corn,58,2025-02-03,781,5,1.0,100.0,0.012135297427985399,0.014725723358867144,-0.04121390984032791,0.6,0.75,0.5,0.6,0.6
Corn,59,2025-02-10,786,5,0.1,100.0,0.015288225784737115,0.017205550554902502,-0.3303634455614126,0.2,0.0,0.5,0.8,0.8
Corn,60,2025-02-17,791,4,0.01,100.0,0.010476268765023534,0.011871103506992985,-0.22131233460334077,0.5,0.6666666666666666,0.5,0.5,0.5
Corn,61,2025-02-24,795,5,0.01,100.0,0.013755038547919641,0.01657682934257022,-2.210546502884378,1.0,0.0,,0.0,1.0
Corn,62,2025-03-03,800,5,0.01,100.0,0.013887828142520342,0.01671197599219533,-0.08084335844975699,0.6,0.0,0.5,0.4,0.6
Corn,63,2025-03-10,805,5,0.01,100.0,0.01643113453928815,0.019069276590866154,-0.029685590776641124,0.2,0.3333333333333333,0.5,0.2,0.2
Corn,64,2025-03-17,810,5,0.01,100.0,0.006064861142240463,0.006849185180764236,-6.490744596865383e-05,0.4,0.0,0.75,0.75,0.6
Corn,65,2025-03-24,815,5,0.01,100.0,0.0073970948836172045,0.00914942952179218,-0.37605734557766324,0.8,0.0,0.5,0.2,0.8
Corn,66,2025-03-31,820,5,0.01,100.0,0.012297515157478161,0.014174422866146442,-0.06500152906592183,0.4,0.0,0.5,0.6,0.4
Corn,67,2025-04-07,825,5,0.01,100.0,0.009002626070878934,0.009942802480123941,-4.550138753446488,1.0,1.0,,1.0,1.0
Corn,68,2025-04-14,830,4,0.01,100.0,0.009135470363588801,0.012071966969825248,-0.4244617616452169,0.5,0.0,0.5,0.5,0.5
Corn,69,2025-04-21,834,5,0.01,100.0,0.0074800500289413496,0.00894331079608134,-0.5172944396611414,0.4,0.5714285714285714,0.5,0.4,0.4
Corn,70,2025-04-28,839,5,0.01,100.0,0.008142613435570848,0.0112289126593857,-0.0363884194756432,0.8,0.0,0.375,0.2,0.8
Corn,71,2025-05-05,844,5,0.01,100.0,0.015240609721069595,0.019189011959169156,-1.4716828091123335,0.2,0.3333333333333333,0.5,0.2,0.2
Corn,72,2025-05-12,849,5,0.01,100.0,0.014037923263142812,0.015278630113759266,-0.008771183818977901,0.6,0.75,0.5,0.6,0.6
Corn,73,2025-05-19,854,5,0.1,100.0,0.012938398204723154,0.014359591574837538,-2.1344156305951665,0.2,0.0,0.5,0.8,0.2
Corn,74,2025-05-26,859,5,100.0,100.0,0.006763378566752497,0.008615921034959454,-0.7843274840337864,0.8,0.0,0.5,0.2,0.8
Corn,75,2025-06-02,864,5,1.0,100.0,0.004709883494893628,0.007088788535864972,-0.005037208500471069,0.4,0.5714285714285714,0.5,0.4,0.6
Corn,76,2025-06-09,869,5,100.0,100.0,0.011344202654307595,0.01262782797260129,-0.030500190194157062,0.4,0.0,0.5,0.6,0.4
Corn,77,2025-06-16,874,5,100.0,100.0,0.008477754163114106,0.010343334507651333,-0.41885141946360993,0.6,0.0,0.5,0.4,0.6
Corn,78,2025-06-23,879,5,1.0,100.0,0.020766992414955693,0.02806031263864775,-0.004887177693515321,0.8,0.0,0.5,0.2,0.8
Corn,79,2025-06-30,884,4,1.0,100.0,0.009848365168112412,0.01406928183608973,-0.07391585975070547,0.75,0.0,0.5,0.25,0.75
Corn,80,2025-07-07,888,5,100.0,100.0,0.018633371363516626,0.025585424846153077,-0.5829099435934773,0.6,0.0,0.5,0.4,0.6
Corn,81,2025-07-14,893,5,100.0,100.0,0.017974423205930127,0.027594219615691473,-0.5970841288671944,0.8,0.8888888888888888,0.5,0.8,0.2
Corn,82,2025-07-21,898,5,100.0,10.0,0.004786236503200091,0.006322002087313257,-0.010045870985906591,0.8,0.0,0.5,0.2,0.8
Corn,83,2025-07-28,903,5,100.0,100.0,0.0055785022226147105,0.006932697996681947,-0.05271052083346195,0.6,0.0,0.33333333333333337,0.4,0.6
Corn,84,2025-08-04,908,5,1.0,100.0,0.007223571638982444,0.008912933028951173,-0.009389356642274027,0.8,0.0,0.625,0.25,0.8
Corn,85,2025-08-11,913,5,100.0,100.0,0.014975222813236272,0.01784324247823389,-0.016223808383348803,0.2,0.0,0.5,0.8,0.2
Corn,86,2025-08-18,918,5,100.0,100.0,0.007940919568818606,0.010820816511714583,-0.5238190321842431,0.4,0.0,0.3333333333333333,0.5333333333333333,0.4
Corn,87,2025-08-25,923,5,100.0,100.0,0.009665642824477794,0.012586788771663611,-0.15413421848483755,0.4,0.5714285714285714,0.5,0.4,0.6
Corn,88,2025-09-01,928,5,100.0,10.0,0.017038947417624857,0.0250500564570624,-0.17972883755237024,0.6,0.0,0.5,0.4,0.6
Corn,89,2025-09-08,933,5,100.0,10.0,0.017576534572006884,0.02695207488986868,-0.3902147575874779,0.6,0.75,0.5,0.6,0.4
Corn,90,2025-09-15,938,5,0.1,10.0,0.0062082011228103955,0.007716451028140279,-0.0006501599540722491,0.8,0.0,0.5,0.2,0.8
Corn,91,2025-09-22,943,5,0.1,100.0,0.005347532246330962,0.006533778950545696,-0.0715085488553604,0.6,0.0,0.5,0.4,0.6
Corn,92,2025-09-29,948,5,0.1,100.0,0.006227641757235508,0.00808843967662029,-0.21758620955543684,0.6,0.75,0.5,0.6,0.6
Corn,93,2025-10-06,953,5,1.0,100.0,0.007759216667428121,0.008130058630081824,-0.08567606148293017,0.6,0.0,0.5,0.4,0.6
Corn,94,2025-10-13,958,5,1.0,100.0,0.0067484855673523815,0.007371784303285652,-0.6256897535673678,0.2,0.0,0.5,0.8,0.2
Corn,95,2025-10-20,963,5,1.0,100.0,0.005374904511668046,0.006501529680662014,-0.009201372731281854,0.4,0.0,0.5,0.6,0.6
Corn,96,2025-10-27,968,5,1.0,100.0,0.00471794542936378,0.006791095378451836,-0.032298624284493815,0.2,0.0,0.5,0.8,0.8
Corn,97,2025-11-03,973,5,1.0,100.0,0.009248804487369424,0.010643861626935465,-0.4536596869063336,0.4,0.5714285714285714,0.5,0.4,0.4
Corn,98,2025-11-10,978,5,1.0,100.0,0.005994891063668808,0.007194056458958986,-2.272340263198982,0.0,0.0,,1.0,1.0
Corn,99,2025-11-17,983,5,1.0,100.0,0.007898809753184638,0.00869751655178321,-0.000964345834663094,0.4,0.0,0.3333333333333333,0.5333333333333333,0.4
Corn,100,2025-11-24,988,5,1.0,100.0,0.00514098662429243,0.007379977922642668,-0.16955232029733103,0.4,0.0,0.5,0.6,0.6
Corn,101,2025-12-01,993,3,1.0,10.0,0.012160354129928198,0.014889972136920598,-1.4665021167151,0.3333333333333333,0.5,0.5,0.3333333333333333,0.3333333333333333
