week_start,commodity,inventory,inv_delta,production,prod_delta,utilization,inv_delta_norm,prod_delta_norm,utilization_norm,temp_z,precip_z,ssi_value
2023-11-27,Crude Oil,445031.0,-4633.0,13100.0,-100.0,90.5,-1.0204377999982892,-0.7785011727715943,0.1687913753688354,-0.5875929712425543,-1.0951145507491356,0.5896593085362195
2023-12-04,Crude Oil,440773.0,-4258.0,13100.0,0.0,90.2,-0.9385348688788767,-0.01764212124838944,0.10788269581218456,0.7071067811865476,-0.2154914849152882,0.8340003865611583
2023-12-11,Crude Oil,443682.0,2909.0,13300.0,200.0,92.4,0.6267939506753367,1.5040759817980203,0.5545463458942954,0.7071067811865452,0.7071067811865476,0.04006909022245349
2023-12-18,Crude Oil,436568.0,-7114.0,13300.0,0.0,93.3,-1.562307592284323,-0.01764212124838944,0.7372723845642479,0.7071067811865482,0.7071067811865476,1.3487354859391754
2023-12-25,Crude Oil,431065.0,-5503.0,13200.0,-100.0,93.5,-1.2104526001953264,-0.7785011727715943,0.7778781709353495,-0.7071067811865476,0.7071067811865481,0.7149263257429902
2024-01-01,Crude Oil,432403.0,1338.0,13200.0,0.0,92.9,0.2836752712390776,-0.01764212124838944,0.6560608118220478,0.7071067811865475,-0.7071067811865475,-0.3068627407623095
2024-01-08,Crude Oil,429911.0,-2492.0,13300.0,100.0,92.6,-0.552826665260523,0.7432169302748154,0.5951521322653941,-0.7071067811865476,-0.7071067811865474,0.7879297304630389
2024-01-15,Crude Oil,420678.0,-9233.0,12300.0,-1000.0,85.5,-2.0251137550630838,-7.626232636480438,-0.8463532839086881,-0.7071067811865472,-0.7071067811865428,-1.3569301409046952
2024-01-22,Crude Oil,421912.0,1234.0,13000.0,700.0,82.9,0.26096085834196053,5.308371239414044,-1.3742285067329991,0.7071067811865472,0.7071067811865475,2.1371772161464984
2024-01-29,Crude Oil,427432.0,5520.0,13300.0,300.0,82.4,1.197056759082767,2.2649350333212253,-1.4757429726607514,0.7071067811865482,0.7071067811865469,0.0003677502751083736
2024-02-05,Crude Oil,439450.0,12018.0,13300.0,0.0,80.6,2.6162707495199484,-0.01764212124838944,-1.8411950500006622,0.7071067811865452,0.7071067811865474,-2.227190621163342
2024-02-12,Crude Oil,442964.0,3514.0,13300.0,0.0,80.6,0.758930679547989,-0.01764212124838944,-1.8411950500006622,0.7071067811865472,0.7071067811865474,-0.5536529158574535
2024-02-19,Crude Oil,447163.0,4199.0,13300.0,0.0,81.5,0.9085400337261161,-0.01764212124838944,-1.6584690113307068,0.7071067811865475,-0.7071067811865476,-0.7001115496738727
2024-02-26,Crude Oil,448530.0,1367.0,13200.0,-100.0,84.9,0.29000909791231216,-0.7785011727715943,-0.9681706430219897,-0.7071067811865485,0.7071067811865476,-0.5089705387938132
2024-03-04,Crude Oil,446994.0,-1536.0,13100.0,-100.0,86.8,-0.3440287928601005,-0.7785011727715943,-0.5824156724965326,-0.7071067811865476,-0.7071067811865474,0.03577542010745295
2024-03-11,Crude Oil,445042.0,-1952.0,13100.0,0.0,87.8,-0.4348864444485689,-0.01764212124838944,-0.37938674064102784,0.7071067811865476,0.7071067811865476,0.414795014528762
2024-03-18,Crude Oil,448207.0,3165.0,13100.0,0.0,88.7,0.6827063516528558,-0.01764212124838944,-0.1966607019710725,-0.7071067811865452,-0.7071067811865475,-0.5924515575478752
2024-03-25,Crude Oil,451417.0,3210.0,13100.0,0.0,88.6,0.6925347033871853,-0.01764212124838944,-0.2169635951566247,-0.7071067811865485,0.7071067811865474,-0.6015670146306052
2024-04-01,Crude Oil,457258.0,5841.0,13100.0,0.0,88.3,1.267165668120984,-0.01764212124838944,-0.2778722747132755,0.707106781186543,-0.7071067811865476,-1.1245194797354132
2024-04-08,Crude Oil,459993.0,2735.0,13100.0,0.0,88.1,0.5887909906359292,-0.01764212124838944,-0.31847806108437704,0.7071067811865475,0.7071067811865475,-0.5120471837095492
2024-04-15,Crude Oil,453625.0,-6368.0,13100.0,0.0,88.5,-1.3993753613107716,-0.01764212124838944,-0.237266488342174,-0.7071067811865451,0.7071067811865475,1.284816932269257
2024-04-22,Crude Oil,460890.0,7265.0,13100.0,0.0,87.5,1.5781783985584334,-0.01764212124838944,-0.4402954201976787,-0.7071067811865515,-0.7071067811865468,-1.3814361854352857
2024-04-29,Crude Oil,459528.0,-1362.0,13100.0,0.0,88.5,-0.30602583282069307,-0.01764212124838944,-0.237266488342174,-0.7071067811865476,-0.7071067811865476,0.30141427946447474
2024-05-06,Crude Oil,457020.0,-2508.0,13100.0,0.0,90.4,-0.556321190321618,-0.01764212124838944,0.14848848218328609,0.7071067811865476,0.7071067811865474,0.48549097474955255
2024-05-13,Crude Oil,458845.0,1825.0,13100.0,0.0,91.7,0.39003987778615473,-0.01764212124838944,0.4124260935954416,-0.7071067811864248,0.7071067811865477,-0.37517514159050547
2024-05-20,Crude Oil,454689.0,-4156.0,13100.0,0.0,94.3,-0.9162572716143964,-0.01764212124838944,0.9403013164197527,0.7071067811865538,0.7071067811865474,0.7517253774653802
2024-05-27,Crude Oil,455922.0,1233.0,13100.0,0.0,95.4,0.2607424505256421,-0.01764212124838944,1.1636331414608097,0.7071067811865476,-0.7071067811865477,-0.32343166319395567
2024-06-03,Crude Oil,459652.0,3730.0,13200.0,100.0,95.0,0.8061067678727707,0.7432169302748154,1.0824215687186065,0.7071067811865253,-0.7071067811865476,-0.48367054208673066
2024-06-10,Crude Oil,457105.0,-2547.0,13200.0,0.0,93.5,-0.5648390951580369,-0.01764212124838944,0.7778781709353495,0.7071067811865346,-0.7071067811865476,0.44874689317625777
2024-06-17,Crude Oil,460696.0,3591.0,13200.0,0.0,92.2,0.7757480814045085,-0.01764212124838944,0.513940559523194,0.7071067811865596,-0.7071067811865477,-0.7398149807596911
2024-06-24,Crude Oil,448539.0,-12157.0,13200.0,0.0,93.5,-2.6637382099781837,-0.01764212124838944,0.7778781709353495,0.7071067811865455,-0.7071067811865476,2.3399389613782318
2024-07-01,Crude Oil,445096.0,-3443.0,13300.0,100.0,95.4,-0.7605324985793533,0.7432169302748154,1.1636331414608097,0.7071067811865475,-0.7071067811865479,0.9219769400502166
2024-07-08,Crude Oil,440226.0,-4870.0,13300.0,0.0,93.7,-1.072200452465758,-0.01764212124838944,0.818483957306451,0.7071067811865431,-0.7071067811865465,0.902921188024836
2024-07-15,Crude Oil,436485.0,-3741.0,13300.0,0.0,91.6,-0.8256180278422466,-0.01764212124838944,0.3921232004098894,0.7071067811865419,-0.707106781186557,0.7120157004964913
2024-07-22,Crude Oil,433049.0,-3436.0,13300.0,0.0,90.1,-0.7590036438651243,-0.01764212124838944,0.08757980262663236,-0.7071067811865664,0.7071067811865482,0.6839877177557343
2024-07-29,Crude Oil,429321.0,-3728.0,13400.0,100.0,90.5,-0.822778726230107,0.7432169302748154,0.1687913753688354,0.7071067811865414,-0.7071067811865476,1.0510386114786292
2024-08-05,Crude Oil,430678.0,1357.0,13300.0,-100.0,91.5,0.28782501974912783,-0.7785011727715943,0.37182030722434006,-0.7071067811865737,0.7071067811865465,-0.6052958988649262
2024-08-12,Crude Oil,426029.0,-4649.0,13400.0,100.0,92.3,-1.0239323250593841,0.7432169302748154,0.5342434527087433,0.7071067811865422,0.7071067811865483,1.2037297755164835
2024-08-19,Crude Oil,425183.0,-846.0,13300.0,-100.0,93.3,-0.19332739960038134,-0.7785011727715943,0.7372723845642479,0.7071067811865476,0.7071067811865476,-0.20996945160026664
2024-08-26,Crude Oil,418310.0,-6873.0,13300.0,0.0,93.3,-1.5096713085515805,-0.01764212124838944,0.7372723845642479,-0.7071067811865959,-0.7071067811865426,1.3144609668048262
2024-09-02,Crude Oil,419143.0,833.0,13300.0,0.0,92.8,0.17337932399826864,-0.01764212124838944,0.6357579186364957,0.7071067811865556,0.707106781186547,-0.20774139893649812
2024-09-09,Crude Oil,417513.0,-1630.0,13200.0,-100.0,92.1,-0.36455912759403325,-0.7785011727715943,0.4936376663376417,-0.7071067811865508,0.7071067811865476,-0.026407438417032716
2024-09-16,Crude Oil,413042.0,-4471.0,13200.0,0.0,90.9,-0.985055733754703,-0.01764212124838944,0.2500029481110384,-0.7071067811868252,-0.7071067811865477,0.8775043657058694
2024-09-23,Crude Oil,416931.0,3889.0,13300.0,100.0,87.6,0.8408336106674016,0.7432169302748154,-0.41999252701212936,-0.7071067811865561,0.7071067811865471,-0.39509831987028726
2024-09-30,Crude Oil,422741.0,5810.0,13400.0,100.0,86.7,1.2603950258151126,0.7432169302748154,-0.6027185656820818,-0.7071067811865557,-0.7071067811865476,-0.757987295814961
2024-10-07,Crude Oil,420550.0,-2191.0,13500.0,100.0,87.7,-0.48708591254867456,0.7432169302748154,-0.3996896338265772,-0.7071067811865406,-0.7071067811865476,0.8016700125088957
2024-10-14,Crude Oil,426024.0,5474.0,13500.0,0.0,89.5,1.187009999532119,-0.01764212124838944,-0.034237556486669304,-0.7071067811865436,-0.7071067811865476,-1.0587636584044562
2024-10-21,Crude Oil,425509.0,-515.0,13500.0,0.0,89.1,-0.12103441239897982,-0.01764212124838944,-0.11544912922887234,0.7071067811865476,-0.7071067811865474,0.11438998766712175
2024-10-28,Crude Oil,427658.0,2149.0,13500.0,0.0,90.5,0.4608040102733272,-0.01764212124838944,0.1687913753688354,0.7071067811865459,0.7071067811865474,-0.4324688131886123
2024-11-04,Crude Oil,429747.0,2089.0,13400.0,-100.0,91.4,0.4476995412942212,-0.7785011727715943,0.3515174140387908,-0.7071067811865476,0.7071067811865474,-0.7478599460506363
2024-11-11,Crude Oil,430292.0,545.0,13201.0,-199.0,90.2,0.11047787289855976,-1.5317516337795671,0.10788269581218456,-0.7071067811865589,0.7071067811865476,-0.7480852511148923
2024-11-18,Crude Oil,428448.0,-1844.0,13493.0,292.0,90.5,-0.41129840028617803,2.204066309199369,0.1687913753688354,-0.707106781186548,0.707106781186547,1.3143153472080586
2024-11-25,Crude Oil,423375.0,-5073.0,13513.0,20.0,93.3,-1.1165372391784,0.13452968905625154,0.7372723845642479,-0.5670466331348426,0.8646425802266522,1.0221979946123567
2024-12-02,Crude Oil,421950.0,-1425.0,13631.0,118.0,92.4,-0.31978552524875437,0.8801715595489923,0.5545463458942954,-0.7071067811865476,1.0901777069960306,0.6372419790305524
2024-12-09,Crude Oil,421016.0,-934.0,13604.0,-27.0,91.8,-0.2125472874364035,-0.22307406515965475,0.4327289867809909,-0.7071067811865481,-0.7071067811865475,0.0802359846086525
2024-12-16,Crude Oil,416779.0,-4237.0,13585.0,-19.0,92.5,-0.9339483047361895,-0.16220534103779835,0.5748492390798448,-0.7071067811865474,-0.7071067811865477,0.7458380348987703
2024-12-23,Crude Oil,415601.0,-1178.0,13573.0,-12.0,92.7,-0.2658387946181013,-0.10894520743117403,0.6154550254509463,0.7071067811865476,-0.7071067811865474,0.1522261184034371
2024-12-30,Crude Oil,414642.0,-959.0,13563.0,-10.0,93.3,-0.21800748284436433,-0.09372802640070993,0.7372723845642479,-0.7071067811865475,0.7071067811865475,0.1163512739912979
2025-01-06,Crude Oil,412680.0,-1962.0,13481.0,-82.0,91.7,-0.4370705226117532,-0.6415465434974174,0.4124260935954416,0.7071067811865476,0.7071067811865475,0.09201735563674718
2025-01-13,Crude Oil,411663.0,-1017.0,13477.0,-4.0,85.9,-0.2306751361908335,-0.04807648330931764,-0.7651417111664851,0.7071067811865476,0.7071067811865491,0.24608105224935287
2025-01-20,Crude Oil,415126.0,3463.0,13240.0,-237.0,83.5,0.7477918809157489,-1.820878073358385,-1.2524111476196975,-0.7071067811865477,-0.7071067811865476,-1.3443746890747246
2025-01-27,Crude Oil,423790.0,8664.0,13478.0,238.0,84.5,1.883730933587922,1.793202421376838,-1.0493822157641928,-0.7071067811865474,-0.7071067811865478,-0.8380988057922988
2025-02-03,Crude Oil,427860.0,4070.0,13494.0,16.0,85.0,0.8803654254210381,0.10409532699532334,-0.9478677498364404,-0.7071067811865482,-0.7071067811865476,-0.6634146266177121
2025-02-10,Crude Oil,432493.0,4633.0,13497.0,3.0,84.9,1.0033290260083163,0.005183650297306704,-0.9681706430219897,-0.7071067811865476,-0.7071067811865476,-0.8149963297959503
2025-02-17,Crude Oil,430161.0,-2332.0,13502.0,5.0,86.5,-0.5178814146495737,0.0204008313277708,-0.6433243520531834,-0.7071067811865476,0.7071067811865476,0.5366014224288302
2025-02-24,Crude Oil,433775.0,3614.0,13508.0,6.0,85.9,0.7807714611798324,0.02800942184300285,-0.7651417111664851,0.7071067811865472,-0.7071067811865476,-0.631003881283614
2025-03-03,Crude Oil,435223.0,1448.0,13575.0,67.0,86.5,0.3077001310341053,0.4921334432721578,-0.6433243520531834,0.7071067811865476,0.7071067811865476,-0.01706105273352089
2025-03-10,Crude Oil,436968.0,1745.0,13573.0,-2.0,86.9,0.37256725248068007,-0.03285930227885354,-0.5621127793109804,-0.7071067811865476,-0.7071067811865474,-0.2927005384046248
2025-03-17,Crude Oil,433627.0,-3341.0,13574.0,1.0,87.0,-0.7382549013148731,-0.010033530733157393,-0.541809886125431,0.7071067811865482,0.7071067811865475,0.703308460121745
2025-03-24,Crude Oil,439792.0,6165.0,13580.0,6.0,86.0,1.3379298006081566,0.02800942184300285,-0.7448388179809358,0.7071067811865471,-0.7071067811865477,-1.134515126491981
2025-03-31,Crude Oil,442345.0,2553.0,13458.0,-122.0,86.7,0.5490407680659743,-0.9458901641066993,-0.6027185656820818,-0.7071067811865489,0.7071067811865476,-0.8407194842579909
2025-04-07,Crude Oil,442860.0,515.0,13462.0,4.0,86.3,0.10392563840900676,0.012792240812538753,-0.6839301384242849,-0.7071067811865475,-0.7071067811865475,-0.02219600139325002
2025-04-14,Crude Oil,443104.0,244.0,13460.0,-2.0,88.1,0.044737120186711256,-0.03285930227885354,-0.31847806108437704,0.7071067811865482,-0.7071067811865475,-0.02658785066782614
2025-04-21,Crude Oil,440408.0,-2696.0,13465.0,5.0,88.6,-0.5973818597894835,0.0204008313277708,-0.2169635951566247,0.7071067811865461,0.7071067811865478,0.5655554956215912
2025-04-28,Crude Oil,438376.0,-2032.0,13367.0,-98.0,89.0,-0.4523590697540436,-0.7632839917411302,-0.13575202241442166,0.7071067811865476,0.7071067811865476,0.0939720015097503
2025-05-05,Crude Oil,441830.0,3454.0,13387.0,20.0,90.2,0.745826210568883,0.13452968905625154,0.10788269581218456,-0.7071067811865476,-0.7071067811865476,-0.6066246586399826
2025-05-12,Crude Oil,443158.0,1328.0,13392.0,5.0,90.7,0.28149119307589326,0.0204008313277708,0.20939716173993692,0.7071067811865884,-0.7071067811865475,-0.2558704140904025
2025-05-19,Crude Oil,440363.0,-2795.0,13401.0,9.0,90.2,-0.6190042336050084,0.050835193388699,0.10788269581218456,-0.7071067811865455,-0.7071067811865476,0.587370279123294
2025-05-26,Crude Oil,436059.0,-4304.0,13408.0,7.0,93.4,-0.9485816284295246,0.0356180123582349,0.7575752777498002,-0.7071067811865476,0.7071067811865475,0.8284223462005922
2025-06-02,Crude Oil,432415.0,-3644.0,13428.0,20.0,94.3,-0.8044324696593586,0.13452968905625154,0.9403013164197527,-0.707106781186555,0.7071067811865476,0.727410427821661
2025-06-09,Crude Oil,420942.0,-11473.0,13431.0,3.0,93.2,-2.514347263616375,0.005183650297306704,0.7169694913786987,-0.7071067811865518,0.7071067811865476,2.22921044559994
2025-06-16,Crude Oil,415106.0,-5836.0,13435.0,4.0,94.7,-1.2831824030293648,0.012792240812538753,1.0215128891619556,-0.7071067811865435,0.7071067811865475,1.1007942572722107
2025-06-23,Crude Oil,418951.0,3845.0,13433.0,-2.0,94.9,0.8312236667493905,-0.03285930227885354,1.0621186755330572,-0.7071067811865482,0.7071067811865476,-0.8268607237035955
2025-06-30,Crude Oil,426021.0,7070.0,13385.0,-48.0,94.7,1.5355888743763388,-0.38285446597952777,1.0215128891619556,-0.7071067811865475,0.7071067811865474,-1.6081349171993802
2025-07-07,Crude Oil,422162.0,-3859.0,13375.0,-10.0,93.9,-0.8513901501678217,-0.09372802640070993,0.8590897436775525,-0.7071067811865489,0.7071067811865478,0.6781186407936584
2025-07-14,Crude Oil,418993.0,-3169.0,13273.0,-102.0,95.5,-0.7006887569081026,-0.7937183538020584,1.1839360346463588,-0.7071067811865493,0.7071067811865444,0.21931888059292282
2025-07-21,Crude Oil,426691.0,7698.0,13314.0,41.0,95.4,1.6727489830243152,0.29431008987612456,1.1636331414608097,0.7071067811865412,-0.7071067811865474,-1.4623744382987935
2025-07-28,Crude Oil,423662.0,-3029.0,13284.0,-30.0,96.9,-0.6701116626235218,-0.24589983670535087,1.4681765392440667,-0.7071067811865496,0.7071067811865476,0.4050608942863074
2025-08-04,Crude Oil,426698.0,3036.0,13327.0,43.0,96.4,0.6545317433477778,0.30952727090658866,1.3666620733163142,0.7071067811865388,-0.7071067811865479,-0.553308916072867
2025-08-11,Crude Oil,420684.0,-6014.0,13382.0,55.0,96.6,-1.322058994334046,0.40083035708937326,1.4072678596874129,-0.7071067811865492,-0.7071067811865472,1.2751275754808955
2025-08-18,Crude Oil,418292.0,-2392.0,13439.0,57.0,94.6,-0.5309858836286797,0.41604753811983736,1.0012099959764036,-0.7071067811865476,-0.7071067811865476,0.5986288855413734
2025-08-25,Crude Oil,420707.0,2415.0,13423.0,-16.0,94.3,0.5189004894140306,-0.1393795694921022,0.9403013164197527,0.7071067811865314,0.7071067811865492,-0.5934410211566196
2025-09-01,Crude Oil,424646.0,3939.0,13495.0,72.0,94.9,0.8517540014833233,0.5301763958483181,1.0621186755330572,-0.7071067811865448,-0.7071067811865477,-0.6029630915923005
2025-09-08,Crude Oil,415361.0,-9285.0,13482.0,-13.0,93.3,-2.0364709615116423,-0.11655379794640607,0.7372723845642479,0.7071067811865465,-0.7071067811865476,1.7354487894165198
2025-09-15,Crude Oil,414754.0,-607.0,13501.0,19.0,93.0,-0.14112793150027572,0.1269210985410195,0.6763637050075971,0.707106781186455,0.7071067811865475,0.1344514486038428
2025-09-22,Crude Oil,416546.0,1792.0,13505.0,4.0,91.4,0.38283241984764643,0.012792240812538753,0.3515174140387908,0.7071067811865447,-0.7071067811865476,-0.36085995088463396
2025-09-29,Crude Oil,420261.0,3715.0,13629.0,124.0,92.4,0.8028306506279942,0.9258231026403846,0.5545463458942954,0.7071067811865447,0.7071067811865475,-0.36569827266323646
2025-10-06,Crude Oil,423785.0,3524.0,13636.0,7.0,85.7,0.7611147577111733,0.0356180123582349,-0.8057474975375866,0.7071067811865498,0.7071067811865476,-0.6088108414528084
2025-10-13,Crude Oil,422824.0,-961.0,13629.0,-7.0,88.6,-0.2184442984770012,-0.07090225485501378,-0.2169635951566247,0.7071067811865488,0.7071067811865474,0.18509371140909242
2025-10-20,Crude Oil,415966.0,-6858.0,13644.0,15.0,86.6,-1.5063951913068039,0.09648673648009129,-0.623021458867634,-0.7071067811865476,0.7071067811865476,1.4583224897378175
2025-10-27,Crude Oil,421168.0,5202.0,13651.0,7.0,86.0,1.127603073493505,0.0356180123582349,-0.7448388179809358,-0.707106781186548,-0.7071067811865476,-0.9303464743659046
2025-11-03,Crude Oil,427581.0,6413.0,13862.0,211.0,89.4,1.392094939055128,1.5877704774655728,-0.05454044967221862,0.7071067811865476,-0.7071067811865476,-0.5672980388774796
2025-11-10,Crude Oil,424155.0,-3426.0,13834.0,-28.0,90.0,-0.75681956570194,-0.23068265567488677,0.06727690944108304,0.7071067811865437,-0.7071067811865476,0.5827984879542654
2025-11-17,Crude Oil,426929.0,2774.0,13814.0,-20.0,92.3,0.5973088954723482,-0.1698139315530304,0.5342434527087433,0.7071067811865472,-0.7071067811865477,-0.6455632319564624
2023-11-27,Natural Gas,3719.0,-117.0,-117.0,-127.0,,-1.2072363273076794,-2.6060388264957624,0.0,-0.5875929712425543,-1.0951145507491356,-0.010754744442388518
2023-12-04,Natural Gas,3664.0,-55.0,-55.0,62.0,,-0.5728543789484959,1.262820772373198,0.0,0.7071067811865476,-0.2154914849152882,1.0597042997276864
2023-12-11,Natural Gas,3577.0,-87.0,-87.0,-32.0,,-0.9002773200371067,-0.6613739487573961,0.0,0.7071067811865452,0.7071067811865476,0.5311637550342156
2023-12-18,Natural Gas,3490.0,-87.0,-87.0,0.0,,-0.9002773200371067,-0.006328937308683216,0.0,0.7071067811865482,0.7071067811865476,0.8111367595825812
2023-12-25,Natural Gas,3476.0,-14.0,-14.0,73.0,,-0.15334373567871312,1.4879924950586931,0.0,-0.7071067811865476,0.7071067811865481,0.7882120026390709
2024-01-01,Natural Gas,3336.0,-140.0,-140.0,-126.0,,-1.4425715662151186,-2.5855686698879903,0.0,0.7071067811865475,-0.7071067811865475,0.1991208757204185
2024-01-08,Natural Gas,3182.0,-154.0,-154.0,-14.0,,-1.5858191029413857,-0.2929111298174951,0.0,-0.7071067811865476,-0.7071067811865474,1.3195020195621052
2024-01-15,Natural Gas,2856.0,-326.0,-326.0,-172.0,,-3.3457174112926698,-3.527195873845515,0.0,-0.7071067811865472,-0.7071067811865428,1.5228740895655009
2024-01-22,Natural Gas,2659.0,-197.0,-197.0,129.0,,-2.025793680029207,2.6343212650939405,0.0,0.7071067811865472,0.7071067811865475,2.953913200422277
2024-01-29,Natural Gas,2584.0,-75.0,-75.0,122.0,,-0.7774937171288776,2.4910301688395347,0.0,0.7071067811865482,0.7071067811865469,1.767900901286415
2024-02-05,Natural Gas,2530.0,-54.0,-54.0,21.0,,-0.5626224120394768,0.42354435145453456,0.0,0.7071067811865452,0.7071067811865474,0.6906284639412174
2024-02-12,Natural Gas,2470.0,-60.0,-60.0,-6.0,,-0.6240142134935913,-0.12914987695531688,0.0,0.7071067811865472,0.7071067811865474,0.509717710421939
2024-02-19,Natural Gas,2374.0,-96.0,-96.0,-36.0,,-0.9923650222182785,-0.7432545751884853,0.0,0.7071067811865475,-0.7071067811865476,0.5808908445110584
2024-02-26,Natural Gas,2334.0,-40.0,-40.0,56.0,,-0.4193748753132095,1.1399998327265644,0.0,-0.7071067811865485,0.7071067811865476,0.8791810432691743
2024-03-04,Natural Gas,2325.0,-9.0,-9.0,31.0,,-0.10218390113361768,0.6282459175322573,0.0,-0.7071067811865476,-0.7071067811865474,0.37639938805511713
2024-03-11,Natural Gas,2332.0,7.0,7.0,16.0,,0.06152756941068777,0.32119356841567326,0.0,0.7071067811865476,0.7071067811865476,0.08449857978508173
2024-03-18,Natural Gas,2296.0,-36.0,-36.0,-43.0,,-0.37844700767713313,-0.8865456714428912,0.0,-0.7071067811865452,-0.7071067811865475,-0.022114074155154834
2024-03-25,Natural Gas,2259.0,-37.0,-37.0,-1.0,,-0.38867897458615225,-0.026799093916455494,0.0,-0.7071067811865485,0.7071067811865474,0.35282089438319536
2024-04-01,Natural Gas,2283.0,24.0,24.0,61.0,,0.23547100686401232,1.2423506157654256,0.0,0.707106781186543,-0.7071067811865476,0.3232296331801867
2024-04-08,Natural Gas,2333.0,50.0,50.0,26.0,,0.5015021464985087,0.525895134493396,0.0,0.7071067811865475,0.7071067811865475,-0.22444455128379173
2024-04-15,Natural Gas,2425.0,92.0,92.0,42.0,,0.9312447566773105,0.8534176402177525,0.0,-0.7071067811865451,0.7071067811865475,-0.46026946572565147
2024-04-22,Natural Gas,2484.0,59.0,59.0,-33.0,,0.5935898486796805,-0.6818441053651684,0.0,-0.7071067811865515,-0.7071067811865468,-0.8104666038168739
2024-04-29,Natural Gas,2569.0,85.0,85.0,26.0,,0.859620988314177,0.525895134493396,0.0,-0.7071067811865476,-0.7071067811865476,-0.5339710759772475
2024-05-06,Natural Gas,2640.0,71.0,71.0,-14.0,,0.7163734515879097,-0.2929111298174951,0.0,0.7071067811865476,0.7071067811865474,-0.7680184487086673
2024-05-13,Natural Gas,2719.0,79.0,79.0,8.0,,0.7982291868600624,0.15743231555349502,0.0,-0.7071067811864248,0.7071067811865477,-0.6378884334100796
2024-05-20,Natural Gas,2804.0,85.0,85.0,6.0,,0.859620988314177,0.11649200233795046,0.0,0.7071067811865538,0.7071067811865474,-0.7221070820255512
2024-05-27,Natural Gas,2900.0,96.0,96.0,11.0,,0.9721726243133869,0.21884278537681184,0.0,0.7071067811865476,-0.7071067811865477,-0.7780258152474979
2024-06-03,Natural Gas,2974.0,74.0,74.0,-22.0,,0.747069352314967,-0.45667238267967336,0.0,0.7071067811865253,-0.7071067811865476,-0.8639209229371805
2024-06-10,Natural Gas,3045.0,71.0,71.0,-3.0,,0.7163734515879097,-0.06773940713200005,0.0,0.7071067811865346,-0.7071067811865476,-0.6700287169523858
2024-06-17,Natural Gas,3102.0,57.0,57.0,-14.0,,0.5731259148616423,-0.2929111298174951,0.0,0.7071067811865596,-0.7071067811865477,-0.6371976761062744
2024-06-24,Natural Gas,3134.0,32.0,32.0,-25.0,,0.317326742136165,-0.5180828525029902,0.0,0.7071067811865455,-0.7071067811865476,-0.5029531086347531
2024-07-01,Natural Gas,3199.0,65.0,65.0,33.0,,0.6549816501337952,0.6691862307478019,0.0,0.7071067811865475,-0.7071067811865479,-0.29974261776706934
2024-07-08,Natural Gas,3209.0,10.0,10.0,-55.0,,0.09222347013774504,-1.1321875507361585,0.0,0.7071067811865431,-0.7071067811865465,-0.5626007471480265
2024-07-15,Natural Gas,3231.0,22.0,22.0,12.0,,0.21500707304597413,0.23931294198458414,0.0,0.7071067811865419,-0.707106781186557,-0.08704020701169636
2024-07-22,Natural Gas,3249.0,18.0,18.0,-4.0,,0.17407920540989777,-0.08820956373977232,0.0,-0.7071067811865664,0.7071067811865482,-0.18049420792026202
2024-07-29,Natural Gas,3270.0,21.0,21.0,3.0,,0.20477510613695504,0.055081532514633616,0.0,0.7071067811865414,-0.7071067811865476,-0.15656320302952334
2024-08-05,Natural Gas,3264.0,-6.0,-6.0,-27.0,,-0.0714880004065604,-0.5590231657185347,0.0,-0.7071067811865737,0.7071067811865465,-0.16045892866577877
2024-08-12,Natural Gas,3299.0,35.0,35.0,41.0,,0.3480226428632223,0.8329474836099802,0.0,0.7071067811865422,0.7071067811865483,0.045083967269267916
2024-08-19,Natural Gas,3334.0,35.0,35.0,0.0,,0.3480226428632223,-0.006328937308683216,0.0,0.7071067811865476,0.7071067811865476,-0.3136314448083257
2024-08-26,Natural Gas,3347.0,13.0,13.0,-22.0,,0.12291937086480231,-0.45667238267967336,0.0,-0.7071067811865959,-0.7071067811865426,-0.29013295397893246
2024-09-02,Natural Gas,3387.0,40.0,40.0,27.0,,0.39918247740831775,0.5463652911011683,0.0,0.7071067811865556,0.707106781186547,-0.12350127977764658
2024-09-09,Natural Gas,3445.0,58.0,58.0,18.0,,0.5833578817706614,0.36213388163121774,0.0,-0.7071067811865508,0.7071067811865476,-0.35678922774929583
2024-09-16,Natural Gas,3493.0,48.0,48.0,-10.0,,0.4810382126804705,-0.211030503386406,0.0,-0.7071067811868252,-0.7071067811865477,-0.5078224801723241
2024-09-23,Natural Gas,3548.0,55.0,55.0,7.0,,0.5526619810436041,0.13696215894572272,0.0,-0.7071067811865561,0.7071067811865471,-0.4253717135285938
2024-09-30,Natural Gas,3630.0,82.0,82.0,27.0,,0.8289250875871197,0.5463652911011683,0.0,-0.7071067811865557,-0.7071067811865476,-0.4975636850509084
2024-10-07,Natural Gas,3706.0,76.0,76.0,-6.0,,0.7675332861330051,-0.12914987695531688,0.0,-0.7071067811865406,-0.7071067811865476,-0.7309693769230053
2024-10-14,Natural Gas,3785.0,79.0,79.0,3.0,,0.7982291868600624,0.055081532514633616,0.0,-0.7071067811865436,-0.7071067811865476,-0.6798852039279801
2024-10-21,Natural Gas,3864.0,79.0,79.0,0.0,,0.7982291868600624,-0.006328937308683216,0.0,0.7071067811865476,-0.7071067811865474,-0.7175365398671836
2024-10-28,Natural Gas,3931.0,67.0,67.0,-12.0,,0.6754455839518333,-0.25197081660195053,0.0,0.7071067811865459,0.7071067811865474,-0.713642489878791
2024-11-04,Natural Gas,3972.0,41.0,41.0,-26.0,,0.40941444431733687,-0.5385530091107624,0.0,-0.7071067811865476,0.7071067811865474,-0.5850221133094838
2024-11-11,Natural Gas,3969.0,-3.0,-3.0,-44.0,,-0.04079209967950313,-0.9070158280506635,0.0,-0.7071067811865589,0.7071067811865476,-0.33685282186630083
2024-11-18,Natural Gas,3967.0,-2.0,-2.0,1.0,,-0.03056013277048404,0.01414121929908906,0.0,-0.707106781186548,0.707106781186547,0.0476398042684375
2024-11-25,Natural Gas,3937.0,-30.0,-30.0,-28.0,,-0.3170552062230186,-0.579493322326307,0.0,-0.5670466331348426,0.8646425802266522,0.0507335504983524
2024-12-02,Natural Gas,3747.0,-190.0,-190.0,-160.0,,-1.9541699116660731,-3.281553994552248,0.0,-0.7071067811865476,1.0901777069960306,0.37180123096405543
2024-12-09,Natural Gas,3622.0,-125.0,-125.0,65.0,,-1.289092062579832,1.3242312421965148,0.0,-0.7071067811865481,-0.7071067811865475,1.7433224407102574
2024-12-16,Natural Gas,3529.0,-93.0,-93.0,32.0,,-0.9616691214912212,0.6487160741400296,0.0,-0.7071067811865474,-0.7071067811865477,1.1595791114049272
2024-12-23,Natural Gas,3413.0,-116.0,-116.0,-23.0,,-1.1970043603986604,-0.47714253928744566,0.0,0.7071067811865476,-0.7071067811865474,0.8790181078368495
2024-12-30,Natural Gas,3373.0,-40.0,-40.0,76.0,,-0.4193748753132095,1.5494029648820098,0.0,-0.7071067811865475,0.7071067811865475,1.054164171111903
2025-01-06,Natural Gas,3115.0,-258.0,-258.0,-218.0,,-2.6499436614793717,-4.46882307780304,0.0,0.7071067811865476,0.7071067811865475,0.4803400345463903
2025-01-13,Natural Gas,2892.0,-223.0,-223.0,35.0,,-2.291824819663703,0.7101265439633465,0.0,0.7071067811865476,0.7071067811865491,2.371197198857876
2025-01-20,Natural Gas,2571.0,-321.0,-321.0,-98.0,,-3.2945575767475743,-2.0124042848703665,0.0,-0.7071067811865477,-0.7071067811865476,2.1242146050265918
2025-01-27,Natural Gas,2397.0,-174.0,-174.0,147.0,,-1.7904584411217677,3.002784084033842,0.0,-0.7071067811865474,-0.7071067811865478,2.9125044289240876
2025-02-03,Natural Gas,2297.0,-100.0,-100.0,74.0,,-1.033292889854355,1.5084626516664652,0.0,-0.7071067811865482,-0.7071067811865476,1.5915795604544636
2025-02-10,Natural Gas,2101.0,-196.0,-196.0,-96.0,,-2.0155617131201877,-1.971463971654822,0.0,-0.7071067811865476,-0.7071067811865476,0.9892864788857549
2025-02-17,Natural Gas,1840.0,-261.0,-261.0,-65.0,,-2.6806395622064287,-1.3368891168138812,0.0,-0.7071067811865476,0.7071067811865476,1.8580230638402606
2025-02-24,Natural Gas,1760.0,-80.0,-80.0,181.0,,-0.828653551673973,3.698769408698099,0.0,0.7071067811865472,-0.7071067811865476,2.331947197422249
2025-03-03,Natural Gas,1698.0,-62.0,-62.0,18.0,,-0.6444781473116294,0.36213388163121774,0.0,0.7071067811865476,0.7071067811865476,0.7381362868560151
2025-03-10,Natural Gas,1707.0,9.0,9.0,71.0,,0.08199150322872596,1.4470521818431485,0.0,-0.7071067811865476,-0.7071067811865474,0.5604162365353585
2025-03-17,Natural Gas,1744.0,37.0,37.0,28.0,,0.3684865766812605,0.5668354477089406,0.0,0.7071067811865482,0.7071067811865475,-0.08709388885130745
2025-03-24,Natural Gas,1773.0,29.0,29.0,-8.0,,0.2866308414091078,-0.17009019017086144,0.0,0.7071067811865471,-0.7071067811865477,-0.32655921543423116
2025-03-31,Natural Gas,1830.0,57.0,57.0,28.0,,0.5731259148616423,0.5668354477089406,0.0,-0.7071067811865489,0.7071067811865476,-0.2600782523165307
2025-04-07,Natural Gas,1846.0,16.0,16.0,-41.0,,0.1536152715918596,-0.8456053582273466,0.0,-0.7071067811865475,-0.7071067811865475,-0.4840251599637276
2025-04-14,Natural Gas,1934.0,88.0,88.0,72.0,,0.8903168890412342,1.4675223384509208,0.0,0.7071067811865482,-0.7071067811865475,-0.1705719832359687
2025-04-21,Natural Gas,2041.0,107.0,107.0,19.0,,1.0847242603125968,0.38260403823899003,0.0,0.7071067811865461,0.7071067811865478,-0.8111951021785968
2025-04-28,Natural Gas,2145.0,104.0,104.0,-3.0,,1.0540283595855398,-0.06773940713200005,0.0,0.7071067811865476,0.7071067811865476,-0.9760183082713957
2025-05-05,Natural Gas,2255.0,110.0,110.0,6.0,,1.1154201610396541,0.11649200233795046,0.0,-0.7071067811865476,-0.7071067811865476,-0.939439491604998
2025-05-12,Natural Gas,2375.0,120.0,120.0,10.0,,1.2177398301298452,0.19837262876903958,0.0,0.7071067811865884,-0.7071067811865475,-1.0080408479132557
2025-05-19,Natural Gas,2476.0,101.0,101.0,-19.0,,1.0233324588584825,-0.39526191285635653,0.0,-0.7071067811865455,-0.7071067811865476,-1.0751936978058008
2025-05-26,Natural Gas,2598.0,122.0,122.0,21.0,,1.2382037639478833,0.42354435145453456,0.0,-0.7071067811865476,0.7071067811865475,-0.9205840953025429
2025-06-02,Natural Gas,2707.0,109.0,109.0,-13.0,,1.1051881941306352,-0.2724409732097228,0.0,-0.707106781186555,0.7071067811865476,-1.09820306298697
2025-06-09,Natural Gas,2802.0,95.0,95.0,-14.0,,0.9619406574043678,-0.2929111298174951,0.0,-0.7071067811865518,0.7071067811865476,-0.9778804582194941
2025-06-16,Natural Gas,2898.0,96.0,96.0,1.0,,0.9721726243133869,0.01414121929908906,0.0,-0.7071067811865435,0.7071067811865475,-0.8558625238488486
2025-06-23,Natural Gas,2953.0,55.0,55.0,-41.0,,0.5526619810436041,-0.8456053582273466,0.0,-0.7071067811865482,0.7071067811865476,-0.8453312203511425
2025-06-30,Natural Gas,3006.0,53.0,53.0,-2.0,,0.532198047225566,-0.04726925052422777,0.0,-0.7071067811865475,0.7071067811865474,-0.48567529803502
2025-07-07,Natural Gas,3052.0,46.0,46.0,-7.0,,0.4605742788624323,-0.14962003356308914,0.0,-0.7071067811865489,0.7071067811865478,-0.46488519941589607
2025-07-14,Natural Gas,3075.0,23.0,23.0,-23.0,,0.22523903995499323,-0.47714253928744566,0.0,-0.7071067811865493,0.7071067811865444,-0.3928252369278587
2025-07-21,Natural Gas,3123.0,48.0,48.0,25.0,,0.4810382126804705,0.5054249778856237,0.0,0.7071067811865412,-0.7071067811865474,-0.21300587321034561
2025-07-28,Natural Gas,3130.0,7.0,7.0,-41.0,,0.06152756941068777,-0.8456053582273466,0.0,-0.7071067811865496,0.7071067811865476,-0.4027994678039004
2025-08-04,Natural Gas,3186.0,56.0,56.0,49.0,,0.5628939479526233,0.9967087364721584,0.0,0.7071067811865388,-0.7071067811865479,-0.0767814118902784
2025-08-11,Natural Gas,3199.0,13.0,13.0,-43.0,,0.12291937086480231,-0.8865456714428912,0.0,-0.7071067811865492,-0.7071067811865472,-0.47386523821379783
2025-08-18,Natural Gas,3217.0,18.0,18.0,5.0,,0.17407920540989777,0.09602184573017818,0.0,-0.7071067811865476,-0.7071067811865476,-0.10000278894825361
2025-08-25,Natural Gas,3272.0,55.0,55.0,37.0,,0.5526619810436041,0.751066857178891,0.0,0.7071067811865314,0.7071067811865492,-0.17430088852729525
2025-09-01,Natural Gas,3343.0,71.0,71.0,16.0,,0.7163734515879097,0.32119356841567326,0.0,-0.7071067811865448,-0.7071067811865477,-0.49239087873899945
2025-09-08,Natural Gas,3433.0,90.0,90.0,19.0,,0.9107808228592724,0.38260403823899003,0.0,0.7071067811865465,-0.7071067811865476,-0.6527160950420012
2025-09-15,Natural Gas,3508.0,75.0,75.0,-15.0,,0.757301319223986,-0.31338128642526736,0.0,0.707106781186455,0.7071067811865475,-0.8136452511464066
2025-09-22,Natural Gas,3561.0,53.0,53.0,-22.0,,0.532198047225566,-0.45667238267967336,0.0,0.7071067811865447,-0.7071067811865476,-0.6703132811977622
2025-09-29,Natural Gas,3641.0,80.0,80.0,27.0,,0.8084611537690815,0.5463652911011683,0.0,0.7071067811865447,0.7071067811865475,-0.49227774023368165
2025-10-06,Natural Gas,3721.0,80.0,80.0,0.0,,0.8084611537690815,-0.006328937308683216,0.0,0.7071067811865498,0.7071067811865476,-0.7285049628213652
2025-10-13,Natural Gas,3808.0,87.0,87.0,7.0,,0.8800849221322151,0.13696215894572272,0.0,0.7071067811865488,0.7071067811865474,-0.7317967486562164
2025-10-20,Natural Gas,3882.0,74.0,74.0,-13.0,,0.747069352314967,-0.2724409732097228,0.0,-0.7071067811865476,0.7071067811865476,-0.7755236600879394
2025-10-27,Natural Gas,3915.0,33.0,33.0,-41.0,,0.32755870904518414,-0.8456053582273466,0.0,-0.707106781186548,-0.7071067811865476,-0.6407551556575425
2025-11-03,Natural Gas,3960.0,45.0,45.0,12.0,,0.45034231195341323,0.23931294198458414,0.0,0.7071067811865476,-0.7071067811865476,-0.2990866717739166
2025-11-10,Natural Gas,3946.0,-14.0,-14.0,-59.0,,-0.15334373567871312,-1.2140681771672477,0.0,0.7071067811865437,-0.7071067811865476,-0.3763314964429513
2025-11-17,Natural Gas,3935.0,-11.0,-11.0,3.0,,-0.12264783495165586,0.055081532514633616,0.0,0.7071067811865472,-0.7071067811865477,0.13845796533530466
2023-11-27,Gasoline,223604.0,5420.0,8466.0,260.0,90.5,1.9335840553566768,0.7120026388004534,0.1687913753688354,-0.5875929712425543,-1.0951145507491356,-1.4349758317217909
2023-12-04,Gasoline,224013.0,409.0,8859.0,393.0,90.2,0.14610059213946022,1.0778513110792889,0.10788269581218456,0.7071067811865476,-0.2154914849152882,0.3249256552002209
2023-12-11,Gasoline,226723.0,2710.0,8754.0,-105.0,92.4,0.9668947347981741,-0.29201815354371885,0.5545463458942954,0.7071067811865452,0.7071067811865476,-1.0340445090967856
2023-12-18,Gasoline,226054.0,-669.0,9168.0,414.0,93.3,-0.23843486452550872,1.1356168909127893,0.7372723845642479,0.7071067811865482,0.7071067811865476,0.6487880121819711
2023-12-25,Gasoline,236954.0,10900.0,7954.0,-1214.0,93.5,3.8883654120580036,-3.342590917131903,0.7778781709353495,-0.7071067811865476,0.7071067811865481,-4.975231123730969
2024-01-01,Gasoline,244982.0,8028.0,8325.0,371.0,92.9,2.8638887594218336,1.0173349893489552,0.6560608118220478,0.7071067811865475,-0.7071067811865475,-2.1893784057362677
2024-01-08,Gasoline,248065.0,3083.0,8269.0,-56.0,92.6,1.0999482833473702,-0.15723180059888472,0.5951521322653941,-0.7071067811865476,-0.7071067811865474,-1.0861477062014446
2024-01-15,Gasoline,252977.0,4912.0,7880.0,-389.0,85.5,1.752374396742758,-1.07322885224439,-0.8463532839086881,-0.7071067811865472,-0.7071067811865428,-1.9597765725034209
2024-01-22,Gasoline,254134.0,1157.0,8144.0,264.0,82.9,0.4129211130906632,0.7230056063877869,-1.3742285067329991,0.7071067811865472,0.7071067811865475,0.04042230883539709
2024-01-29,Gasoline,250988.0,-3146.0,8807.0,663.0,82.4,-1.1220103062315645,1.820551623224293,-1.4757429726607514,0.7071067811865482,0.7071067811865469,1.9000058896333798
2024-02-05,Gasoline,247330.0,-3658.0,8168.0,-639.0,80.6,-1.3046468125511046,-1.7609143264527272,-1.8411950500006622,0.7071067811865452,0.7071067811865474,0.5606204086300394
2024-02-12,Gasoline,247037.0,-293.0,8200.0,32.0,80.6,-0.10431118019709655,0.08483348632244998,-1.8411950500006622,0.7071067811865472,0.7071067811865474,0.26796166672652394
2024-02-19,Gasoline,244205.0,-2832.0,8467.0,267.0,81.5,-1.0100027613402842,0.731257832078287,-1.6584690113307068,0.7071067811865475,-0.7071067811865476,1.3486598355707387
2024-02-26,Gasoline,239745.0,-4460.0,9013.0,546.0,84.9,-1.5907297775281966,1.4987148212947914,-0.9681706430219897,-0.7071067811865485,0.7071067811865476,2.1589560659455405
2024-03-04,Gasoline,234083.0,-5662.0,9044.0,31.0,86.8,-2.019497513067429,0.08208274442561664,-0.5824156724965326,-0.7071067811865476,-0.7071067811865474,1.913262219668379
2024-03-11,Gasoline,230773.0,-3310.0,8809.0,-235.0,87.8,-1.1805110621620423,-0.6496146001320542,-0.37938674064102784,0.7071067811865476,0.7071067811865476,0.8165210577597988
2024-03-18,Gasoline,232072.0,1299.0,8715.0,-94.0,88.7,0.46357420664022314,-0.261759992678552,-0.1966607019710725,-0.7071067811865452,-0.7071067811865475,-0.49934322858601665
2024-03-25,Gasoline,227816.0,-4256.0,9236.0,521.0,88.6,-1.5179605445415048,1.4299462738739577,-0.2169635951566247,-0.7071067811865485,0.7071067811865474,2.008891867620007
2024-04-01,Gasoline,228531.0,715.0,8612.0,-624.0,88.3,0.25525444161949784,-1.719653198000227,-0.2778722747132755,0.707106781186543,-0.7071067811865476,-0.940204099573948
2024-04-08,Gasoline,227377.0,-1154.0,8662.0,50.0,88.1,-0.4114401488321042,0.13434684046545026,-0.31847806108437704,0.7071067811865475,0.7071067811865475,0.4541627391513021
2024-04-15,Gasoline,226743.0,-634.0,8423.0,-239.0,88.5,-0.2259499471013214,-0.6606175677193876,-0.237266488342174,-0.7071067811865451,0.7071067811865475,-0.04730065621772121
2024-04-22,Gasoline,227087.0,344.0,8618.0,195.0,87.5,0.12291431692311239,0.5332044155062858,-0.4402954201976787,-0.7071067811865515,-0.7071067811865468,0.16525246955289524
2024-04-29,Gasoline,228002.0,915.0,8797.0,179.0,88.5,0.3265968269005681,0.4891925451569523,-0.237266488342174,-0.7071067811865476,-0.7071067811865476,-0.051977672744999745
2024-05-06,Gasoline,227767.0,-235.0,8875.0,78.0,90.4,-0.08362188846558616,0.21136761357678402,0.14848848218328609,0.7071067811865476,0.7071067811865474,0.15745111995051372
2024-05-13,Gasoline,226822.0,-945.0,9315.0,440.0,91.7,-0.3368873562133857,1.2071361802304563,0.4124260935954416,-0.7071067811864248,0.7071067811865477,0.8032982748082642
2024-05-20,Gasoline,228844.0,2022.0,9148.0,-167.0,94.3,0.7214769294312923,-0.46256415114738647,0.9403013164197527,0.7071067811865538,0.7071067811865474,-0.9141029263301623
2024-05-27,Gasoline,230946.0,2102.0,8946.0,-202.0,95.4,0.7500138835437203,-0.5588401175365537,1.1636331414608097,0.7071067811865476,-0.7071067811865477,-0.9955984117034901
2024-06-03,Gasoline,233512.0,2566.0,9040.0,94.0,95.0,0.9155282173958035,0.2553794839261176,1.0824215687186065,0.7071067811865253,-0.7071067811865476,-0.7907704094352593
2024-06-10,Gasoline,231232.0,-2280.0,9386.0,346.0,93.5,-0.8130977779645301,0.9485664419281216,0.7778781709353495,0.7071067811865346,-0.7071067811865476,1.0854054187849473
2024-06-17,Gasoline,233886.0,2654.0,8969.0,-417.0,92.2,0.9469188669194744,-1.1502496253557237,0.513940559523194,0.7071067811865596,-0.7071067811865477,-1.3781348532985722
2024-06-24,Gasoline,231672.0,-2214.0,9424.0,455.0,93.5,-0.7895547908217769,1.2483973086829565,0.7778781709353495,0.7071067811865455,-0.7071067811865476,1.1923430552623693
2024-07-01,Gasoline,229666.0,-2006.0,9398.0,-26.0,95.4,-0.7153587101294637,-0.07470954369388426,1.1636331414608097,0.7071067811865475,-0.7071067811865479,0.5316833252898253
2024-07-08,Gasoline,232994.0,3328.0,8783.0,-615.0,93.7,1.1873427053166814,-1.6948965209287268,0.818483957306451,0.7071067811865431,-0.7071067811865465,-1.849893445961058
2024-07-15,Gasoline,227422.0,-5572.0,9456.0,673.0,91.6,-1.9873934396909474,1.8480590421926266,0.3921232004098894,0.7071067811865419,-0.707106781186557,2.5562417730667444
2024-07-22,Gasoline,223757.0,-3665.0,9250.0,-206.0,90.1,-1.307143796035942,-0.569843085123887,0.08757980262663236,-0.7071067811865664,0.7071067811865482,0.9418675267927428
2024-07-29,Gasoline,225097.0,1340.0,8967.0,-283.0,90.5,0.4781993956228425,-0.7816502111800551,0.1687913753688354,0.7071067811865414,-0.7071067811865476,-0.7729386897295213
2024-08-05,Gasoline,222203.0,-2894.0,9045.0,78.0,91.5,-1.032118900777416,0.21136761357678402,0.37182030722434006,-0.7071067811865737,0.7071067811865465,1.0071065221301223
2024-08-12,Gasoline,220597.0,-1606.0,9193.0,148.0,92.3,-0.5726739395673232,0.4039195463551185,0.5342434527087433,0.7071067811865422,0.7071067811865483,0.6521087108990015
2024-08-19,Gasoline,218394.0,-2203.0,9307.0,114.0,93.3,-0.785630959631318,0.3103943218627846,0.7372723845642479,0.7071067811865476,0.7071067811865476,0.7891249336551951
2024-08-26,Gasoline,219242.0,848.0,8938.0,-369.0,93.3,0.30269712783140956,-1.018214014307723,0.7372723845642479,-0.7071067811865959,-0.7071067811865426,-0.7462102606250596
2024-09-02,Gasoline,221552.0,2310.0,8478.0,-460.0,92.8,0.8242099642360334,-1.2685315269195578,0.6357579186364957,0.7071067811865556,0.707106781186547,-1.3288088957985262
2024-09-09,Gasoline,221621.0,69.0,8776.0,298.0,92.1,0.024818537161640716,0.8165308308801208,0.4936376663376417,-0.7071067811865508,0.7071067811865476,0.3044808638556249
2024-09-16,Gasoline,220083.0,-1538.0,9205.0,429.0,90.9,-0.5484175285717592,1.1768780193652895,0.2500029481110384,-0.7071067811868252,-0.7071067811865477,0.9946261228370339
2024-09-23,Gasoline,221202.0,1119.0,8521.0,-684.0,87.6,0.39936605988725987,-1.884697711810228,-0.41999252701212936,-0.7071067811865561,0.7071067811865471,-1.1205162604041063
2024-09-30,Gasoline,214898.0,-6304.0,9654.0,1133.0,86.7,-2.2485065698196647,3.113400314735967,-0.6027185656820818,-0.7071067811865557,-0.7071067811865476,3.4167142769318093
2024-10-07,Gasoline,212697.0,-2201.0,8620.0,-1034.0,87.7,-0.7849175357785073,-2.8474573757019,-0.3996896338265772,-0.7071067811865406,-0.7071067811865476,-0.4646630705681796
2024-10-14,Gasoline,213575.0,878.0,8838.0,218.0,89.5,0.31339848562357014,0.5964714791334529,-0.034237556486669304,-0.7071067811865436,-0.7071067811865476,-0.009126239205390331
2024-10-21,Gasoline,210868.0,-2707.0,9159.0,321.0,89.1,-0.9654137705396153,0.8797978945072877,-0.11544912922887234,0.7071067811865476,-0.7071067811865474,1.2587847018068385
2024-10-28,Gasoline,211280.0,412.0,8828.0,-331.0,90.5,0.14717072791867628,-0.9136858222280557,0.1687913753688354,0.7071067811865459,0.7071067811865474,-0.5328510129788693
2024-11-04,Gasoline,206873.0,-4407.0,9383.0,555.0,91.4,-1.571824045428713,1.5234714983662914,0.3515174140387908,-0.7071067811865476,0.7071067811865474,2.055698495107959
2024-11-11,Gasoline,208927.0,2054.0,8419.0,-964.0,90.2,0.7328917110762635,-2.6549054429235657,0.10788269581218456,-0.7071067811865589,0.7071067811865476,-1.7889525590439854
2024-11-18,Gasoline,212241.0,3314.0,8506.0,87.0,90.5,1.1823487383470064,0.23612429064828416,0.1687913753688354,-0.707106781186548,0.707106781186547,-0.9627432257056942
2024-11-25,Gasoline,214603.0,2362.0,8738.0,232.0,93.3,0.8427589844091118,0.6349818656891199,0.7372723845642479,-0.5670466331348426,0.8646425802266522,-0.5293078538279791
2024-12-02,Gasoline,219689.0,5086.0,8810.0,72.0,92.4,1.8144422719372895,0.19486316219578392,0.5545463458942954,-0.7071067811865476,1.0901777069960306,-1.5786905336016626
2024-12-09,Gasoline,222037.0,2348.0,8927.0,117.0,91.8,0.8377650174394368,0.31864654755328464,0.4327289867809909,-0.7071067811865481,-0.7071067811865475,-0.6346004335922114
2024-12-16,Gasoline,223667.0,1630.0,9008.0,81.0,92.5,0.5816458542803945,0.21961983926728407,0.5748492390798448,-0.7071067811865474,-0.7071067811865477,-0.45657690686682373
2024-12-23,Gasoline,231384.0,7717.0,8168.0,-840.0,92.7,2.752951350309769,-2.3138134477162304,0.6154550254509463,0.7071067811865476,-0.7071067811865474,-3.510208030177179
2024-12-30,Gasoline,237714.0,6330.0,8481.0,313.0,93.3,2.258191908385547,0.857791959332621,0.7372723845642479,-0.7071067811865475,0.7071067811865475,-1.7081139658634907
2025-01-06,Gasoline,243566.0,5852.0,8325.0,-156.0,91.7,2.087683607563789,-0.4323059902822196,0.4124260935954416,0.7071067811865476,0.7071067811865475,-2.0934555436743216
2025-01-13,Gasoline,245898.0,2332.0,8086.0,-239.0,85.9,0.8320576266169512,-0.6606175677193876,-0.7651417111664851,0.7071067811865476,0.7071067811865491,-0.9732900683689839
2025-01-20,Gasoline,248855.0,2957.0,8302.0,216.0,83.5,1.0550025806202958,0.5909699953397862,-1.2524111476196975,-0.7071067811865477,-0.7071067811865476,-0.5903350402684051
2025-01-27,Gasoline,251088.0,2233.0,8328.0,26.0,84.5,0.7967431459028214,0.06832903494144989,-1.0493822157641928,-0.7071067811865474,-0.7071067811865478,-0.5959080279197777
2025-02-03,Gasoline,248053.0,-3035.0,8576.0,248.0,85.0,-1.0824152824005706,0.6789937360384534,-0.9478677498364404,-0.7071067811865482,-0.7071067811865476,1.3508468302686527
2025-02-10,Gasoline,247902.0,-151.0,8239.0,-337.0,84.9,-0.05365808664753662,-0.9301902736090558,-0.9681706430219897,-0.7071067811865476,-0.7071067811865476,-0.2623971344288103
2025-02-17,Gasoline,248271.0,369.0,8454.0,215.0,86.5,0.13183211508324616,0.5882192534429529,-0.6433243520531834,-0.7071067811865476,0.7071067811865476,0.19387499978079495
2025-02-24,Gasoline,246838.0,-1433.0,8877.0,423.0,85.9,-0.5109627762991973,1.1603735679842895,-0.7651417111664851,0.7071067811865472,-0.7071067811865476,1.0168844755281017
2025-03-03,Gasoline,241101.0,-5737.0,9182.0,305.0,86.5,-2.0462509075478303,0.8357860241579542,-0.6433243520531834,0.7071067811865476,0.7071067811865476,2.2508236650665987
2025-03-10,Gasoline,240574.0,-527.0,8817.0,-365.0,86.9,-0.1877817709759488,-1.0072110467203896,-0.5621127793109804,-0.7071067811865476,-0.7071067811865474,-0.20425165238474177
2025-03-17,Gasoline,239128.0,-1446.0,8643.0,-174.0,87.0,-0.5156000313424669,-0.4818193444252199,-0.541809886125431,0.7071067811865482,0.7071067811865475,0.3010413846954498
2025-03-24,Gasoline,237577.0,-1551.0,8495.0,-148.0,86.0,-0.5530547836150288,-0.4103000551075528,-0.7448388179809358,0.7071067811865471,-0.7071067811865477,0.3819996338791973
2025-03-31,Gasoline,235977.0,-1600.0,8425.0,-70.0,86.7,-0.570533668008891,-0.19574218715455163,-0.6027185656820818,-0.7071067811865489,0.7071067811865476,0.48868286526602744
2025-04-07,Gasoline,234019.0,-1958.0,8462.0,37.0,86.3,-0.6982365376620069,0.09858719580661672,-0.6839301384242849,-0.7071067811865475,-0.7071067811865475,0.7372538595048336
2025-04-14,Gasoline,229543.0,-4476.0,9414.0,952.0,88.1,-1.5964371683506822,2.615516031409131,-0.31847806108437704,0.7071067811865482,-0.7071067811865475,2.5841188134246047
2025-04-21,Gasoline,225540.0,-4003.0,9098.0,-316.0,88.6,-1.427712427160951,-0.8724246937755555,-0.2169635951566247,0.7071067811865461,0.7071067811865478,0.9321137015450742
2025-04-28,Gasoline,225728.0,188.0,8717.0,-381.0,89.0,0.06726725640387755,-1.0512229170697232,-0.13575202241442166,0.7071067811865476,0.7071067811865476,-0.4973001769461405
2025-05-05,Gasoline,224706.0,-1022.0,8794.0,77.0,90.2,-0.3643541745465978,0.20861687167995066,0.10788269581218456,-0.7071067811865476,-0.7071067811865476,0.4253579079183075
2025-05-12,Gasoline,225522.0,816.0,8644.0,-150.0,90.7,0.29128234618643833,-0.4158015389012195,0.20939716173993692,0.7071067811865884,-0.7071067811865475,-0.4511300337679076
2025-05-19,Gasoline,223081.0,-2441.0,9452.0,808.0,90.2,-0.8705283981157917,2.219409198265129,0.10788269581218456,-0.7071067811865455,-0.7071067811865476,1.740874544673419
2025-05-26,Gasoline,228300.0,5219.0,8263.0,-1189.0,93.4,1.8618849581492012,-3.2738223697110693,0.7575752777498002,-0.7071067811865476,0.7071067811865475,-3.118409486090598
2025-06-02,Gasoline,229804.0,1504.0,9170.0,907.0,94.3,0.5367001515533202,2.4917326460516303,0.9403013164197527,-0.707106781186555,0.7071067811865476,0.5264891784233318
2025-06-09,Gasoline,230013.0,209.0,9299.0,129.0,93.2,0.07475820685838994,0.35165545031528483,0.7169694913786987,-0.7071067811865518,0.7071067811865476,0.04440846681638669
2025-06-16,Gasoline,227938.0,-2075.0,9688.0,389.0,94.7,-0.7399718330514331,1.0668483434919556,1.0215128891619556,-0.7071067811865435,0.7071067811865475,1.0618542695164517
2025-06-23,Gasoline,232126.0,4188.0,8640.0,-1048.0,94.9,1.4941149620252836,-2.885967762257567,1.0621186755330572,-0.7071067811865482,0.7071067811865476,-2.643600328069648
2025-06-30,Gasoline,229468.0,-2658.0,9159.0,519.0,94.7,-0.947934886145753,1.4244447900802908,1.0215128891619556,-0.7071067811865475,0.7071067811865474,1.402077715111121
2025-07-07,Gasoline,232867.0,3399.0,8489.0,-670.0,93.9,1.2126692520914613,-1.846187325254561,0.8590897436775525,-0.7071067811865489,0.7071067811865478,-1.9307006599823509
2025-07-14,Gasoline,231129.0,-1738.0,8967.0,478.0,95.5,-0.6197599138528295,1.3116643723101236,1.1839360346463588,-0.7071067811865493,0.7071067811865444,1.0462610813423046
2025-07-21,Gasoline,228405.0,-2724.0,9152.0,185.0,95.4,-0.9714778732885062,0.5056969965379524,1.1636331414608097,0.7071067811865412,-0.7071067811865474,1.0105286881868811
2025-07-28,Gasoline,227082.0,-1323.0,9040.0,-112.0,96.9,-0.47172446439460863,-0.3112733468215523,1.4681765392440667,-0.7071067811865496,0.7071067811865476,0.1983647787332692
2025-08-04,Gasoline,226290.0,-792.0,9000.0,-40.0,96.4,-0.28231043147336693,-0.11321993024955114,1.3666620733163142,0.7071067811865388,-0.7071067811865479,0.11013684071657286
2025-08-11,Gasoline,223570.0,-2720.0,8842.0,-158.0,96.6,-0.9700510255828848,-0.4378074740758863,1.4072678596874129,-0.7071067811865492,-0.7071067811865472,0.5995118414560777
2025-08-18,Gasoline,222334.0,-1236.0,9240.0,398.0,94.6,-0.44069052679734305,1.0916050205634558,1.0012099959764036,-0.7071067811865476,-0.7071067811865476,0.8060094033478095
2025-08-25,Gasoline,218539.0,-3795.0,9117.0,-123.0,94.3,-1.3535163464686377,-0.34153150768671914,0.9403013164197527,0.7071067811865314,0.7071067811865492,1.007279626749425
2025-09-01,Gasoline,219997.0,1458.0,8508.0,-609.0,94.9,0.520291402938674,-1.6783920695477268,1.0621186755330572,-0.7071067811865448,-0.7071067811865477,-1.2482670070125679
2025-09-08,Gasoline,217650.0,-2347.0,8810.0,302.0,93.3,-0.8369974770336887,0.8275337984674541,0.7372723845642479,0.7071067811865465,-0.7071067811865476,1.0581879865610426
2025-09-15,Gasoline,216569.0,-1081.0,8959.0,149.0,93.0,-0.38540017820451355,0.40667028825195184,0.6763637050075971,0.707106781186455,0.7071067811865475,0.47411820842170993
2025-09-22,Gasoline,220694.0,4125.0,8518.0,-441.0,91.4,1.4716421106617465,-1.216267430879724,0.3515174140387908,0.7071067811865447,-0.7071067811865476,-1.8672338397146118
2025-09-29,Gasoline,219093.0,-1601.0,8919.0,401.0,92.4,-0.5708903799352963,1.0998572462539558,0.5545463458942954,0.7071067811865447,0.7071067811865475,0.9464633218832091
2025-10-06,Gasoline,218826.0,-267.0,8455.0,-464.0,85.7,-0.09503667011055741,-1.2795344945068912,-0.8057474975375866,0.7071067811865498,0.7071067811865476,-0.39949392197749545
2025-10-13,Gasoline,216679.0,-2147.0,8454.0,-1.0,88.6,-0.7656550917526184,-0.005940996273050539,-0.2169635951566247,0.7071067811865488,0.7071067811865474,0.7059176401048053
2025-10-20,Gasoline,210738.0,-5941.0,8924.0,470.0,86.6,-2.119020140534522,1.2896584371354567,-0.623021458867634,-0.7071067811865476,0.7071067811865476,2.5202959872428594
2025-10-27,Gasoline,206009.0,-4729.0,8874.0,-50.0,86.0,-1.686685285731236,-0.14072734921788463,-0.7448388179809358,-0.707106781186548,-0.7071067811865476,1.5300680927532664
2025-11-03,Gasoline,205064.0,-945.0,9028.0,154.0,89.4,-0.3368873562133857,0.4204239977361186,-0.05454044967221862,0.7071067811865476,-0.7071067811865476,0.49164823231407595
2025-11-10,Gasoline,207391.0,2327.0,8528.0,-500.0,90.0,0.8302740669849245,-1.3785612027928917,0.06727690944108304,0.7071067811865437,-0.7071067811865476,-1.3378515149345571
2025-11-17,Gasoline,209904.0,2513.0,8726.0,198.0,92.3,0.8966224852963198,0.5414566411967859,0.5342434527087433,0.7071067811865472,-0.7071067811865477,-0.6112523600648049
2023-11-27,Distillate,112045.0,1267.0,3756.0,742.0,90.5,0.4752157679424458,2.043209714708028,0.1687913753688354,-0.5875929712425543,-1.0951145507491356,0.4480439924621196
2023-12-04,Distillate,113539.0,1494.0,3770.0,14.0,90.2,0.5592611463271319,0.03821912777605397,0.10788269581218456,0.7071067811865476,-0.2154914849152882,-0.49169806707915353
2023-12-11,Distillate,115024.0,1485.0,3823.0,53.0,92.4,0.5559289507083558,0.14562933779026685,0.5545463458942954,0.7071067811865452,0.7071067811865476,-0.4766928383630974
2023-12-18,Distillate,115765.0,741.0,3977.0,154.0,93.3,0.2804674462228647,0.42379424064758736,0.7372723845642479,0.7071067811865482,0.7071067811865476,-0.1230040822087359
2023-12-25,Distillate,125855.0,10090.0,2658.0,-1319.0,93.5,3.7418782062159517,-3.633006768350761,0.7778781709353495,-0.7071067811865476,0.7071067811865481,-4.967367025920682
2024-01-01,Distillate,132383.0,6528.0,3432.0,774.0,92.9,2.4230692290958986,2.131341169078664,0.6560608118220478,0.7071067811865475,-0.7071067811865475,-1.316044625107711
2024-01-08,Distillate,134753.0,2370.0,3645.0,213.0,92.6,0.8835948532213392,0.5862866096434479,0.5951521322653941,-0.7071067811865476,-0.7071067811865474,-0.5734171613837117
2024-01-15,Distillate,133336.0,-1417.0,3784.0,139.0,85.5,-0.5185190143681163,0.38248262141135164,-0.8463532839086881,-0.7071067811865472,-0.7071067811865428,0.708575358659498
2024-01-22,Distillate,130795.0,-2541.0,3757.0,-27.0,82.9,-0.9346732227574873,-0.07469929813632369,-1.3742285067329991,0.7071067811865472,0.7071067811865475,0.9137113989558443
2024-01-29,Distillate,127574.0,-3221.0,3817.0,60.0,82.4,-1.186439113953904,0.16490809343384352,-1.4757429726607514,0.7071067811865482,0.7071067811865469,1.2504196753121122
2024-02-05,Distillate,125659.0,-1915.0,3514.0,-303.0,80.6,-0.7029005052737274,-0.8348330920830611,-1.8411950500006622,0.7071067811865452,0.7071067811865474,0.41423959916127784
2024-02-12,Distillate,121651.0,-4008.0,3940.0,426.0,80.6,-1.477821108617992,1.1729116027979953,-1.8411950500006622,0.7071067811865472,0.7071067811865474,1.9706048859291687
2024-02-19,Distillate,121141.0,-510.0,3536.0,-404.0,81.5,-0.18270774478701357,-1.1129979949403817,-1.6584690113307068,0.7071067811865475,-0.7071067811865476,-0.18502006174472108
2024-02-26,Distillate,117010.0,-4131.0,4074.0,538.0,84.9,-1.523361115407932,1.481371693095222,-0.9681706430219897,-0.7071067811865485,0.7071067811865476,2.09084157416657
2024-03-04,Distillate,117898.0,888.0,3375.0,-699.0,86.8,0.3348933079962077,-1.9254598399196843,-0.5824156724965326,-0.7071067811865476,-0.7071067811865474,-1.0661825353055878
2024-03-11,Distillate,118522.0,624.0,3786.0,411.0,87.8,0.23714890317877535,1.1315999835617596,-0.37938674064102784,0.7071067811865476,0.7071067811865476,0.3004622291071555
2024-03-18,Distillate,117337.0,-1185.0,4028.0,242.0,88.7,-0.43262241619522124,0.666155740166837,-0.1966607019710725,-0.7071067811865452,-0.7071067811865475,0.7047665502760385
2024-03-25,Distillate,116069.0,-1268.0,3495.0,-533.0,88.6,-0.46335266467948977,-1.4682779203720089,-0.2169635951566247,-0.7071067811865485,0.7071067811865474,-0.18008298082171734
2024-04-01,Distillate,117728.0,1659.0,2985.0,-510.0,88.3,0.6203513993380271,-1.4049334375431142,-0.2778722747132755,0.707106781186543,-0.7071067811865476,-1.1346565873648042
2024-04-08,Distillate,114968.0,-2760.0,3666.0,681.0,88.1,-1.0157566494810393,1.8752091298140026,-0.31847806108437704,0.7071067811865475,0.7071067811865475,1.7427386073950615
2024-04-15,Distillate,116582.0,1614.0,3552.0,-114.0,88.5,0.6036904212441466,-0.3143066897064909,-0.237266488342174,-0.7071067811865451,0.7071067811865475,-0.6468229709039084
2024-04-22,Distillate,115850.0,-732.0,3678.0,126.0,87.5,-0.26490190338349073,0.3466792180732807,-0.4402954201976787,-0.7071067811865515,-0.7071067811865468,0.43496760230623016
2024-04-29,Distillate,116410.0,560.0,3489.0,-189.0,88.5,0.21345328988970083,-0.5208647858876696,-0.237266488342174,-0.7071067811865476,-0.7071067811865476,-0.3817397568720024
2024-05-06,Distillate,116365.0,-45.0,3831.0,342.0,90.4,-0.010544304483581598,0.9415665350750752,0.14848848218328609,0.7071067811865476,0.7071067811865474,0.40369985538676323
2024-05-13,Distillate,116744.0,379.0,3883.0,52.0,91.7,0.146439133556537,0.14287522984118448,0.4124260935954416,-0.7071067811864248,0.7071067811865477,-0.08707435186448234
2024-05-20,Distillate,119288.0,2544.0,3795.0,-88.0,94.3,0.9480173018510105,-0.24269988303034898,0.9403013164197527,0.7071067811865538,0.7071067811865474,-1.0242526051466772
2024-05-27,Distillate,122485.0,3197.0,3367.0,-428.0,95.4,1.1897866061910989,-1.1790965857183588,1.1636331414608097,0.7071067811865476,-0.7071067811865477,-1.6569552495560722
2024-06-03,Distillate,123366.0,881.0,3649.0,282.0,95.0,0.33230160029271516,0.7763200581301323,1.0824215687186065,0.7071067811865253,-0.7071067811865476,-0.042604512878956335
2024-06-10,Distillate,121640.0,-1726.0,3977.0,328.0,93.5,-0.6329243972794292,0.9030090237879218,0.7778781709353495,0.7071067811865346,-0.7071067811865476,0.9035902838884826
2024-06-17,Distillate,121263.0,-377.0,3536.0,-441.0,92.2,-0.1334652984206556,-1.2148999890564298,0.513940559523194,0.7071067811865596,-0.7071067811865477,-0.4322977332119877
2024-06-24,Distillate,119728.0,-1535.0,3715.0,179.0,93.5,-0.5622078013698475,0.49264693937464693,0.7778781709353495,0.7071067811865455,-0.7071067811865476,0.6644788080366932
2024-07-01,Distillate,124612.0,4884.0,3466.0,-249.0,95.4,1.8143881627327971,-0.6861112628326125,1.1636331414608097,0.7071067811865475,-0.7071067811865479,-2.009039219404085
2024-07-08,Distillate,128066.0,3454.0,3585.0,119.0,93.7,1.2849393033050387,0.32740046242970405,0.818483957306451,0.7071067811865431,-0.7071067811865465,-1.0734812639280595
2024-07-15,Distillate,125313.0,-2753.0,3861.0,276.0,91.6,-1.0131649417775466,0.7597954104356379,0.3921232004098894,0.7071067811865419,-0.707106781186557,1.2132878047222284
2024-07-22,Distillate,126847.0,1534.0,3725.0,-136.0,90.1,0.5740709046328035,-0.37489706458630334,0.08757980262663236,-0.7071067811865664,0.7071067811865482,-0.6698602328853497
2024-07-29,Distillate,127796.0,949.0,3469.0,-256.0,90.5,0.3574781894123568,-0.7053900184761892,0.1687913753688354,0.7071067811865414,-0.7071067811865476,-0.6315696593887546
2024-08-05,Distillate,126123.0,-1673.0,3549.0,80.0,91.5,-0.6133014675244144,0.21999025241549117,0.37182030722434006,-0.7071067811865737,0.7071067811865465,0.6334206650314902
2024-08-12,Distillate,122811.0,-3312.0,3576.0,27.0,92.3,-1.2201313140993069,0.07402253111412492,0.5342434527087433,0.7071067811865422,0.7071067811865483,1.0944923144951266
2024-08-19,Distillate,123086.0,275.0,3822.0,246.0,93.3,0.10793376196179093,0.6771721719631665,0.7372723845642479,0.7071067811865476,0.7071067811865476,0.14075201471602708
2024-08-26,Distillate,122715.0,-371.0,3997.0,175.0,93.3,-0.13124383467480485,0.4816305075783174,0.7372723845642479,-0.7071067811865959,-0.7071067811865426,0.28583694839453067
2024-09-02,Distillate,125023.0,2308.0,3558.0,-439.0,92.8,0.8606397278475483,-1.209391773158265,0.6357579186364957,0.7071067811865556,0.707106781186547,-1.3363566284980062
2024-09-09,Distillate,125148.0,125.0,3798.0,240.0,92.1,0.05239716831552256,0.6606475242686722,0.4936376663376417,-0.7071067811865508,0.7071067811865476,0.21300527838230696
2024-09-16,Distillate,122921.0,-2227.0,4022.0,224.0,90.9,-0.8184166200579656,0.6165817970833541,0.2500029481110384,-0.7071067811868252,-0.7071067811865477,0.9984297121907433
2024-09-23,Distillate,121637.0,-1284.0,3638.0,-384.0,87.6,-0.4692765680017584,-1.057915835958734,-0.41999252701212936,-0.7071067811865561,0.7071067811865471,0.015540611524829953
2024-09-30,Distillate,118513.0,-3124.0,4031.0,393.0,86.7,-1.1505254500626505,1.0820260404782767,-0.6027185656820818,-0.7071067811865557,-0.7071067811865476,1.559159014628786
2024-10-07,Distillate,114979.0,-3534.0,4212.0,181.0,87.7,-1.302325472695784,0.4981551552728117,-0.3996896338265772,-0.7071067811865406,-0.7071067811865476,1.4314915354452078
2024-10-14,Distillate,113839.0,-1140.0,4131.0,-81.0,89.5,-0.41596143810134073,-0.2234211273867723,-0.034237556486669304,-0.7071067811865436,-0.7071067811865476,0.2976256603000491
2024-10-21,Distillate,112862.0,-977.0,3881.0,-250.0,89.1,-0.3556116730057291,-0.6888653707816949,-0.11544912922887234,0.7071067811865476,-0.7071067811865474,0.03886573302984164
2024-10-28,Distillate,115809.0,2947.0,3406.0,-475.0,90.5,1.0972256167806516,-1.3085396593252308,0.1687913753688354,0.7071067811865459,0.7071067811865474,-1.5576530833076425
2024-11-04,Distillate,114415.0,-1394.0,4098.0,692.0,91.4,-0.5100034033423552,1.9055043172539088,0.3515174140387908,-0.7071067811865476,0.7071067811865474,1.262240392027625
2024-11-11,Distillate,114301.0,-114.0,3775.0,-323.0,90.2,-0.03609113756086505,-0.8899152510647087,0.10788269581218456,-0.7071067811865589,0.7071067811865476,-0.3416932090657016
2024-11-18,Distillate,114717.0,416.0,3718.0,-57.0,90.5,0.1601381599892832,-0.15732253660879514,0.1687913753688354,-0.707106781186548,0.707106781186547,-0.20985383971657426
2024-11-25,Distillate,118100.0,3383.0,3398.0,-320.0,93.3,1.2586519823124716,-0.8816529272174616,0.7372723845642479,-0.5670466331348426,0.8646425802266522,-1.5522694600163889
2024-12-02,Distillate,121335.0,3235.0,3450.0,52.0,92.4,1.2038558765814869,0.14287522984118448,0.5545463458942954,-0.7071067811865476,1.0901777069960306,-1.050747944410791
2024-12-09,Distillate,118155.0,-3180.0,4498.0,1048.0,91.8,-1.1712591116905906,2.8859667471272368,0.4327289867809909,-0.7071067811865481,-0.7071067811865475,2.272909850957761
2024-12-16,Distillate,116461.0,-1694.0,4253.0,-245.0,92.5,-0.621076590634892,-0.675094831036283,0.5748492390798448,-0.7071067811865474,-0.7071067811865477,0.24471383796115082
2024-12-23,Distillate,122867.0,6406.0,3232.0,-1021.0,92.7,2.3778994662636004,-2.8122825995242113,0.6154550254509463,0.7071067811865476,-0.7071067811865474,-3.3853221435275147
2024-12-30,Distillate,128938.0,6071.0,3178.0,-54.0,93.3,2.2538677404536007,-0.149060212761548,0.7372723845642479,-0.7071067811865475,0.7071067811865475,-2.134556736767735
2025-01-06,Distillate,132015.0,3077.0,3839.0,661.0,91.7,1.1453573312740841,1.8201269708323549,0.4124260935954416,0.7071067811865476,0.7071067811865475,-0.2816687559422587
2025-01-13,Distillate,128945.0,-3070.0,4108.0,269.0,85.9,-1.1305322763499939,0.7405166547920613,-0.7651417111664851,0.7071067811865476,0.7071067811865491,1.3939411874532857
2025-01-20,Distillate,123951.0,-4994.0,4506.0,398.0,83.5,-1.842881650852796,1.0957965802236886,-1.2524111476196975,-0.7071067811865477,-0.7071067811865476,2.2365426784361606
2025-01-27,Distillate,118480.0,-5471.0,4599.0,93.0,84.5,-2.0194880186479294,0.2557936557535621,-1.0493822157641928,-0.7071067811865474,-0.7071067811865478,2.021753229171583
2025-02-03,Distillate,118615.0,135.0,3685.0,-914.0,85.0,0.05609960789194045,-2.5175930489723966,-0.9478677498364404,-0.7071067811865482,-0.7071067811865476,-1.0412548446393073
2025-02-10,Distillate,116564.0,-2051.0,4364.0,679.0,84.9,-0.7532536835130107,1.8697009139158378,-0.9681706430219897,-0.7071067811865476,-0.7071067811865476,1.5646689020281688
2025-02-17,Distillate,120472.0,3908.0,4097.0,-267.0,86.5,1.453030060074411,-0.7356852059160953,-0.6433243520531834,-0.7071067811865476,0.7071067811865476,-1.5624276446774725
2025-02-24,Distillate,119154.0,-1318.0,3991.0,-106.0,85.9,-0.4818648625615792,-0.29227382611383185,-0.7651417111664851,0.7071067811865472,-0.7071067811865476,0.3697895890240069
2025-03-03,Distillate,117595.0,-1559.0,3898.0,-93.0,86.5,-0.5710936563532504,-0.2564704227757609,-0.6433243520531834,0.7071067811865476,0.7071067811865476,0.45480628007787277
2025-03-10,Distillate,114783.0,-2812.0,4010.0,112.0,86.9,-1.0350093352784122,0.3081217067861274,-0.5621127793109804,-0.7071067811865476,-0.7071067811865474,1.1213210824206532
2025-03-17,Distillate,114362.0,-421.0,3636.0,-374.0,87.0,-0.14975603255689432,-1.0303747564679102,-0.541809886125431,0.7071067811865482,0.7071067811865475,-0.26305694339388763
2025-03-24,Distillate,114626.0,264.0,3679.0,43.0,86.0,0.10386107842773125,0.11808825829944304,-0.7448388179809358,0.7071067811865471,-0.7071067811865477,0.015930785915715735
2025-03-31,Distillate,111082.0,-3544.0,4006.0,327.0,86.7,-1.3060279122722018,0.9002549158388394,-0.6027185656820818,-0.7071067811865489,0.7071067811865476,1.6198330860824313
2025-04-07,Distillate,109231.0,-1851.0,3858.0,-148.0,86.3,-0.6792048919846528,-0.40794635997529194,-0.6839301384242849,-0.7071067811865475,-0.7071067811865475,0.5036079111310724
2025-04-14,Distillate,106878.0,-2353.0,3903.0,45.0,88.1,-0.865067358720831,0.1235964741976078,-0.31847806108437704,0.7071067811865482,-0.7071067811865475,0.8600531963120737
2025-04-21,Distillate,107815.0,937.0,3550.0,-353.0,88.6,0.3530352619206554,-0.9725384895371801,-0.2169635951566247,0.7071067811865461,0.7071067811865478,-0.7152008750164953
2025-04-28,Distillate,106708.0,-1107.0,3521.0,-29.0,89.0,-0.40374338749916167,-0.08020751403448846,-0.13575202241442166,0.7071067811865476,0.7071067811865476,0.3421212697379518
2025-05-05,Distillate,103553.0,-3155.0,3777.0,256.0,90.2,-1.162003012749546,0.7047132514539903,0.10788269581218456,-0.7071067811865476,-0.7071067811865476,1.3561081382325746
2025-05-12,Distillate,104132.0,579.0,3412.0,-365.0,90.7,0.22048792508489484,-1.0055877849261687,0.20939716173993692,0.7071067811865884,-0.7071067811865475,-0.6394221623277465
2025-05-19,Distillate,103408.0,-724.0,3893.0,481.0,90.2,-0.26193995172235646,1.3243875399975262,0.10788269581218456,-0.7071067811865455,-0.7071067811865476,0.8099705057257692
2025-05-26,Distillate,107638.0,4230.0,3151.0,-742.0,93.4,1.5722486144350671,-2.043886481730227,0.7575752777498002,-0.7071067811865476,0.7071067811865475,-2.3317482497639697
2025-06-02,Distillate,108884.0,1246.0,3376.0,225.0,94.3,0.46744064483196823,0.6193359050324365,0.9403013164197527,-0.707106781186555,0.7071067811865476,-0.21138694440249145
2025-06-09,Distillate,109398.0,514.0,3746.0,370.0,93.2,0.19642206783817853,1.018681557649382,0.7169694913786987,-0.7071067811865518,0.7071067811865476,0.21987830964723312
2025-06-16,Distillate,105332.0,-4066.0,3794.0,48.0,94.7,-1.4992952581612158,0.13185879804485495,1.0215128891619556,-0.7071067811865435,0.7071067811865475,1.3464108617936044
2025-06-23,Distillate,103622.0,-1710.0,4043.0,249.0,94.9,-0.6270004939571605,0.6854344958104137,1.0621186755330572,-0.7071067811865482,0.7071067811865476,0.7940637701796203
2025-06-30,Distillate,102797.0,-825.0,3668.0,-375.0,94.7,-0.2993345914441771,-1.0331288644169927,1.0215128891619556,-0.7071067811865475,0.7071067811865474,-0.23272946426924074
2025-07-07,Distillate,106970.0,4173.0,3423.0,-245.0,93.9,1.551144708849485,-0.675094831036283,0.8590897436775525,-0.7071067811865489,0.7071067811865478,-1.7351435576312115
2025-07-14,Distillate,109901.0,2931.0,3343.0,-80.0,95.5,1.091301713458383,-0.2206670194376899,1.1839360346463588,-0.7071067811865493,0.7071067811865444,-1.150408161217011
2025-07-21,Distillate,113536.0,3635.0,3605.0,262.0,95.4,1.3519534596382026,0.7212378991484846,1.1636331414608097,0.7071067811865412,-0.7071067811865474,-0.9908514825380313
2025-07-28,Distillate,112971.0,-565.0,3720.0,115.0,96.9,-0.20307116245731197,0.31638403063337456,1.4681765392440667,-0.7071067811865496,0.7071067811865476,0.2245646531667883
2025-08-04,Distillate,113685.0,714.0,3701.0,-19.0,96.4,0.27047085936653636,-0.05266643454366464,1.3666620733163142,0.7071067811865388,-0.7071067811865479,-0.3620600265726875
2025-08-11,Distillate,116028.0,2343.0,3967.0,266.0,96.6,0.8735982663650109,0.7322543309448142,1.4072678596874129,-0.7071067811865492,-0.7071067811865472,-0.561593422879055
2025-08-18,Distillate,114242.0,-1786.0,4141.0,174.0,94.6,-0.6551390347379366,0.478876399629235,1.0012099959764036,-0.7071067811865476,-0.7071067811865476,0.7373495458307359
2025-08-25,Distillate,115923.0,1681.0,3768.0,-373.0,94.3,0.6284967664061465,-1.0276206485188277,0.9403013164197527,0.7071067811865314,0.7071067811865492,-1.0718350638494039
2025-09-01,Distillate,120638.0,4715.0,3377.0,-391.0,94.9,1.7518169338913347,-1.0771945916023107,1.0621186755330572,-0.7071067811865448,-0.7071067811865477,-2.1009627646824205
2025-09-08,Distillate,124684.0,4046.0,3621.0,244.0,93.3,1.504123726228978,0.6716639560650017,0.7372723845642479,0.7071067811865465,-0.7071067811865476,-1.117876254128195
2025-09-15,Distillate,122999.0,-1685.0,3738.0,117.0,93.0,-0.6177443950161158,0.3218922465315393,0.6763637050075971,0.707106781186455,0.7071067811865475,0.6472346318270736
2025-09-22,Distillate,123577.0,578.0,3617.0,-121.0,91.4,0.22011768112725305,-0.33358544535006757,0.3515174140387908,0.7071067811865447,-0.7071067811865476,-0.3622928631181465
2025-09-29,Distillate,121559.0,-2018.0,4346.0,729.0,92.4,-0.7410356329108316,2.007406311369957,0.5545463458942954,0.7071067811865447,0.7071067811865475,1.487666846885593
2025-10-06,Distillate,117030.0,-4529.0,4233.0,-113.0,85.7,-1.670718210549364,-0.3115525817574085,-0.8057474975375866,0.7071067811865498,0.7071067811865476,1.4339836493865532
2025-10-13,Distillate,115551.0,-1479.0,3847.0,-386.0,88.6,-0.5414741397419073,-1.0634240518568987,-0.2169635951566247,0.7071067811865488,0.7071067811865474,0.051942452238584055
2025-10-20,Distillate,112189.0,-3362.0,3580.0,-267.0,86.6,-1.2386435119813963,-0.7356852059160953,-0.623021458867634,-0.7071067811865476,0.7071067811865476,0.8613886307828876
2025-10-27,Distillate,111546.0,-643.0,3710.0,130.0,86.0,-0.2319501911533715,0.3576956498696102,-0.7448388179809358,-0.707106781186548,-0.7071067811865476,0.43232471490347224
2025-11-03,Distillate,110909.0,-637.0,4018.0,308.0,89.4,-0.2297287274075208,0.8479268648062742,-0.05454044967221862,0.7071067811865476,-0.7071067811865476,0.577813162431947
2025-11-10,Distillate,111080.0,171.0,3882.0,-136.0,90.0,0.06942839036704486,-0.37489706458630334,0.06727690944108304,0.7071067811865437,-0.7071067811865476,-0.22332270234628704
2025-11-17,Distillate,112227.0,1147.0,3362.0,-520.0,92.3,0.4307864930254311,-1.432474517033938,0.5342434527087433,0.7071067811865472,-0.7071067811865477,-1.0351940632753263
2023-11-27,Propane,96967.0,-1771.0,,,,-0.7309773504706165,0.0,0.0,-0.5875929712425543,-1.0951145507491356,0.6739647798335384
2023-12-04,Propane,95925.0,-1042.0,,,,-0.3933431981048629,0.0,0.0,0.7071067811865476,-0.2154914849152882,0.35821490137509654
2023-12-11,Propane,93730.0,-2195.0,,,,-0.9273516722855404,0.0,0.0,0.7071067811865452,0.7071067811865476,0.8382368872427645
2023-12-18,Propane,84684.0,-9046.0,,,,-4.100371669346965,0.0,0.0,0.7071067811865482,0.7071067811865476,3.6972548401866443
2023-12-25,Propane,82647.0,-2037.0,,,,-0.8541744485903565,0.0,0.0,-0.7071067811865476,0.7071067811865481,0.7837051480261203
2024-01-01,Propane,79063.0,-3584.0,,,,-1.5706628350235814,0.0,0.0,0.7071067811865475,-0.7071067811865475,1.4196349917579507
2024-01-08,Propane,76311.0,-2752.0,,,,-1.1853245431603343,0.0,0.0,-0.7071067811865476,-0.7071067811865474,1.083833642223955
2024-01-15,Propane,67912.0,-8399.0,,,,-3.800715569785041,0.0,0.0,-0.7071067811865472,-0.7071067811865428,3.440405585046038
2024-01-22,Propane,62595.0,-5317.0,,,,-2.3732965607435417,0.0,0.0,0.7071067811865472,0.7071067811865475,2.1410910762795172
2024-01-29,Propane,60577.0,-2018.0,,,,-0.8453746558675179,0.0,0.0,0.7071067811865482,0.7071067811865469,0.7643723159873176
2024-02-05,Propane,56900.0,-3677.0,,,,-1.613735504666949,0.0,0.0,0.7071067811865452,0.7071067811865474,1.4566961787714217
2024-02-12,Propane,54613.0,-2287.0,,,,-0.9699611949434956,0.0,0.0,0.7071067811865472,0.7071067811865474,0.8766297717371211
2024-02-19,Propane,51181.0,-3432.0,,,,-1.5002644932408729,0.0,0.0,0.7071067811865475,-0.7071067811865476,1.3562032695498834
2024-02-26,Propane,51177.0,-4.0,,,,0.08740337275337072,0.0,0.0,-0.7071067811865485,0.7071067811865476,-0.0646941365067808
2024-03-04,Propane,51855.0,678.0,,,,0.4032696168047342,0.0,0.0,-0.7071067811865476,-0.7071067811865474,-0.34755324707651297
2024-03-11,Propane,52207.0,352.0,,,,0.2522836995602408,0.0,0.0,0.7071067811865476,0.7071067811865476,-0.22466177370425924
2024-03-18,Propane,52164.0,-43.0,,,,0.06934064032228102,0.0,0.0,-0.7071067811865452,-0.7071067811865475,-0.04666988055008808
2024-03-25,Propane,51810.0,-354.0,,,,-0.07469807214102404,0.0,0.0,-0.7071067811865485,0.7071067811865474,0.08136575015653226
2024-04-01,Propane,51705.0,-105.0,,,,0.04062552722670251,0.0,0.0,0.707106781186543,-0.7071067811865476,-0.032200281675381165
2024-04-08,Propane,55694.0,3989.0,,,,1.9367492855057087,0.0,0.0,0.7071067811865475,0.7071067811865475,-1.7424326531170293
2024-04-15,Propane,56675.0,981.0,,,,0.5436031533847389,0.0,0.0,-0.7071067811865451,0.7071067811865475,-0.47574838897353333
2024-04-22,Propane,56922.0,247.0,,,,0.20365326609192239,0.0,0.0,-0.7071067811865515,-0.7071067811865468,-0.16769092949969028
2024-04-29,Propane,59092.0,2170.0,,,,1.0942849190402686,0.0,0.0,-0.7071067811865476,-0.7071067811865476,-0.9701856782241219
2024-05-06,Propane,61967.0,2875.0,,,,1.4208035437561208,0.0,0.0,0.7071067811865476,0.7071067811865474,-1.2775448995657988
2024-05-13,Propane,64215.0,2248.0,,,,1.130410383902448,0.0,0.0,-0.7071067811864248,0.7071067811865477,-1.0044851786947275
2024-05-20,Propane,66288.0,2073.0,,,,1.0493596614552505,0.0,0.0,0.7071067811865538,0.7071067811865474,-0.9428591021258644
2024-05-27,Propane,68830.0,2542.0,,,,1.2665755976137396,0.0,0.0,0.7071067811865476,-0.7071067811865477,-1.1368303388119232
2024-06-03,Propane,69808.0,978.0,,,,0.5422137124285012,0.0,0.0,0.7071067811865253,-0.7071067811865476,-0.48415130240786125
2024-06-10,Propane,71443.0,1635.0,,,,0.8465012818445508,0.0,0.0,0.7071067811865346,-0.7071067811865476,-0.7583265753729946
2024-06-17,Propane,73535.0,2092.0,,,,1.0581594541780892,0.0,0.0,0.7071067811865596,-0.7071067811865477,-0.9490390559590922
2024-06-24,Propane,75836.0,2301.0,,,,1.1549571741293134,0.0,0.0,0.7071067811865455,-0.7071067811865476,-1.0362576739951845
2024-07-01,Propane,77987.0,2151.0,,,,1.0854851263174299,0.0,0.0,0.7071067811865475,-0.7071067811865479,-0.9736605797109077
2024-07-08,Propane,82614.0,4627.0,,,,2.23223706219892,0.0,0.0,0.7071067811865431,-0.7071067811865465,-2.0069299493633737
2024-07-15,Propane,84460.0,1846.0,,,,0.9442252957666002,0.0,0.0,0.7071067811865419,-0.707106781186557,-0.8463798213328777
2024-07-22,Propane,87394.0,2934.0,,,,1.4481292158954617,0.0,0.0,-0.7071067811865664,0.7071067811865482,-1.29076255655482
2024-07-29,Propane,87909.0,515.0,,,,0.3277766581824875,0.0,0.0,0.7071067811865414,-0.7071067811865476,-0.2909349380503929
2024-08-05,Propane,90082.0,2173.0,,,,1.0956743599965062,0.0,0.0,-0.7071067811865737,0.7071067811865465,-0.9731866315525879
2024-08-12,Propane,92078.0,1996.0,,,,1.0136973435784837,0.0,0.0,0.7071067811865422,0.7071067811865483,-0.9107259270599355
2024-08-19,Propane,93069.0,991.0,,,,0.5482346232388644,0.0,0.0,0.7071067811865476,0.7071067811865476,-0.4913253953552794
2024-08-26,Propane,95690.0,2621.0,,,,1.3031642094613314,0.0,0.0,-0.7071067811865959,-0.7071067811865426,-1.1583942750388474
2024-09-02,Propane,96817.0,1127.0,,,,0.6112226132549721,0.0,0.0,0.7071067811865556,0.707106781186547,-0.548080094173024
2024-09-09,Propane,99107.0,2290.0,,,,1.1498625572897754,0.0,0.0,-0.7071067811865508,0.7071067811865476,-1.022012365094324
2024-09-16,Propane,97560.0,-1547.0,,,,-0.6272324257382038,0.0,0.0,-0.7071067811868252,-0.7071067811865477,0.580970318140265
2024-09-23,Propane,97823.0,263.0,,,,0.2110636178585233,0.0,0.0,-0.7071067811865561,0.7071067811865471,-0.17611696433279384
2024-09-30,Propane,99769.0,1946.0,,,,0.9905399943078559,0.0,0.0,-0.7071067811865557,-0.7071067811865476,-0.8767073507596014
2024-10-07,Propane,103135.0,3366.0,,,,1.648208713593686,0.0,0.0,-0.7071067811865406,-0.7071067811865476,-1.4692931766507573
2024-10-14,Propane,101766.0,-1369.0,,,,-0.5447922623347687,0.0,0.0,-0.7071067811865436,-0.7071067811865476,0.5066884329229207
2024-10-21,Propane,101530.0,-236.0,,,,-0.020046727862342382,0.0,0.0,0.7071067811865476,-0.7071067811865474,0.022467847332887397
2024-10-28,Propane,100509.0,-1021.0,,,,-0.3836171114111992,0.0,0.0,0.7071067811865459,0.7071067811865474,0.3483102959778231
2024-11-04,Propane,98368.0,-2141.0,,,,-0.9023417350732624,0.0,0.0,-0.7071067811865476,0.7071067811865474,0.8271058000632192
2024-11-11,Propane,97705.0,-663.0,,,,-0.217810490633504,0.0,0.0,-0.7071067811865589,0.7071067811865476,0.21031576438214303
2024-11-18,Propane,96694.0,-1011.0,,,,-0.37898564155707365,0.0,0.0,-0.707106781186548,0.707106781186547,0.35554102312166563
2024-11-25,Propane,96032.0,-662.0,,,,-0.21734734364809144,0.0,0.0,-0.5670466331348426,0.8646425802266522,0.2085742097028945
2024-12-02,Propane,93053.0,-2979.0,,,,-1.2904589088489846,0.0,0.0,-0.7071067811865476,1.0901777069960306,1.1763411418175982
2024-12-09,Propane,90099.0,-2954.0,,,,-1.2788802342136707,0.0,0.0,-0.7071067811865481,-0.7071067811865475,1.1681310625267813
2024-12-16,Propane,85595.0,-4504.0,,,,-1.9967580616031333,0.0,0.0,-0.7071067811865474,-0.7071067811865477,1.8149677034643106
2024-12-23,Propane,85043.0,-552.0,,,,-0.16640117525271023,0.0,0.0,0.7071067811865476,-0.7071067811865474,0.15433905929176434
2024-12-30,Propane,82588.0,-2455.0,,,,-1.047769888492805,0.0,0.0,-0.7071067811865475,0.7071067811865475,0.9581423840983057
2025-01-06,Propane,77851.0,-4737.0,,,,-2.104671309204259,0.0,0.0,0.7071067811865476,0.7071067811865475,1.8990489783803124
2025-01-13,Propane,74135.0,-3716.0,,,,-1.6317982370980388,0.0,0.0,0.7071067811865476,0.7071067811865491,1.4729714232853337
2025-01-20,Propane,66249.0,-7886.0,,,,-3.5631211662683993,0.0,0.0,-0.7071067811865477,-0.7071067811865476,3.22632352259381
2025-01-27,Propane,61429.0,-4820.0,,,,-2.143112508993501,0.0,0.0,-0.7071067811865474,-0.7071067811865478,1.9468389154231875
2025-02-03,Propane,58858.0,-2571.0,,,,-1.1014949388006616,0.0,0.0,-0.7071067811865482,-0.7071067811865476,1.0082998151209273
2025-02-10,Propane,55268.0,-3590.0,,,,-1.5734417169360566,0.0,0.0,-0.7071067811865476,-0.7071067811865476,1.4335427422921159
2025-02-17,Propane,51546.0,-3722.0,,,,-1.634577119010514,0.0,0.0,-0.7071067811865476,0.7071067811865476,1.486879173819499
2025-02-24,Propane,48654.0,-2892.0,,,,-1.2501651211180922,0.0,0.0,0.7071067811865472,-0.7071067811865476,1.1308537301264858
2025-03-03,Propane,45259.0,-3395.0,,,,-1.4831280547806083,0.0,0.0,0.7071067811865476,0.7071067811865476,1.3390136415169809
2025-03-10,Propane,43349.0,-1910.0,,,,-0.7953547814429618,0.0,0.0,-0.7071067811865476,-0.7071067811865474,0.7324552863082132
2025-03-17,Propane,43159.0,-190.0,,,,0.0012580334666352166,0.0,0.0,0.7071067811865482,0.7071067811865475,0.001522393642928388
2025-03-24,Propane,44141.0,982.0,,,,0.5440663003701515,0.0,0.0,0.7071067811865471,-0.7071067811865477,-0.4858205582554421
2025-03-31,Propane,45651.0,1510.0,,,,0.7886079086679812,0.0,0.0,-0.7071067811865489,0.7071067811865476,-0.6965074748160837
2025-04-07,Propane,44367.0,-1284.0,,,,-0.5054247685747015,0.0,0.0,-0.7071067811865475,-0.7071067811865475,0.47121674616183046
2025-04-14,Propane,46630.0,2263.0,,,,1.1373575886836362,0.0,0.0,0.7071067811865482,-0.7071067811865475,-1.0203997434431678
2025-04-21,Propane,47206.0,576.0,,,,0.3560286242926535,0.0,0.0,0.7071067811865461,0.7071067811865478,-0.3181401011687796
2025-04-28,Propane,48176.0,970.0,,,,0.5385085365452008,0.0,0.0,0.7071067811865476,0.7071067811865476,-0.4825618021554807
2025-05-05,Propane,50424.0,2248.0,,,,1.130410383902448,0.0,0.0,-0.7071067811865476,-0.7071067811865476,-1.0027361672519457
2025-05-12,Propane,53099.0,2675.0,,,,1.3281741466736094,0.0,0.0,0.7071067811865884,-0.7071067811865475,-1.1923330957439822
2025-05-19,Propane,55099.0,2000.0,,,,1.015549931520134,0.0,0.0,-0.7071067811865455,-0.7071067811865476,-0.8992423047019412
2025-05-26,Propane,61943.0,6844.0,,,,3.2590339288585572,0.0,0.0,-0.7071067811865476,0.7071067811865475,-2.9224601475649745
2025-06-02,Propane,65986.0,4043.0,,,,1.9617592227179868,0.0,0.0,-0.707106781186555,0.7071067811865476,-1.7535637402965747
2025-06-09,Propane,67523.0,1537.0,,,,0.8011128772741203,0.0,0.0,-0.7071067811865518,0.7071067811865476,-0.7077749517872535
2025-06-16,Propane,72615.0,5092.0,,,,2.4476004104157583,0.0,0.0,-0.7071067811865435,0.7071067811865475,-2.1913260863246187
2025-06-23,Propane,75651.0,3036.0,,,,1.4953702084075424,0.0,0.0,-0.7071067811865482,0.7071067811865476,-1.3333285806681285
2025-06-30,Propane,78385.0,2734.0,,,,1.3554998188129503,0.0,0.0,-0.7071067811865475,0.7071067811865474,-1.207299764175784
2025-07-07,Propane,82849.0,4464.0,,,,2.156744103576673,0.0,0.0,-0.7071067811865489,0.7071067811865478,-1.9292529182544456
2025-07-14,Propane,82327.0,-522.0,,,,-0.15250676569033353,0.0,0.0,-0.7071067811865493,0.7071067811865444,0.15147449575492253
2025-07-21,Propane,83477.0,1150.0,,,,0.6218749939194609,0.0,0.0,0.7071067811865412,-0.7071067811865474,-0.5559293038538323
2025-07-28,Propane,84739.0,1262.0,,,,0.6737474562856672,0.0,0.0,-0.7071067811865496,0.7071067811865476,-0.593013612266079
2025-08-04,Propane,88612.0,3873.0,,,,1.8830242351978521,0.0,0.0,0.7071067811865388,-0.7071067811865479,-1.6922752220944077
2025-08-11,Propane,91242.0,2630.0,,,,1.3073325323300444,0.0,0.0,-0.7071067811865492,-0.7071067811865472,-1.1621501006959045
2025-08-18,Propane,92972.0,1730.0,,,,0.8905002454587436,0.0,0.0,-0.7071067811865476,-0.7071067811865476,-0.7865675349902425
2025-08-25,Propane,96128.0,3156.0,,,,1.5509478466570492,0.0,0.0,0.7071067811865314,0.7071067811865492,-1.3948101228583443
2025-09-01,Propane,97634.0,1506.0,,,,0.786755320726331,0.0,0.0,-0.7071067811865448,-0.7071067811865477,-0.6930892075257222
2025-09-08,Propane,98931.0,1297.0,,,,0.6899576007751067,0.0,0.0,0.7071067811865465,-0.7071067811865476,-0.6172744562524238
2025-09-15,Propane,99918.0,987.0,,,,0.5463820352972142,0.0,0.0,0.707106781186455,0.7071067811865475,-0.48965613950769793
2025-09-22,Propane,103376.0,3458.0,,,,1.6908182362516413,0.0,0.0,0.7071067811865447,-0.7071067811865476,-1.5190899279079082
2025-09-29,Propane,100501.0,-2875.0,,,,-1.2422916223660787,0.0,0.0,0.7071067811865447,0.7071067811865475,1.122010381331487
2025-10-06,Propane,102376.0,1875.0,,,,0.9576565583435643,0.0,0.0,0.7071067811865498,0.7071067811865476,-0.8602309376706188
2025-10-13,Propane,103175.0,799.0,,,,0.45931040203965356,0.0,0.0,0.7071067811865488,0.7071067811865474,-0.4112011146714048
2025-10-20,Propane,105681.0,2506.0,,,,1.2499023061388874,0.0,0.0,-0.7071067811865476,0.7071067811865476,-1.112152180863683
2025-10-27,Propane,106094.0,413.0,,,,0.2805356656704068,0.0,0.0,-0.707106781186548,-0.7071067811865476,-0.2369650471742902
2025-11-03,Propane,105403.0,-691.0,,,,-0.23077860622505555,0.0,0.0,0.7071067811865476,-0.7071067811865476,0.21234569999519437
2025-11-10,Propane,105361.0,-42.0,,,,0.06980378730769357,0.0,0.0,0.7071067811865437,-0.7071067811865476,-0.05849106127477752
2025-11-17,Propane,104233.0,-1128.0,,,,-0.4331738388503427,0.0,0.0,0.7071067811865472,-0.7071067811865477,0.39471190134338807
